titleKey,title,year,type,status,traktId,imdbId,tmdbId,myRating,ratedAt,plays,lastWatchedAt,airedEpisodes,completionStatus,favorite,watchlistedAt,citedBy,genres,overview,keywords,originalLanguage,tmdbVoteAverage,tmdbVoteCount,tmdbPopularity,similarToIds,recommendedIds,similarToTitles,topCast,releaseDate,runtime,creator,belongsToCollection,tmdbStatus,numberOfSeasons,numberOfEpisodes,tmdbFetchedAt,rottenTomatoes,metacritic,omdbImdbRating,omdbImdbVotes,oscarWins,oscarNominations,emmyWins,emmyNominations,totalAwardWins,totalAwardNominations,awardsRaw,omdbFetchedAt,excludedFromRecommendations,exclusionReasonCode,exclusionReasonLabel,predictedScore,confidenceScore,popularityScore,audienceScoreComputed,awardsScoreComputed,reason
show:64464,11.22.63,2016,show,Watched,102771,tt2879552,64464,8,2016-04-04T00:00:00.000Z,8,1970-01-01T00:00:00.000Z,8,caught-up,false,,,Drama; Sci-Fi & Fantasy,"An English teacher travels back in time to prevent the Kennedy assassination, but discovers he is attached to the life he has made in a bygone era.",assassination; lovesickness; based on novel or book; time travel; murder; miniseries; alternate history; john f. kennedy assassination; mysterious,en,7.76,1785,14.8007,124518; 124540; 124546; 92154; 124578; 124583; 124585; 124586; 124587; 124595; 124800; 238380; 274555; 799; 873; 886; 887; 896; 918; 1023,245219; 155533; 222766; 245927; 241372; 220801; 70485; 213306; 223313; 129552; 67683; 80213; 61859; 248416; 253372; 244243; 262352; 108181; 147050; 259731,More than Blue: The Series; The Imperial Coroner; Love & Death; Sherlock Holmes; Columbo,James Franco; Sarah Gadon; Chris Cooper; Daniel Webber; Lucy Fry,2016-02-15,81,,,Ended,1,8,2026-08-21,,,8,119603,0,0,0,1,2,12,Nominated for 1 Primetime Emmy. 2 wins & 12 nominations total,2026-08-21,false,,,59,80,73,,24,"Similar to Paradise, which you loved."
show:118357,1883,2021,show,Watched,173337,tt13991232,118357,9,2022-02-27T00:00:00.000Z,10,1970-01-01T00:00:00.000Z,10,caught-up,false,,,Drama; Western,"Follow the Dutton family as they embark on a journey west through the Great Plains toward the last bastion of untamed America. A stark retelling of Western expansion, and an intense study of one family fleeing poverty to seek a better future in America’s promised land — Montana.",texas; frontier; miniseries; family drama; historical; convoy; wild west; indian attack; civil war veteran; wagon; journey; pinkertons; 19th century; oregon trail; riveting,en,8.287,996,21.1324,980; 92090; 124518; 124578; 124595; 92135; 124800; 124817; 814; 877; 886; 887; 913; 947; 1042; 1018; 1062; 59149; 59157; 59215,41692; 240993; 62732; 73586; 2562; 1401; 157744; 215866; 1406; 201877; 5742; 157732; 138971; 73467; 243396; 122235; 99346; 204999; 124800; 43901,Trackdown; Blade of the Immortal; More than Blue: The Series; The Imperial Coroner; Rise of the Great Wall,Sam Elliott; Tim McGraw; Faith Hill; Isabel May; LaMonica Garrett,2021-12-19,,Taylor Sheridan,,Ended,1,10,2026-08-21,,69,8.6,161362,0,0,0,3,6,18,Nominated for 3 Primetime Emmys. 6 wins & 18 nominations total,2026-08-21,false,,,97,90,67,69,54,You've loved 6 titles from creator Taylor Sheridan before.
show:90669,1899,2022,show,Watched,163643,tt9319668,90669,8,2022-11-17T00:00:00.000Z,8,1970-01-01T00:00:00.000Z,8,caught-up,false,,,Mystery; Drama,"When mysterious events change the course of an immigrant ship headed for New York in 1899, a mind-bending riddle unfolds for its bewildered passengers.",sea; immigration; atlantic ocean; ship; dystopia; bermuda triangle; triangle; mind game; 19th century; psychological; new encounter; old continent; thriller; adventure,de,7.454,1576,8.6868,61459; 208146; 2306; 240151; 276389; 61408; 61421; 61422; 61555; 126520; 30280; 30381; 30427; 94028; 126698; 61289; 61374; 305329; 94413; 276671,283297; 65708; 4607; 86941; 39358; 88055; 1407; 262352; 47665; 130464; 207713; 133813; 215522; 71769; 1405; 121710; 43020; 249695; 93784; 70523,Parasyte -the maxim-; 180 Degree Longitude Passes Through Us; The Missing; RIPLEY; Lost,Emily Beecham; Andreas Pietschmann; Aneurin Barnard; Isabella Wei; Maciej Musiał,2022-11-17,,Jantje Friese,,Canceled,1,8,2026-08-21,,68,7.3,121809,0,0,0,0,1,5,1 win & 5 nominations total,2026-08-21,false,,,65,95,71,68,7,"Similar to Lost and Homeland, which you loved."
movie:530915,1917,2019,movie,Watched,382862,tt8579674,530915,8,2019-12-25T00:00:00.000Z,1,2019-12-25T00:00:00.000Z,,,false,,,War; Drama; History,"At the height of the First World War, two young British soldiers must cross enemy territory and deliver a message that will stop a deadly attack on hundreds of soldiers.",race against time; world war i; british army; survival; soldier; period drama; real time; trenches; 1910s; trench warfare; no man's land; intense; horrified; war epic,en,7.984,13787,12.9328,2302; 2320; 1565913; 2378; 625464; 2841; 1008409; 1387954; 3097; 1565841; 2470; 444660; 3010; 2567; 3060; 623312; 423; 424; 453; 457,981063; 43418; 9664; 383585; 14433; 13210; 489245; 508664; 531876; 291851; 197; 13813; 9665; 228150; 8741; 1419826; 506863; 316152; 647063; 256917,The Aviator; A Beautiful Mind; The Yellow Birds; The Kill Team; The Outpost,George MacKay; Dean-Charles Chapman; Mark Strong; Andrew Scott; Richard Madden,2019-12-25,119,Sam Mendes,,,,,2026-08-21,88,78,8.2,769457,3,0,0,0,137,202,Won 3 Oscars. 137 wins & 202 nominations total,2026-08-21,false,,,62,100,92,83,100,You've loved 1 title with Mark Strong before.
show:157744,1923,2022,show,Watched,193499,tt18335752,157744,8,2025-04-06T00:00:00.000Z,15,1970-01-01T00:00:00.000Z,15,caught-up,false,,,Drama; Western,"Follow a new generation of the Dutton family during the early twentieth century when pandemics, historic drought, the end of Prohibition and the Great Depression all plague the mountain west, and the Duttons who call it home.",africa; montana; sequel; prequel; range war; cattle ranch; yellowstone; 1920s; big game hunter; 20th century; gritty; western; indian residential school system,en,8.26,824,32.4553,277445; 240940; 2953; 63114; 128098; 128113; 128008; 3188; 3349; 123517; 314; 28577; 123598; 303124; 28527; 91909; 124394; 661; 206061; 29063,73586; 215866; 1406; 240993; 41692; 118357; 2562; 122235; 43901; 299167; 5742; 1401; 243396; 113985; 138971; 73467; 157732; 89498; 201877; 99346,Power: Origins; Kaj Munk; Power Book III: Raising Kanan; The Jazz Age; Yellowstone,Helen Mirren; Harrison Ford; Brandon Sklenar; Julia Schlaepfer; Jerome Flynn,2022-12-18,,Taylor Sheridan,,Ended,2,15,2026-08-21,,71,8.3,98919,0,0,0,2,7,29,Nominated for 2 Primetime Emmys. 7 wins & 29 nominations total,2026-08-21,false,,,100,90,65,71,59,You've loved 6 titles from creator Taylor Sheridan before.
movie:1100988,28 Years Later,2025,movie,Watched,885672,tt10548174,1100988,7,2026-08-21T14:25:00.000Z,1,2025-06-19T00:00:00.000Z,,,false,,,Horror; Thriller; Science Fiction,"Twenty-eight years after the Rage virus outbreak, a heavily-defended island survives connected to the mainland by a single causeway. When one of the group leaves the island into the dark heart of the mainland, he discovers secrets, wonders, and horrors that have mutated not only the infected but other survivors as well.",england; satanism; cult; sequel; survival; zombie; survival horror; satanic cult; zombie apocalypse; northumberland; absurd; violence; bold; compassionate; ghoulish,en,6.605,2838,26.8362,263416; 1195363; 1009640; 4233; 4437; 263619; 4234; 1567021; 4337; 445732; 4723; 445771; 445710; 4772; 445874; 4889; 46168; 46172; 296430; 46429,1562; 1141182; 11683; 1320330; 316727; 375366; 123105; 34480; 1051896; 808396; 11880; 13186; 514847; 294254; 20504; 30694; 338676; 5876; 214; 10331,The Mitchells vs. the Mitchells,Aaron Taylor-Johnson; Alfie Williams; Ralph Fiennes; Jodie Comer; Jack O'Connell,2025-06-18,115,Danny Boyle,28 Days/Weeks/Years Later Collection,,,,2026-08-21,88,77,6.6,209527,0,0,0,0,6,63,Nominated for 1 BAFTA Award. 6 wins & 63 nominations total,2026-08-21,false,,,46,95,77,83,75,Fits your taste for Horror / Thriller.
show:108545,3 Body Problem,2024,show,Watched,169972,tt13016388,108545,8,2024-03-21T00:00:00.000Z,8,1970-01-01T00:00:00.000Z,8,caught-up,false,,,Sci-Fi & Fantasy; Mystery; Drama,"Across continents and decades, five brilliant friends make earth-shattering discoveries as the laws of science unravel and an existential threat emerges.",china; based on novel or book; scientist; alien invasion; alien contact; signal; 1960s; thoughtful; alien civilization; imaginative; anxious; inspirational; cerebral; secret; thriller,en,7.492,1617,22.7224,19; 164; 28159; 123443; 302921; 302951; 122; 136; 253; 28140; 28208; 28315; 28330; 28196; 28293; 273274; 273410; 303124; 57979; 205272,86374; 1705; 156640; 34967; 83135; 157239; 127235; 424; 82001; 247721; 42009; 21494; 1639; 112581; 69061; 253372; 48866; 196322; 93784; 47640,Planet of the Apes; Romance; Kareinaru ichizoku; 999 Days of Begging; The Leftovers,Jovan Adepo; Rosalind Chao; Liam Cunningham; Eiza González; Jess Hong,2024-03-21,,David Benioff,,Returning Series,1,8,2026-08-21,,70,7.5,177200,0,0,0,6,2,38,Nominated for 6 Primetime Emmys. 2 wins & 38 nominations total,2026-08-21,false,,,67,95,72,70,90,"Similar to Black Mirror and Dark Matter, which you loved."
show:4608,30 Rock,2006,show,Watched,4584,tt0496424,4608,6,2026-07-29T01:21:12.000Z,138,2013-02-01T01:21:00.000Z,138,caught-up,false,,,Comedy,"Liz Lemon, the head writer for a late-night TV variety show in New York, tries to juggle all the egos around her while chasing her own dream.",new york city; writing; parody; female protagonist; writer; sketch comedy; employer employee relationship; sitcom; lighthearted; joyful,en,7.487,837,40.6994,2898; 2903; 2904; 2905; 277315; 2947; 2980; 2987; 241373; 277415; 241356; 2996; 95170; 95182; 95203; 95213; 94951; 240932; 2635; 2647,2962; 1400; 110; 2132; 4454; 39340; 4277; 2316; 2352; 971; 4576; 1964; 2548; 31841; 2730; 75; 634; 32294; 32843; 39331,Small Wonder; Cafe Americain; The Ropers; Ha Ha Maker; Veep,Tina Fey; Alec Baldwin; Tracy Morgan; Jane Krakowski; Jack McBrayer,2006-10-11,22,Tina Fey,,Ended,7,138,2026-08-21,,73,8.3,137477,0,0,16,0,101,368,Won 16 Primetime Emmys. 101 wins & 368 nominations total,2026-08-21,false,,,56,90,65,73,100,"Similar to Seinfeld and The Office, which you loved."
movie:1271,300,2007,movie,Watched,884,tt0416449,1271,8,2026-08-21T15:21:39.000Z,1,2007-03-07T00:00:00.000Z,,,false,,,Action; Adventure; War,"A story very loosely based the 480 B.C. Battle of Thermopylae, where the King of Sparta led his army against the advancing Persians.",army; narration; gore; based on true story; based on comic; sword fight; massacre; ancient world; based on graphic novel; ancient greece; warrior; ancient warfare; sparta greece; 5th century bc; extreme violence,en,7.208,14989,15.9792,441002; 413594; 413658; 414001; 416513; 987400; 987507; 988595; 1740732; 1741433; 1370724; 1742570; 1370870; 1371855; 424488; 440008; 440010; 440013; 982202; 440626,53182; 184315; 1966; 9387; 1251; 11358; 460465; 558449; 948713; 1257009; 21512; 639933; 8009; 11589; 1654; 931285; 161460; 791373; 489245; 2024,Gladiator II; The Kill Team,Gerard Butler; Lena Headey; Dominic West; David Wenham; Vincent Regan,2007-03-07,117,Zack Snyder,300 Collection,,,,2026-08-21,61,52,7.6,904962,0,0,0,0,19,57,19 wins & 57 nominations total,2026-08-21,false,,,64,100,93,57,95,You've loved 1 title with Dominic West before.
movie:661539,A Complete Unknown,2024,movie,Watched,495543,tt11563598,661539,7,2024-12-25T00:00:00.000Z,1,2024-12-25T00:00:00.000Z,,,false,,,Drama; Music,"New York, early 1960s. Against the backdrop of a vibrant music scene and tumultuous cultural upheaval, an enigmatic 19-year-old from Minnesota arrives in the West Village with his guitar and revolutionary talent, destined to change the course of American music.",new york city; based on novel or book; musician; biography; folk music; music history; singer-songwriter; greenwich village; 1960s; artistic risk; fictionalized history; electric guitar; acoustic folk,en,7.068,1527,14.4159,49225; 49249; 1429715; 49360; 1056928; 1057006; 853842; 49456; 49502; 49511; 1429912; 853888; 487058; 854024; 854030; 49622; 1233122; 486906; 49349; 49712,86829; 25566; 209451; 592863; 537116; 17332; 531033; 614934; 630566; 802219; 1230368; 206284; 998846; 158675; 541524; 817758; 458131; 32274; 719256; 1038263,Age of Consent; Kill Your Darlings; So Evil My Love; The Passion of Ayn Rand; The Café at the Edge of the World,Timothée Chalamet; Edward Norton; Elle Fanning; Monica Barbaro; Scoot McNairy,2024-12-25,141,James Mangold,,,,,2026-08-21,82,70,7.3,98546,0,8,0,0,26,129,Nominated for 8 Oscars. 26 wins & 129 nominations total,2026-08-21,false,,,51,95,71,76,100,You've loved 1 title with Timothée Chalamet before.
show:225120,A Man in Full,2024,show,Watched,204765,tt15845610,225120,8,2026-08-13T13:33:42.000Z,6,2024-05-02T07:49:00.000Z,6,caught-up,false,,,Drama,"Facing relentless foes and sudden bankruptcy, an Atlanta real estate tycoon must claw his way back to the top when his empire begins to crumble.",based on novel or book; miniseries; bankruptcy; real estate; business tycoon,en,6.247,97,6.1439,124518; 124540; 124546; 92154; 124578; 124583; 124585; 124586; 124587; 124595; 124800; 238380; 799; 886; 887; 896; 918; 1024; 59149; 28913,248416; 72002; 278624; 108181; 71715; 72787; 256711; 90399; 95556; 116799; 137893; 117821; 67384; 270734; 113984; 46441; 155533; 223313; 259453; 97539,More than Blue: The Series; The Imperial Coroner; Love & Death; Sherlock Holmes; Space Race,Jeff Daniels; Diane Lane; Tom Pelphrey; Aml Ameen; Chanté Adams,2024-05-02,,David E. Kelley,,Ended,1,6,2026-08-21,,51,6.5,15447,0,0,0,0,0,0,1 win total,2026-08-21,false,,,60,85,44,51,0,You've loved 3 titles from creator David E. Kelley before.
show:245312,A Man on the Inside,2024,show,Watched,223229,tt26670955,245312,10,2026-07-29T00:14:34.000Z,16,1970-01-01T00:00:00.000Z,16,caught-up,false,,,Comedy; Crime,A retired professor with a knack for snooping gets a new lease on life when a private investigator recruits him to go undercover and crack a case.,"spy; san francisco, california; amateur detective; parenthood; private investigator; retirement community; undercover operation; based on movie; sitcom; father daughter relationship; heartfelt; witty; elderly widower; retired professor",en,7.414,244,26.0804,2; 10; 97; 105; 106; 59; 33; 34; 111; 67; 71; 72; 73; 75; 88; 141; 154; 155; 162; 165,13266; 3253; 67117; 1849; 48891; 39357; 1530; 10118; 1260; 260471; 2586; 2016; 6515; 4589; 202304; 2187; 71771; 202101; 3497; 81144,All in Good Faith; The Drew Carey Show; Sex and the City; The Andy Griffith Show; The European Side,Ted Danson; Mary Elizabeth Ellis; Lilah Richcreek Estrada; Mary Steenburgen,2024-11-21,,Michael Schur,,Returning Series,2,16,2026-08-21,,74,7.6,42370,0,0,0,0,2,7,2 wins & 7 nominations total,2026-08-21,false,,,63,90,53,74,11,You've loved 2 titles from creator Michael Schur before.
movie:447332,A Quiet Place,2018,movie,Watched,293955,tt6644200,447332,4,2018-04-06T00:00:00.000Z,1,2018-04-06T00:00:00.000Z,,,false,,,Horror; Drama; Science Fiction,A family is forced to live in silence while hiding from creatures that hunt by sound.,pregnancy; fireworks; deaf; post-apocalyptic future; alien life-form; child in peril; creature; alien invasion; parenting; survival horror; alien monster; human vs alien; sign languages; hostile; anxious,en,7.395,15614,14.6388,69272; 506482; 319096; 73920; 73922; 1452846; 73761; 1453201; 1084199; 1084412; 73653; 325302; 518609; 82126; 699673; 81481; 1259735; 1460980; 1259835; 1460778,520763; 1051896; 527261; 985; 762441; 12122; 820609; 145135; 333371; 1196067; 9599; 1320330; 1140535; 805; 60935; 123105; 405774; 10331; 28942; 418078,Whitney; Bird Box,Emily Blunt; John Krasinski; Millicent Simmonds; Noah Jupe; Cade Woodward,2018-04-03,91,John Krasinski,A Quiet Place Collection,,,,2026-08-21,96,82,7.5,652123,0,1,0,0,38,129,Nominated for 1 Oscar. 38 wins & 129 nominations total,2026-08-21,false,,,61,100,94,89,100,You've loved 2 titles with Emily Blunt before.
movie:332562,A Star Is Born,2018,movie,Watched,213443,tt1517451,332562,10,2018-10-05T00:00:00.000Z,1,2018-10-05T00:00:00.000Z,,,false,,,Music; Drama; Romance,"Seasoned musician Jackson Maine discovers — and falls in love with — struggling artist Ally. She has just about given up on her dream to make it big as a singer — until Jack coaxes her into the spotlight. But even as Ally's career takes off, the personal side of their relationship is breaking down, as Jack fights an ongoing battle with his own internal demons.",concert; country music; waitress; pop star; self-destruction; show business; talent; addiction; alcoholism; celebrity; remake; aspiring singer; singer; fame; tinnitus,en,7.491,12337,9.5506,811208; 451; 464; 475; 476; 480; 499; 503; 509; 522; 525; 1563776; 546; 574; 1564007; 606; 616; 704; 705; 742,25196; 19610; 13763; 27804; 799766; 1677; 16323; 504608; 489928; 41003; 523607; 451; 3055; 15392; 14054; 17450; 1078600; 10537; 364733; 1011082,Fall; Leaving Las Vegas; As It Is in Heaven; Bonnie and Clyde; Drugstore Cowboy,Lady Gaga; Bradley Cooper; Sam Elliott; Andrew Dice Clay; Rafi Gavron,2018-10-03,136,Bradley Cooper,,,,,2026-08-21,90,88,7.6,445763,1,0,0,0,99,288,Won 1 Oscar. 99 wins & 288 nominations total,2026-08-21,false,,,71,100,91,89,100,You've loved 1 title from director Bradley Cooper before.
show:103992,A Teacher,2020,show,Watched,136021,tt10680614,103992,7,2020-12-29T00:00:00.000Z,10,1970-01-01T00:00:00.000Z,10,caught-up,false,,,Drama,"Claire Wilson, a young teacher at a suburban Texas high school, begins an affair with her student, Eric Walker. But their relationship accelerates faster than anticipated and the permanent damage becomes impossible to ignore.",texas; teacher student relationship; high school teacher; older woman younger man relationship; based on movie,en,7.152,401,14.8675,19; 167; 302986; 40; 51; 127; 303132; 433; 205516; 273642; 661; 789; 273941; 91586; 237508; 1259; 237982; 29301; 124578; 1337,125940; 227975; 240993; 199001; 262848; 12998; 61463; 217211; 31917; 96718; 138455; 244447; 223313; 269; 241372; 130842; 90399; 107365; 60626; 1396,Planet of the Apes; Black Scorpion; More than Blue: The Series; Ransom Canyon; My Life with the Walter Boys,Kate Mara; Nick Robinson,2020-11-10,,Hannah Fidell,,Ended,1,10,2026-08-21,,67,6.9,16872,0,0,0,0,1,5,1 win & 5 nominations total,2026-08-21,false,,,42,90,58,67,7,"Similar to Breaking Bad, which you loved."
show:71737,A.P. Bio,2018,show,Watched,119048,tt6461726,71737,8,2021-09-02T00:00:00.000Z,42,1970-01-01T00:00:00.000Z,42,caught-up,false,,,Comedy,"When disgraced Harvard philosophy scholar Jack Griffin loses out on his dream job, he is forced to return to Toledo, Ohio, and work as a high school Advanced Placement biology teacher.",classroom; high school; revenge; high school teacher; sitcom; biology teacher; playful; hilarious,en,6.865,196,10.8802,2898; 2904; 2905; 277315; 2987; 2996; 127750; 127751; 95182; 62474; 306231; 94951; 2635; 2647; 2652; 2656; 127549; 127712; 31184; 31243,58460; 2190; 74204; 85702; 65150; 135959; 33922; 112211; 1229; 709; 7317; 76747; 93292; 73126; 4415; 10420; 3948; 610; 2342; 1568,Small Wonder; Cafe Americain; The Ropers; Ha Ha Maker; Mesudarim,Glenn Howerton; Patton Oswalt; Paula Pell; Lyric Lewis; Mary Sohn,2018-02-01,22,Michael Patrick O'Brien,,Canceled,4,42,2026-08-21,,,7.4,21569,0,0,0,0,0,0,1 nomination total,2026-08-21,false,,,35,85,51,,0,You've loved 1 title with Glenn Howerton before.
show:125935,Abbott Elementary,2021,show,Watched,180675,tt14218830,125935,4,2026-07-29T00:23:53.000Z,92,2026-04-23T00:52:00.000Z,92,caught-up,false,,,Comedy,"In this workplace comedy, a group of dedicated, passionate teachers — and a slightly tone-deaf principal — are brought together in a Philadelphia public school where, despite the odds stacked against them, they are determined to help their students succeed in life. Though these incredible public servants may be outnumbered and underfunded, they love what they do — even if they don’t love the school district’s less-than-stellar attitude toward educating children.","philadelphia, pennsylvania; elementary school; school; mockumentary; public school; sitcom; thoughtful; workplace comedy; elementary school teacher; amused",en,7.5,323,43.0217,2898; 2904; 2905; 277315; 2947; 2987; 277438; 241356; 2996; 127735; 95067; 95182; 94951; 2635; 2647; 2652; 2656; 127549; 127712; 31184,2589; 2508; 2316; 456; 42382; 3497; 93825; 5221; 3814; 4345; 2490; 4575; 110; 4608; 115; 1835; 33056; 88378; 67117; 1600,Small Wonder; Cafe Americain; The Ropers; Ha Ha Maker; Veep,Quinta Brunson; Tyler James Williams; Sheryl Lee Ralph; Lisa Ann Walter; Chris Perfetti,2021-12-07,,Quinta Brunson,,Returning Series,6,93,2026-08-21,,83,8.2,49782,0,0,4,0,84,275,Won 4 Primetime Emmys. 84 wins & 275 nominations total,2026-08-21,false,,,51,90,56,83,100,"Similar to The Office, which you loved."
show:249042,Adolescence,2025,show,Watched,230892,tt31806037,249042,8,2025-03-13T00:00:00.000Z,4,1970-01-01T00:00:00.000Z,4,caught-up,false,,,Drama; Crime,"When a 13-year-old is accused of the murder of a classmate, his family, therapist and the detective in charge are all left asking: what really happened?",england; sexism; violence against women; patriarchy; bullying; murder; family relationships; miniseries; parenting; confrontation; insecurity; teenage boy; blunt; visceral; mental health,en,7.824,1710,14.4343,2908; 277316; 277387; 2942; 241372; 95302; 208923; 241363; 95272; 31331; 127735; 127865; 95041; 95210; 62421; 127948; 306352; 240942; 240975; 241092,211358; 87784; 72750; 2850; 66788; 113988; 31917; 2583; 84647; 135868; 158083; 62560; 225634; 243217; 286801; 1426; 39852; 123192; 213306; 100414,Cold Case Files: The Grim Sleeper; Ramona; 56 Days; Stalkers Who Kill; Sunset Song,,2025-03-13,,Stephen Graham,,Ended,1,4,2026-08-21,,91,8.1,301626,0,0,8,0,60,73,Won 8 Primetime Emmys. 60 wins & 73 nominations total,2026-08-21,false,,,65,95,72,91,100,"Similar to Mr. Robot, which you loved."
show:260458,Adults,2025,show,Watched,250203,tt33049767,260458,9,2026-08-14T23:34:58.000Z,9,2026-08-01T01:21:00.000Z,9,caught-up,false,,,Comedy,"A group of twenty-somethings in New York trying to be good people, despite being neither ""good"" nor ""people"" yet.",new york city; twenty something; housemates,en,6,70,30.1537,124610; 917; 1085; 1088; 59941; 29202; 1400; 29458; 1336; 125694; 1417; 1420; 93272; 93288; 60839; 1668; 1922; 1964; 2036; 61118,815; 138089; 243316; 1088; 71890; 61671; 84584; 2742; 203614; 261363; 71885; 85702; 2691; 4483; 745; 1795; 74321; 51345; 112211; 77485,Kate & Allie; Jack & Jill; Dream On; Seinfeld; Glee,Malik Elassal; Lucy Freyer; Jack Innanen; Amita Rao; Owen Thiele,2025-05-28,,Ben Kronengold,,Returning Series,2,17,2026-08-21,,65,7.4,6769,0,0,0,0,0,0,N/A,2026-08-21,false,,,59,85,41,65,0,You've loved 1 title from creator Ben Kronengold before.
show:114461,Ahsoka,2023,show,Watched,170559,tt13622776,114461,7,2023-10-03T00:00:00.000Z,8,1970-01-01T00:00:00.000Z,8,caught-up,false,,,Sci-Fi & Fantasy; Action & Adventure,Former Jedi Knight Ahsoka Tano investigates an emerging threat to a vulnerable galaxy.,sequel; spin off; space opera,en,7.406,1280,29.9144,95336; 2985; 208958; 62643; 3122; 63090; 3137; 95826; 128113; 3349; 253; 238; 203; 314; 424; 501; 91613; 237512; 205715; 655,82856; 92830; 114478; 1437; 83867; 115036; 106159; 71365; 2985; 226749; 5656; 196749; 98178; 84958; 125474; 68716; 80986; 2723; 74387; 128113,DC's Legends of Tomorrow; Babylon 5; Torchwood; Gen V; The Mandalorian,Rosario Dawson; Natasha Liu Bordizzo; Ivanna Sakhno; Ray Stevenson; Mary Elizabeth Winstead,2023-08-22,,Dave Filoni,,Returning Series,2,16,2026-08-21,,,7.4,138380,0,0,1,0,7,36,Won 1 Primetime Emmy. 7 wins & 36 nominations total,2026-08-21,false,,,72,95,69,,70,"Similar to The Mandalorian and Star Wars: Andor, which you loved."
movie:964980,Air,2023,movie,Watched,775413,tt16419074,964980,8,2023-04-05T00:00:00.000Z,1,2023-04-05T00:00:00.000Z,,,false,,,Drama; History,Discover the game-changing partnership between a then undiscovered Michael Jordan and Nike's fledgling basketball division which revolutionized the world of sports and culture with the Air Jordan brand.,sports; based on true story; basketball; shoe; national basketball association (nba); duringcreditsstinger; 1980s,en,7.278,2397,11.2233,69183; 315631; 1079810; 1250073; 510298; 510495; 510498; 510558; 510559; 876797; 74049; 318846; 73448; 73416; 73524; 73772; 876671; 73951; 1253773; 876871,58882; 7214; 719256; 13537; 1083612; 24747; 292011; 589612; 972433; 653851; 136797; 98548; 1143508; 62441; 760336; 649394; 522212; 16958; 458131; 1317149,Time to Spare; The Big Short; Just Mercy,Matt Damon; Jason Bateman; Ben Affleck; Chris Messina; Viola Davis,2023-04-05,112,Ben Affleck,,,,,2026-08-21,93,73,7.4,190839,0,0,0,0,5,48,5 wins & 48 nominations total,2026-08-21,false,,,72,95,75,83,58,You've loved 3 titles with Matt Damon before.
show:157239,Alien: Earth,2025,show,Watched,170689,tt13623632,157239,3,2026-07-29T00:13:15.000Z,8,2025-09-24T00:48:00.000Z,8,caught-up,false,,,Sci-Fi & Fantasy; Drama,"When the mysterious deep space research vessel USCSS Maginot crash-lands on Earth, Wendy and a ragtag group of tactical soldiers make a fateful discovery that puts them face-to-face with the planet's greatest threat.",transhumanism; based on movie; alien monster; alien parasites; 22nd century; spaceship crash; near future; aliens; human robot hybrid; horror; arrogant; brisk; hopeful,en,7.317,1115,24.9415,2925; 277453; 95057; 62687; 62688; 62798; 62823; 95736; 95767; 241554; 95696; 62913; 128098; 127955; 63175; 3411; 3235; 19; 91097; 167,51704; 127235; 86374; 21494; 52814; 118663; 34967; 63639; 433; 67198; 65820; 82001; 60948; 108545; 85723; 1972; 79130; 86550; 75893; 85949,Superman & Lois; Supergirl; Planet of the Apes; Invasion; War of the Worlds,Sydney Chandler; Alex Lawther; Essie Davis; Samuel Blenkin; Babou Ceesay,2025-08-12,,Noah Hawley,,Returning Series,1,8,2026-08-21,,85,7.1,103110,0,0,0,0,3,12,3 wins & 12 nominations total,2026-08-21,false,,,51,95,68,85,18,You've loved 1 title from creator Noah Hawley before.
show:246386,All Her Fault,2025,show,Watched,226034,tt31314751,246386,8,2026-08-13T13:33:07.000Z,8,2025-12-26T03:57:00.000Z,8,caught-up,false,,,Mystery; Crime,"In Chicago, Marissa Irvine arrives at 14 Arthur Avenue, expecting to pick up her young son Milo from his first playdate with a boy at his new school. But the woman who answers the door isn't a mother she recognizes. She isn't the nanny. She doesn't have Milo. And so begins every parent's worst nightmare.",based on novel or book; kidnapping; nanny; babysitter; investigation; miniseries; missing child; child kidnapping; working mom; anxious; thriller,en,8.078,309,10.9296,208883; 2928; 2929; 95341; 241372; 241194; 208906; 208932; 277439; 241275; 241279; 241257; 241363; 277488; 127651; 127865; 306207; 95041; 95210; 127948,6127; 248698; 4177; 241549; 226637; 130273; 254071; 66599; 61367; 62823; 74430; 790; 26725; 70389; 1432; 3876; 85586; 587; 76459; 120317,The Investigator; Time Bomb 9/11; Shantaram; 56 Days; Great Gift,Sarah Snook; Jake Lacy; Sophia Lillis; Michael Peña; Dakota Fanning,2025-11-07,,Megan Gallagher,,Ended,1,8,2026-08-21,,63,7.5,38760,0,0,0,0,2,9,2 wins & 9 nominations total,2026-08-21,false,,,49,90,56,63,13,You've loved 1 title with Sarah Snook before.
show:99966,All of Us Are Dead,2022,show,Watched,162001,tt14169960,99966,8,2022-01-28T00:00:00.000Z,12,1970-01-01T00:00:00.000Z,12,caught-up,false,,,Action & Adventure; Drama; Sci-Fi & Fantasy,A high school becomes ground zero for a zombie virus outbreak. Trapped students must fight their way out — or turn into one of the rabid infected.,high school; bullying; based on comic; survival; coming of age; apocalypse; zombie; virus; based on webcomic or webtoon; horror,ko,8.283,4447,24.5829,888; 889; 899; 904; 1042; 1043; 205988; 91516; 91540; 206118; 91613; 237565; 273908; 273966; 274111; 124073; 303552; 303645; 303701; 274359,1402; 158258; 61345; 96648; 138505; 113268; 194583; 62286; 94305; 88052; 205715; 200709; 219543; 63210; 136248; 136369; 233219; 208825; 71340; 235930,Lincoln Heights; Revolutionary Girl Utena; The Walking Dead; Z Nation; Gen V,Park Ji-hu; Yoon Chan-young; Cho Yi-hyun; Lomon; Yoo In-soo,2022-01-28,65,Chun Sung-il,,Returning Series,2,12,2026-08-21,,67,7.6,87687,0,0,0,0,0,0,2 nominations total,2026-08-21,false,,,47,95,81,67,0,Fits your taste for Drama.
show:89624,Almost Family,2019,show,Watched,147817,tt9165444,89624,7,2020-02-22T00:00:00.000Z,13,1970-01-01T00:00:00.000Z,13,caught-up,false,,,Drama,"An only child finds her life turned upside down when her father reveals that, over the course of his prize-winning career as a pioneering fertility doctor, he used his own sperm to conceive upwards of a hundred children, including two new sisters.",sibling relationship; sister; sibling; artificial insemination; half sister,en,7.288,40,7.1078,1042; 1274; 275277; 29746; 239137; 1981; 1906; 1859; 2102; 2041; 2045; 30381; 2147; 2204; 61418; 61496; 61427; 205487; 625; 269,269; 56296; 68421; 257994; 67136; 61986; 61496; 72844; 3750; 253321; 138455; 228528; 61463; 2204; 259702; 90399; 262848; 67198; 63913; 230225,Revolutionary Girl Utena; Six Feet Under; Shameless; Brotherhood; Orphan Black,Brittany Snow; Emily Osment; Megalyn Echikunwoke; Mustafa Elzein; Mo McRae,2019-10-02,43,Annie Weisman,,Canceled,1,13,2026-08-21,,38,6.4,2483,0,0,0,0,0,0,N/A,2026-08-21,false,,,40,80,36,38,0,You've loved 1 title with Brittany Snow before.
show:64513,American Crime Story,2016,show,Watched,93939,tt2788432,64513,8,2026-07-29T00:25:11.000Z,29,2021-11-10T04:14:00.000Z,29,caught-up,false,,,Crime; Drama,An anthology series centered around some of history's most famous criminal investigations.,police; based on true story; anthology; lawyer; criminal; crime investigation; curious; nervous; grim; criminal law; anxious; serious; dramatic; distressing; matter of fact,en,7.579,1074,27.3825,2913; 95341; 2997; 208921; 241259; 241361; 127674; 127814; 306189; 95210; 62458; 306213; 2651; 127896; 31325; 2973; 62620; 241480; 62688; 62641,202097; 46648; 96488; 40675; 60622; 32940; 93749; 116799; 239826; 39852; 4057; 2734; 1486; 125949; 67384; 82883; 218351; 10370; 92926; 287238,Shantaram; Rivals; Baby Reindeer; Too Much; The Rise of the Qin Empire,Sarah Paulson; Beanie Feldstein; Annaleigh Ashford; Margo Martindale; Edie Falco,2016-02-02,,Scott Alexander,,Ended,3,29,2026-08-21,,,8.4,102033,0,0,17,0,108,146,Won 17 Primetime Emmys. 108 wins & 146 nominations total,2026-08-21,false,,,86,95,68,,100,You've loved 1 title with Edie Falco before.
movie:1056360,American Fiction,2023,movie,Watched,849767,tt23561236,1056360,8,2023-12-15T00:00:00.000Z,1,2023-12-15T00:00:00.000Z,,,false,,,Comedy; Drama,"A novelist fed up with the establishment profiting from ""Black"" entertainment uses a pen name to write a book that propels him into the heart of hypocrisy and the madness he claims to disdain.","sibling relationship; boston, massachusetts; writing; race politics; dark comedy; satire; alzheimer's disease; dysfunctional family; pseudonym; family drama; lgbt; racial stereotype; dramedy; thoughtful; publishing",en,7.252,1407,6.7663,4944; 4960; 4995; 5001; 1567594; 4975; 1196154; 446101; 627065; 265090; 3529; 1388411; 3540; 1195275; 264420; 4327; 4347; 4370; 4373; 445571,10683; 8272; 51017; 376660; 239678; 65015; 114750; 583; 915523; 14771; 52109; 29461; 1239655; 736769; 59968; 32081; 10607; 877; 1382; 691422,Before Night Falls; Love Is the Devil: Study for a Portrait of Francis Bacon; Charlie's Angels; Game Night,Jeffrey Wright; John Ortiz; Erika Alexander; Leslie Uggams; Sterling K. Brown,2023-11-10,117,Cord Jefferson,,,,,2026-08-21,93,81,7.5,131163,1,0,0,0,64,174,Won 1 Oscar. 64 wins & 174 nominations total,2026-08-21,false,,,72,95,70,87,100,You've loved 1 title with Jeffrey Wright before.
show:127585,American Gigolo,2022,show,Watched,182167,tt4257262,127585,6,2026-08-13T13:33:18.000Z,8,2022-10-31T01:52:00.000Z,8,caught-up,false,,,Drama; Crime,"Julian Kaye has always been an object of desire, so much so that people are willing to destroy him in order to have him. Exonerated, after 15 years in prison for a murder he didn’t commit, he now faces the challenge of picking up the pieces as the detective who put him behind bars tries to unravel the mystery that led to his wrongful incarceration.","gigolo; los angeles, california; based on movie; wrongful conviction",en,6.825,80,4.5012,277316; 2925; 208925; 62687; 62823; 62927; 3159; 63174; 63175; 3411; 3381; 19; 167; 337; 480; 302986; 303124; 303132; 433; 509,44856; 67384; 156473; 239826; 100414; 130578; 64836; 287238; 153657; 119845; 280511; 2850; 10305; 138108; 85853; 278178; 203744; 248416; 10370; 213306,Cold Case Files: The Grim Sleeper; Planet of the Apes; Lou Grant; Wentworth; Goliath,Jon Bernthal; Gretchen Mol; Lizzie Brocheré; Gabriel LaBelle; Leland Orser,2022-09-11,60,David Hollander,,Canceled,1,8,2026-08-21,,49,6.9,7316,0,0,0,0,0,0,1 nomination total,2026-08-21,false,,,41,85,43,49,0,You've loved 4 titles with Jon Bernthal before.
show:1413,American Horror Story,2011,show,Watched,1404,tt1844624,1413,4,2026-08-13T13:30:48.000Z,132,2024-04-25T02:32:00.000Z,132,caught-up,false,,,Drama; Mystery; Sci-Fi & Fantasy,"An anthology horror drama series centering on different characters and locations, including a house with a murderous past, an asylum, a witch coven, a freak show, a hotel, a farmhouse in Roanoke, a cult, the apocalypse and a summer camp.",hotel; nun; asylum; presidential election; haunted house; carnival; school of witchcraft; summer camp; supernatural; cult; anti-christ; anthology; serial killer; apocalypse; slasher,en,8.1,6134,106.3952,61492; 207887; 61459; 61465; 207976; 61512; 61529; 2199; 2260; 2263; 208155; 2309; 240144; 240150; 94277; 94251; 61384; 61385; 61395; 61345,43358; 113036; 83659; 1386; 3470; 12832; 86686; 75191; 4346; 71116; 109958; 73987; 7143; 120462; 83135; 91977; 1622; 207863; 4340; 93784,Parasyte -the maxim-; Scent of Love; Revamp: The Undead Story; Fourever You; Woodpecker Detective's Office,Sarah Paulson,2011-10-05,,Ryan Murphy,,Returning Series,13,145,2026-08-21,,65,7.9,360721,0,0,17,0,132,413,Won 17 Primetime Emmys. 132 wins & 413 nominations total,2026-08-21,false,,,59,100,85,65,100,Titles you loved list this as similar or recommended (2 times).
show:215866,American Primeval,2025,show,Watched,200465,tt24069848,215866,8,2025-01-09T00:00:00.000Z,6,1970-01-01T00:00:00.000Z,6,caught-up,false,,,Western; Drama; Action & Adventure,A mother and son fleeing from their past form a found family while confronting a harsh landscape of freedom and cruelty in the American West.,"bounty hunter; wyoming, usa; utah; polygamy; survival; miniseries; massacre; military; indian tribe; american west; 19th century; mother son relationship; america; 1850s; brutal violence",en,7.711,502,10.359,2915; 277387; 2985; 241388; 208923; 241363; 241290; 127735; 95041; 95210; 95211; 62421; 127948; 306352; 127856; 31199; 31235; 31310; 31319; 241404,157744; 73586; 118357; 1406; 43901; 73467; 240993; 2562; 138971; 1401; 41692; 122235; 99346; 243396; 20056; 299167; 89498; 43016; 122226; 57389,Ramona; Sunset Song; Human Error; 4 Reasons Why I Hate X-Mas; The Stranded,Taylor Kitsch; Betty Gilpin; Dane DeHaan; Saura Lightfoot-Leon; Derek Hinkey,2025-01-09,,Mark L. Smith,,Ended,1,6,2026-08-21,,58,8,85060,0,0,0,2,0,0,Nominated for 2 Primetime Emmys. 6 nominations total,2026-08-21,false,,,80,90,60,58,16,You've loved 1 title with Taylor Kitsch before.
show:91746,American Rust,2021,show,Watched,159003,tt1532495,91746,7,2024-03-28T00:00:00.000Z,19,1970-01-01T00:00:00.000Z,19,caught-up,false,,,Drama; Crime,A compelling family drama and a timeless story told through the eyes of complicated and compromised chief of police Del Harris of a Pennsylvania Rust Belt town full of good people making bad choices.,"based on novel or book; pennsylvania, usa; small town; police chief; murder; rust belt",en,6.936,70,11.0274,277316; 208883; 95341; 95344; 95350; 241372; 95302; 208921; 208923; 277439; 241275; 241290; 95272; 95279; 127651; 127865; 127875; 306201; 62458; 240942,244628; 70384; 239826; 40675; 54344; 61239; 100010; 209876; 96488; 156473; 137127; 220056; 218342; 218351; 39351; 1486; 86588; 70453; 4170; 60622,Cold Case Files: The Grim Sleeper; The Investigator; Shantaram; When One Day I Will Sleep; Lanterns,Jeff Daniels; Maura Tierney; David Alvarez; Alex Neustaedter; Julia Mayorga,2021-09-12,,Dan Futterman,,Canceled,2,19,2026-08-21,,48,7.3,12974,0,0,0,0,1,1,1 win & 1 nomination total,2026-08-21,false,,,45,85,41,48,3,You've loved 3 titles with Jeff Daniels before.
movie:915935,Anatomy of a Fall,2023,movie,Watched,733410,tt17009710,915935,6,2023-08-23T00:00:00.000Z,1,2023-08-23T00:00:00.000Z,,,false,,,Thriller; Mystery; Crime,"A woman is suspected of her husband's murder, and their blind son faces a moral dilemma as the sole witness.",husband wife relationship; winter; bisexuality; moral conflict; autopsy; blind; courtroom; lgbt; death of husband; woman director; moral dilemma; courtroom drama; mother son relationship; introspective; bisexual woman,fr,7.511,3421,15.1207,4946; 4973; 5062; 3529; 445571; 3934; 1566968; 4982; 265010; 446164; 4858; 4911; 1388950; 4567; 4440; 4455; 264644; 446021; 3580; 1574475,524251; 617986; 10056; 21594; 43566; 302528; 567; 30159; 320; 1210732; 17585; 977506; 2116; 340481; 9944; 793465; 39925; 21734; 744653; 11975,Under the Sand; Game Night; Dark Blue; Room,Sandra Hüller; Swann Arlaud; Milo Machado-Graner; Antoine Reinartz; Samuel Theis,2023-08-23,151,Justine Triet,,,,,2026-08-21,96,86,7.6,209320,1,0,0,0,132,191,Won 1 Oscar. 132 wins & 191 nominations total,2026-08-21,false,,,58,95,79,91,100,Fits your taste for Thriller / Mystery.
movie:109443,Anchorman 2: The Legend Continues,2013,movie,Watched,77348,tt1229340,109443,9,2026-08-21T14:14:08.000Z,1,2013-12-18T00:00:00.000Z,,,false,,,Comedy,"With the 70s behind him, San Diego's top rated newsman, Ron Burgundy, returns to take New York's first 24-hour news channel by storm.",journalism; sequel; language; mustache; gang warfare; aftercreditsstinger; news spoof; news; tv news anchor; cable news,en,6.146,2876,4.7377,4442; 4247; 4256; 4257; 4258; 445571; 1566991; 4543; 4241; 4248; 1567021; 46138; 296178; 296099; 1055077; 1231623; 54498; 1062829; 672103; 54768,2295; 208134; 20860; 1273221; 24804; 4256; 897087; 50022; 19833; 496; 4247; 267193; 338969; 187017; 522931; 4543; 383498; 11397; 293660; 1542,The Brothers Grimm; Scary Movie; Scary Movie 3; Scary Movie 4; Scary Movie 5,Will Ferrell; Steve Carell; Paul Rudd; David Koechner; Christina Applegate,2013-12-18,119,Adam McKay,Anchorman Collection,,,,2026-08-21,74,61,6.3,200591,0,0,0,0,1,23,1 win & 23 nominations total,2026-08-21,false,,,98,95,77,68,25,You loved Anchorman 2: The Legend Continues and Anchorman: The Legend of Ron Burgundy — this is another entry in the same Anchorman franchise.
movie:8699,Anchorman: The Legend of Ron Burgundy,2004,movie,Watched,4278,tt0357413,8699,10,2026-08-21T14:12:17.000Z,1,2004-07-09T00:00:00.000Z,,,true,,,Comedy,"It's the 1970s and San Diego anchorman Ron Burgundy is the top dog in local TV, but that's all about to change when ambitious reporter Veronica Corningstone arrives as a new employee at his station.",1970s; journalism; sexism; ladder; rivalry; panda; tv show in film; mustache; screwball comedy; anchorman; battle of the sexes; misogynist; teleprompter; gang warfare; aftercreditsstinger,en,6.702,4701,6.0803,2284; 2293; 2295; 2321; 2357; 263483; 2750; 1194930; 1008392; 2292; 263287; 2616; 2642; 2657; 2665; 3085; 3086; 2393; 625560; 2462,109443; 17927; 76489; 8872; 11031; 9472; 1035259; 21779; 28333; 254470; 12277; 5516; 34423; 1263256; 26798; 12535; 449562; 504827; 384018; 817,Mr. Magorium's Wonder Emporium; Mallrats; Clerks II; Married to the Mob; 10 Items or Less,Will Ferrell; Christina Applegate; Paul Rudd; Steve Carell; David Koechner,2004-06-28,95,Adam McKay,Anchorman Collection,,,,2026-08-21,66,63,7.1,398569,0,0,0,0,1,13,1 win & 13 nominations total,2026-08-21,false,,,71,95,82,65,15,You loved Anchorman 2: The Legend Continues and Anchorman: The Legend of Ron Burgundy — this is another entry in the same Anchorman franchise.
movie:300668,Annihilation,2018,movie,Watched,220563,tt2798920,300668,8,2018-02-23T00:00:00.000Z,1,2018-02-23T00:00:00.000Z,,,false,,,Science Fiction; Horror,"A biologist signs up for a dangerous, secret expedition into a mysterious zone where the laws of nature don't apply.",depression; florida; quarantine; coma; based on novel or book; mutation; self-destruction; professor; dna; expedition; transformation; alligator; hybrid; swamp; meteor,en,6.447,9539,11.011,4970; 4977; 1009649; 1566702; 3590; 3593; 3596; 445732; 445744; 4961; 4965; 5060; 264988; 1567419; 4858; 264574; 4917; 3484; 1388336; 1388366,11336; 11542; 1091; 548473; 10153; 63; 8413; 2666; 378018; 11954; 1116201; 30694; 1141182; 5876; 11503; 715123; 1363387; 631843; 60935; 3574,Impostor; Old,Natalie Portman; Jennifer Jason Leigh; Gina Rodriguez; Tessa Thompson; Tuva Novotny,2018-02-22,115,Alex Garland,,,,,2026-08-21,88,79,6.8,391083,0,0,0,0,17,63,17 wins & 63 nominations total,2026-08-21,false,,,60,100,89,84,97,You've loved 2 titles from director Alex Garland before.
movie:1064213,Anora,2024,movie,Watched,856080,tt28607951,1064213,8,2024-10-18T00:00:00.000Z,1,2024-10-18T00:00:00.000Z,,,false,,,Drama; Comedy; Romance,"A young sex worker from Brooklyn gets her chance at a Cinderella story when she meets and impulsively marries the son of an oligarch. Once the news reaches Russia, her fairytale is threatened as his parents set out to get the marriage annulled.",new year's eve; new york city; marriage; boardwalk; baptism; strip club; coney island; female protagonist; mansion; class differences; las vegas; lap dance; home invasion; drunk; sexual desire,en,7.075,3365,16.4748,686331; 315837; 315846; 510460; 1453069; 73823; 74026; 1253801; 73348; 1631298; 1084153; 73565; 73335; 1084018; 73604; 73935; 73937; 73939; 1453267; 1631877,10362; 36492; 1378; 259694; 13994; 696; 13019; 4564; 829774; 2251; 14197; 320588; 7520; 276844; 540901; 7515; 10707; 284296; 446131; 603661,Ghost in the Shell; Under Still Waters; The Big Year; Somewhere in Queens,Mikey Madison; Mark Eydelshteyn; Yura Borisov; Karren Karagulian; Vache Tovmasyan,2024-10-14,139,Sean Baker,,,,,2026-08-21,93,91,7.4,270515,5,0,0,0,154,275,Won 5 Oscars. 154 wins & 275 nominations total,2026-08-21,false,,,56,95,79,92,100,Fits your taste for Drama / Comedy.
movie:1072790,Anyone But You,2023,movie,Watched,862395,tt26047818,1072790,7,2023-12-22T00:00:00.000Z,1,2023-12-22T00:00:00.000Z,,,false,,,Romance; Comedy,"After an amazing first date, Bea and Ben’s fiery attraction turns ice cold — until they find themselves unexpectedly reunited at a destination wedding in Australia. So they do what any two mature adults would do: pretend to be a couple.",australia; hiking; romcom; based on play or musical; law school; aftercreditsstinger; duringcreditsstinger; fake dating; destination wedding; comforting,en,6.755,3187,19.8505,506480; 876655; 510548; 74049; 1084244; 73937; 319389; 1631475; 699362; 1092925; 1259835; 325241; 883312; 1093231; 1640042; 82650; 82654; 1461947; 82698; 82703,222899; 225565; 680319; 277547; 884605; 1204892; 582596; 12658; 63492; 680860; 27307; 1143319; 2770; 502292; 9582; 803104; 89492; 188161; 1181678; 843617,Time to Spare; Toy Story 5; The Big Year; American Pie 2; This Is 40,Sydney Sweeney; Glen Powell; Mia Artemis; Nat Buchanan; GaTa,2023-12-21,103,Will Gluck,,,,,2026-08-21,53,52,6.1,163540,0,0,0,0,1,5,1 win & 5 nominations total,2026-08-21,false,,,55,95,78,53,7,You've loved 1 title with Glen Powell before.
movie:329865,Arrival,2016,movie,Watched,210803,tt2543164,329865,7,2016-11-11T00:00:00.000Z,1,2016-11-11T00:00:00.000Z,,,false,,,Drama; Science Fiction; Mystery,"Taking place after alien crafts land around the world, an expert linguist is recruited by the military to determine whether they come in peace or are a threat.",spacecraft; extraterrestrial technology; loss; time; alien; language; female protagonist; scientist; heartbreak; based on short story; alien contact; military; alien language; linguist; first contact,en,7.632,19725,20.1362,49379; 853845; 853855; 487040; 49529; 49530; 1233084; 853861; 853901; 1057093; 1233208; 1430212; 487301; 1232769; 299430; 667343; 1430200; 667538; 484558; 1605129,2103; 17431; 639771; 9620; 522402; 559581; 585378; 157336; 644; 14337; 75612; 871; 419704; 1685; 636; 2577; 167; 10514; 565743; 49047,In Time,Amy Adams; Jeremy Renner; Forest Whitaker; Michael Stuhlbarg; Mark O'Brien,2016-11-10,116,Denis Villeneuve,,,,,2026-08-21,94,81,7.9,852057,1,0,0,0,71,268,Won 1 Oscar. 71 wins & 268 nominations total,2026-08-21,false,,,71,100,96,88,100,You've loved 1 title from director Denis Villeneuve before.
show:65495,Atlanta,2016,show,Watched,108966,tt4288182,65495,9,2022-11-10T00:00:00.000Z,41,1970-01-01T00:00:00.000Z,41,caught-up,false,,,Comedy; Drama,Two cousins work through the Atlanta music scene in order to better their lives and the lives of their families.,hip-hop; atlanta; meditative; relaxed; dramatic; adoring,en,8.034,873,15.0707,208921; 241361; 306189; 95210; 2651; 277513; 62688; 95555; 241664; 241613; 3050; 3137; 62919; 3172; 3215; 273418; 346; 424; 205319; 615,116450; 96734; 260458; 81358; 126914; 127390; 62704; 211; 105; 243861; 46441; 90399; 10370; 87017; 102904; 69630; 123192; 247767; 100883; 206925,Rivals; Too Much; The Rise of the Qin Empire; He She It; Profiler,Donald Glover; Brian Tyree Henry; LaKeith Stanfield; Zazie Beetz,2016-09-06,,Donald Glover,,Ended,4,41,2026-08-21,,92,8.6,97708,0,0,7,0,64,147,Won 7 Primetime Emmys. 64 wins & 147 nominations total,2026-08-21,false,,,77,90,66,92,100,You've loved 1 title from creator Donald Glover before.
movie:76600,Avatar: The Way of Water,2022,movie,Watched,56580,tt1630029,76600,3,2022-12-16T00:00:00.000Z,1,2022-12-16T00:00:00.000Z,,,false,,,Action; Adventure; Science Fiction,"Set more than a decade after the events of the first film, learn the story of the Sully family (Jake, Neytiri, and their kids), the trouble that follows them, the lengths they go to keep each other safe, the battles they fight to stay alive, and the tragedies they endure.",dying and death; loss of loved one; alien life-form; resurrection; dysfunctional family; sequel; alien planet; distant future; transhumanism; adopted child; rebirth; motion capture; family dynamics; adopted son; stronger villain,en,7.588,14525,29.1382,1232941; 49516; 49519; 49521; 1607845; 49444; 1430038; 297189; 297270; 297291; 850880; 1430067; 49642; 487547; 50063; 487672; 49802; 1061474; 53031; 857598,83533; 283995; 840464; 8247; 188927; 385128; 299534; 363088; 54138; 1895; 181812; 157336; 487186; 454639; 447365; 137113; 505642; 644; 572802; 74,Black Mask 2: City of Masks; The Croods; Chainsaw Man - Assassins Arc; Kung Fu Panda 2; Superman,Sam Worthington; Zoe Saldaña; Sigourney Weaver; Stephen Lang; Kate Winslet,2022-12-14,192,James Cameron,Avatar Collection,,,,2026-08-21,76,67,7.5,601100,1,0,0,0,74,153,Won 1 Oscar. 74 wins & 153 nominations total,2026-08-21,false,,,51,100,93,72,100,Fits your taste for Action / Adventure.
movie:299536,Avengers: Infinity War,2018,movie,Watched,191797,tt4154756,299536,6,2018-04-27T00:00:00.000Z,1,2018-04-27T00:00:00.000Z,,,false,,,Adventure; Action; Science Fiction,"As the Avengers and their allies have continued to protect the world from threats too large for any one hero to handle, a new danger has emerged from the cosmic shadows: Thanos. A despot of intergalactic infamy, his goal is to collect all six Infinity Stones, artifacts of unimaginable power, and use them to inflict his twisted will on all of reality. Everything the Avengers have fought for has led up to this moment - the fate of Earth and existence itself has never been more uncertain.",sacrifice; magic; superhero; based on comic; space; battlefield; genocide; magical object; super power; superhero team; aftercreditsstinger; marvel cinematic universe (mcu); cosmic,en,8.241,32646,90.9352,263852; 4474; 445651; 445070; 4437; 4442; 1195506; 1566776; 445871; 46278; 46304; 850657; 483450; 483455; 46015; 46315; 850367; 46217; 46521; 298163,141052; 447365; 453395; 284054; 118340; 10138; 986056; 271110; 609681; 24428; 640146; 283995; 436270; 298618; 100402; 127585; 76338; 1924; 1452; 284053,The Brothers Grimm; The Marvels; The Avengers,Robert Downey Jr.; Chris Evans; Chris Hemsworth; Josh Brolin; Mark Ruffalo,2018-04-25,149,Anthony Russo,The Avengers Collection,,,,2026-08-21,85,68,8.4,1368739,0,1,0,0,48,80,Nominated for 1 Oscar. 48 wins & 80 nominations total,2026-08-21,false,,,64,100,100,77,100,You've loved 1 title with Robert Downey Jr. before.
show:89233,Away,2020,show,Watched,160374,tt8787802,89233,7,2020-09-04T00:00:00.000Z,10,1970-01-01T00:00:00.000Z,10,caught-up,false,,,Sci-Fi & Fantasy; Drama,"American astronaut Emma Green must leave her husband and teenage daughter behind to command an international space crew embarking upon a treacherous mission. A series about hope, humanity and how we need one another if we are to achieve impossible things.",planet mars; spacecraft; space colony; wilderness; daughter; space; loneliness; astronaut; husband; dangerous mission; separation from family,en,6.55,371,6.5603,877; 274737; 1180; 1225; 1295; 125000; 125014; 92830; 1473; 1521; 1437; 275419; 60831; 60874; 60877; 1660; 1686; 1855; 1731; 1818,197125; 85723; 67198; 63639; 79130; 157239; 60741; 225171; 62425; 204154; 877; 78670; 131992; 74159; 61664; 1972; 81349; 79501; 85949; 62413,Caprica; Ashes to Ashes; Flash Gordon; Alien: Earth; Pluribus,Hilary Swank; Mark Ivanir; Ray Panthaki; Vivian Wu; Ato Essandoh,2020-09-04,60,Andrew Hinderaker,,Canceled,1,10,2026-08-21,,59,6.6,26324,0,0,0,0,4,4,4 wins & 4 nominations total,2026-08-21,false,,,37,90,57,59,12,"Similar to Pluribus, which you loved."
movie:339403,Baby Driver,2017,movie,Watched,219867,tt3890160,339403,6,2017-06-28T00:00:00.000Z,1,2017-06-28T00:00:00.000Z,,,false,,,Action; Crime,"After being coerced into working for a crime boss, a young getaway driver finds himself taking part in a heist doomed to fail.",robbery; waitress; atlanta; crime boss; romance; heist; getaway car; on the run; shootout; bank robbery; getaway driver; sign languages; armed robbery; hearing impaired; music,en,7.444,17083,13.4574,667388; 49530; 49334; 297009; 297043; 1230265; 47211; 47050; 47252; 47201; 1426940; 49981; 1057977; 50236; 50199; 49849; 1233555; 1233327; 53102; 302526,1106289; 8348; 475; 5916; 949; 941109; 500; 471014; 14638; 15801; 8270; 45408; 10381; 11300; 336004; 68727; 24229; 146198; 30941; 64690,In Time; Goodbye Lover; Bonnie and Clyde; The Anderson Tapes; Drive,Ansel Elgort; Kevin Spacey; Lily James; Jon Hamm; Jamie Foxx,2017-06-28,113,Edgar Wright,,,,,2026-08-21,92,86,7.5,682380,0,3,0,0,43,66,Nominated for 3 Oscars. 43 wins & 66 nominations total,2026-08-21,false,,,57,100,95,89,100,You've loved 2 titles with Jon Hamm before.
show:241259,Baby Reindeer,2024,show,Watched,217121,tt13649112,241259,8,2024-04-11T00:00:00.000Z,7,1970-01-01T00:00:00.000Z,7,caught-up,false,,,Drama,"When a struggling comedian shows one act of kindness to a vulnerable woman, it sparks a suffocating obsession which threatens to wreck both their lives.","london, england; rape; sexuality; trauma; edinburgh, scotland; bartender; biography; friendship; stalker; based on true story; love; based on play or musical; female stalker; lgbt; sexual assault",en,7.58,1219,13.5601,61428; 61498; 61459; 208059; 2192; 2213; 2268; 208146; 94065; 240150; 94143; 61260; 61389; 61331; 2134; 61408; 61421; 61422; 61448; 61456,72750; 102619; 85552; 10370; 78191; 97173; 262848; 31420; 249042; 81358; 86163; 2850; 66788; 273240; 199001; 241372; 243217; 87049; 128098; 62560,Cilla; The Great Fire; Parasyte -the maxim-; Stand Up!!; 180 Degree Longitude Passes Through Us,Richard Gadd; Jessica Gunning; Nava Mau,2024-04-11,,Richard Gadd,,Ended,1,7,2026-08-21,,88,7.7,190385,0,0,6,0,40,66,Won 6 Primetime Emmys. 40 wins & 66 nominations total,2026-08-21,false,,,70,95,69,88,100,"Similar to Mr. Robot, which you loved."
show:130853,Bad Monkey,2024,show,Watched,185699,tt15203646,130853,7,2024-10-09T00:00:00.000Z,10,1970-01-01T00:00:00.000Z,10,caught-up,false,,,Comedy; Crime,"A detective turned restaurant inspector in Southern Florida is pulled into a world of greed and corruption after a tourist finds a severed arm while fishing. And yes, there's a monkey.","miami, florida; detective; based on novel or book; narration; bahamas; murder; monkey; married woman; murder investigation; adulterous affair; suspended from job",en,7.196,212,20.5787,2919; 277316; 208883; 2930; 95341; 241372; 95302; 208932; 277439; 241236; 95272; 127865; 62458; 240932; 240942; 241092; 305817; 2651; 127896; 62707,211169; 202224; 225780; 242054; 113966; 18202; 107113; 243316; 67773; 106454; 256317; 155594; 248330; 111838; 69659; 261363; 120998; 96608; 194728; 1270,Burn Notice; Cold Case Files: The Grim Sleeper; The Investigator; Shantaram; 56 Days,Vince Vaughn; L. Scott Caldwell; Rob Delaney; Meredith Hagner; Natalie Martinez,2024-08-13,,Bill Lawrence,,Returning Series,2,20,2026-08-21,,74,7.3,28982,0,0,0,0,0,0,3 nominations total,2026-08-21,false,,,42,90,52,74,0,You've loved 2 titles with Vince Vaughn before.
show:4613,Band of Brothers,2001,show,Watched,4589,tt0185906,4613,9,2001-11-04T00:00:00.000Z,10,1970-01-01T00:00:00.000Z,10,caught-up,false,,,Drama; War & Politics,"Drawn from interviews with survivors of Easy Company, as well as their journals and letters, Band of Brothers chronicles the experiences of these men from paratrooper training in Georgia through the end of the war. As an elite rifle company parachuting into Normandy early on D-Day morning, participants in the Battle of the Bulge, and witness to the horrors of war, the men of Easy knew extraordinary bravery and extraordinary fear - and became the stuff of legend. Based on Stephen E. Ambrose's acclaimed book of the same name.",based on novel or book; world war ii; us army; paratroops; miniseries; historical; combat; historical drama; tank battle; war in europe; paratrooper; 1940s; war; awestruck,en,8.598,4320,32.6199,61428; 61430; 61498; 207976; 208033; 61511; 208071; 2211; 2215; 2294; 305250; 208146; 305253; 240085; 240144; 240150; 94143; 276355; 276357; 94277,32675; 46518; 16997; 155421; 17035; 138624; 120911; 222405; 93870; 238339; 126308; 11095; 2321; 113962; 71789; 61933; 63333; 130464; 47665; 248416,Cilla; The Great Fire; Scent of Love; Father Brown; The Althea Tapes,Michael Cudlitz; Rick Gomez; Scott Grimes; Damian Lewis; Ron Livingston,2001-09-09,,,,Ended,1,10,2026-08-21,,87,9.4,587949,0,0,6,0,34,26,Won 6 Primetime Emmys. 34 wins & 26 nominations total,2026-08-21,false,,,79,80,81,87,100,You've loved 1 title with Michael Cudlitz before.
show:41727,Banshee,2013,show,Watched,41522,tt2017109,41727,8,2016-01-13T00:00:00.000Z,38,1970-01-01T00:00:00.000Z,38,caught-up,false,,,Crime; Drama,Banshee is an American drama television series set in a small town in Pennsylvania Amish country and features an enigmatic ex-con posing as a murdered sheriff who imposes his own brand of justice while also cooking up plans that serve his own interests.,"robbery; sheriff; double life; pennsylvania, usa; hacker; deputy; vigilante; amish; thief; crime boss; murder; slaughterhouse; impostor; criminal; ex-con",en,7.985,1436,46.277,873; 938; 954; 1023; 1042; 273977; 273939; 58757; 274149; 29004; 274237; 91699; 91746; 91752; 124390; 124394; 124364; 124416; 303824; 91902,209876; 228305; 1621; 62119; 91746; 1436; 43901; 218351; 220056; 122235; 79086; 64199; 287167; 81358; 287238; 201076; 201304; 124364; 155533; 88055,Columbo; The Rockford Files; Revolutionary Girl Utena; American Rust; Power Book III: Raising Kanan,Antony Starr; Ivana Miličević; Hoon Lee; Frankie Faison; Ulrich Thomsen,2013-01-11,50,David Schickler,,Ended,4,38,2026-08-21,,66,8.4,142436,0,0,1,0,4,10,Won 1 Primetime Emmy. 4 wins & 10 nominations total,2026-08-21,false,,,83,95,71,66,38,You've loved 1 title with Antony Starr before.
movie:346698,Barbie,2023,movie,Watched,242104,tt1517268,346698,8,2023-07-21T00:00:00.000Z,1,2023-07-21T00:00:00.000Z,,,false,,,Comedy; Adventure; Fantasy,"Barbie and Ken are having the time of their lives in the colorful and seemingly perfect world of Barbie Land. However, when they get a chance to go to the real world, they soon discover the joys and perils of living among humans.",feminism; satire; patriarchy; social satire; based on toy; female protagonist; fish out of water; womanhood; doll; reality vs fantasy; fantasy world; motherhood; existentialism; woman director; misandry,en,6.911,11439,26.1342,4951; 5003; 1567594; 446101; 3525; 264123; 3640; 3679; 4327; 5047; 4543; 4579; 4592; 4593; 4611; 264684; 445397; 3981; 4482; 1574475,1319969; 560044; 15909; 72972; 668461; 1117857; 420814; 662546; 20694; 585511; 464052; 65215; 35019; 15359; 808; 170687; 39345; 360605; 10830; 10192,Charlie's Angels; Monty Python's The Meaning of Life,Margot Robbie; Ryan Gosling; America Ferrera; Ariana Greenblatt; Issa Rae,2023-07-19,114,Greta Gerwig,,,,,2026-08-21,88,80,6.8,667737,1,0,0,0,215,436,Won 1 Oscar. 215 wins & 436 nominations total,2026-08-21,false,,,53,100,91,84,100,You've loved 2 titles with Ryan Gosling before.
show:73107,Barry,2018,show,Watched,122709,tt5348176,73107,8,2023-05-28T00:00:00.000Z,32,1970-01-01T00:00:00.000Z,32,caught-up,false,,,Comedy; Crime; Drama,A hit man from the Midwest moves to Los Angeles and gets caught up in the city's theatre arts scene.,"post-traumatic stress disorder (ptsd); assassin; show business; depression; hitman; betrayal; dark comedy; los angeles, california; gun violence; dramedy; drama class; reflective; anxious; introspective; tragicomedy",en,7.915,1202,21.2461,995; 238419; 847; 809; 889; 895; 909; 954; 59254; 59312; 274633; 274645; 1012; 274595; 274737; 304078; 59599; 1037; 1041; 1259,93287; 3764; 66858; 62560; 81358; 92621; 197373; 67697; 154385; 291339; 74577; 136044; 1396; 107113; 220116; 67116; 64199; 247767; 236235; 158083,Killer Soup; Murder Most Horrid; The Rockford Files; The Bletchley Circle; Skelly,Bill Hader; Sarah Goldberg; Anthony Carrigan; Henry Winkler; Stephen Root,2018-03-25,,Alec Berg,,Ended,4,32,2026-08-21,,88,8.3,140865,0,0,10,0,47,205,Won 10 Primetime Emmys. 47 wins & 205 nominations total,2026-08-21,false,,,71,95,69,88,100,You've loved 1 title with Bill Hader before.
show:46786,Bates Motel,2013,show,Watched,46510,tt2188671,46786,6,2026-07-29T00:23:44.000Z,50,2017-04-25T02:44:00.000Z,50,caught-up,false,,,Drama; Crime; Mystery,"A ""contemporary prequel"" to the 1960 film Psycho, depicting the life of Norman Bates and his mother Norma prior to the events portrayed in Hitchcock's film, albeit in a different fictional town and in a modern setting. The series begins after the death of Norma's husband, when she purchases a motel located in a coastal Oregon town so she and Norman can start a new life.",parent child relationship; small town; motel; prequel; dysfunctional family; serial killer; single mother; based on movie,en,8.055,1806,34.2931,124518; 124540; 124578; 124601; 877; 894; 917; 1053; 274505; 124643; 1259; 1274; 1255; 1086; 92602; 29301; 125053; 124861; 1337; 1398,262352; 241372; 80213; 253321; 244628; 220801; 244244; 83851; 244243; 259909; 246461; 130464; 123192; 194764; 253376; 100010; 278178; 213306; 219937; 108181,More than Blue: The Series; Caprica; Kate & Allie; Family Law; Black Scorpion,Vera Farmiga; Freddie Highmore; Max Thieriot; Olivia Cooke; Nestor Carbonell,2013-03-18,45,Carlton Cuse,,Ended,5,50,2026-08-21,,69,8.1,124388,0,0,0,3,6,67,Nominated for 3 Primetime Emmys. 6 wins & 67 nominations total,2026-08-21,false,,,79,95,73,69,100,"Similar to Six Feet Under and The Sopranos, which you loved."
show:110173,Beartown,2020,show,Watched,163755,tt9677638,110173,8,2020-11-08T00:00:00.000Z,5,1970-01-01T00:00:00.000Z,5,caught-up,false,,,Drama,"Hockey is the last beacon of hope for the citizens of Björnstad, so when its junior hockey team makes the national semifinal, the burden of the entire town’s dreams weigh heavily on the shoulders of its teenage superstars. However, the day of the semi-final is also the catalyst for a violent act that will leave a young girl traumatised and the town in turmoil.",based on novel or book; small town; ice hockey; nordic noir; psychological drama; thriller,sv,6.5,30,3.4421,1; 19; 156; 28159; 123443; 302921; 302951; 52; 136; 206; 28140; 28208; 28315; 28330; 28196; 28293; 273274; 273410; 303124; 57979,95839; 259702; 225265; 273240; 199001; 248416; 85273; 99747; 207717; 155534; 1399; 93784; 131142; 51537; 126301; 256711; 86621; 218131; 63333; 90399,Planet of the Apes; Romance; Kareinaru ichizoku; 999 Days of Begging; The Leftovers,Miriam Ingrid; Oliver Dufåker; Otto Fahlgren; Ulf Stenberg; Aliette Opheim,2020-10-18,54,Anders Weidemann,,Ended,1,5,2026-08-21,,82,7.1,3915,0,0,0,0,0,0,3 nominations,2026-08-21,false,,,31,80,33,82,0,Fits your taste for Drama.
show:249522,Beast Games,2024,show,Watched,231618,tt31812476,249522,8,2026-07-29T00:18:14.000Z,20,2026-02-25T09:01:00.000Z,20,caught-up,false,,,Reality,"I gathered 1,000 people to fight for $5,000,000, the LARGEST cash prize in TV history! We're also giving away a private island, Lamborghinis, and millions more in cash throughout the competition! Go watch to see the greatest show ever made!",competition; game show; hopeless; based on web series,en,7.36,243,18.7198,2176; 2212; 94064; 240114; 207941; 126565; 126584; 240051; 94168; 94188; 61302; 305391; 240354; 94481; 94484; 30745; 240421; 61569; 61570; 61591,204082; 62; 30810; 16358; 2778; 33665; 2051; 2912; 82108; 6582; 16395; 30957; 17404; 1508; 133723; 104999; 84910; 88754; 57755; 94064,,Jimmy Donaldson; Chandler Hallow; Karl Jacobs; Nolan Hansen; Tareq Salameh,2024-12-19,,Jimmy Donaldson,,Returning Series,2,20,2026-08-21,,38,5.9,22494,0,0,0,0,0,0,2 nominations total,2026-08-21,false,,,30,90,53,38,0,"A newer or less-connected title — worth a look, lower confidence."
show:154385,BEEF,2023,show,Watched,197667,tt14403178,154385,8,2023-04-06T00:00:00.000Z,10,1970-01-01T00:00:00.000Z,18,in-progress,false,,,Comedy; Drama,A road rage incident between two strangers — a failing contractor and an unfulfilled entrepreneur — sparks a feud that brings out their darkest impulses.,"husband wife relationship; midlife crisis; marriage; coercion; anthology; revenge; dark comedy; billionaire; los angeles, california; east asian lead; road rage; country club; art exhibition; unfaithful wife; asian american",en,7.747,1007,28.1722,847; 854; 954; 895; 28915; 28928; 1026; 1037; 29063; 91539; 206010; 206013; 206014; 206182; 28672; 273908; 274056; 124077; 124092; 303633,87428; 197373; 61118; 67280; 78950; 126914; 61637; 69470; 81357; 62320; 53606; 42032; 243316; 99652; 70964; 67780; 1568; 67883; 206828; 92621,The Rockford Files; Murder Most Horrid; Amazing Stories; United States; The Jazz Age,Steven Yeun; Oscar Isaac; Carey Mulligan; Cailee Spaeny; Charles Melton,2023-04-06,,Lee Sung Jin,,Returning Series,2,18,2026-08-21,,82,8,163497,0,0,8,0,44,46,Won 8 Primetime Emmys. 44 wins & 46 nominations total,2026-08-21,false,,,80,95,67,82,100,You've loved 1 title with Steven Yeun before.
show:60059,Better Call Saul,2015,show,Watched,59660,tt3032476,60059,9,2022-08-15T00:00:00.000Z,63,1970-01-01T00:00:00.000Z,63,caught-up,false,,,Crime; Drama,"Six years before Saul Goodman meets Walter White. We meet him when the man who will become Saul Goodman is known as Jimmy McGill, a small-time lawyer searching for his destiny, and, more immediately, hustling to make ends meet. Working alongside, and, often, against Jimmy, is “fixer” Mike Ehrmantraut. The series tracks Jimmy’s transformation into Saul Goodman, the man who puts “criminal” in “criminal lawyer"".","new mexico; moral conflict; crooked lawyer; prequel; romance; dark comedy; family relationships; tragedy; lawyer; brother against brother; spin off; neo-western; albuquerque, new mexico; criminal lawyer; fall from grace",en,8.711,6779,72.8684,2908; 277369; 277404; 277406; 95336; 95344; 95346; 208906; 208913; 208931; 277445; 277414; 277415; 241259; 241257; 241348; 241361; 277486; 127652; 127668,1396; 116799; 67384; 4920; 86430; 85853; 137893; 66025; 194764; 76231; 128904; 64199; 202555; 81358; 225634; 85385; 287238; 101591; 153657; 239826,The Moon on a Rainy Night; The Dangerous Affair; Obsessed; When One Day I Will Sleep; Hatena Illusion,Bob Odenkirk; Jonathan Banks; Rhea Seehorn; Tony Dalton; Giancarlo Esposito,2015-02-08,,Vince Gilligan,,Ended,6,63,2026-08-21,,86,9,838791,0,0,0,53,66,317,Nominated for 53 Primetime Emmys. 66 wins & 317 nominations total,2026-08-21,false,,,100,100,86,86,100,You've loved 3 titles from creator Vince Gilligan before.
show:66859,Better Things,2016,show,Watched,108564,tt4370596,66859,8,2022-04-25T00:00:00.000Z,52,1970-01-01T00:00:00.000Z,52,caught-up,false,,,Comedy; Drama,"Sam Fox is a single, working actor with no filter trying to raise her three daughters – Max, Frankie and Duke – in Los Angeles. She is mom, dad, referee and the cops.",single parent; parent child relationship; coming of age; hollywood; single mother; biting; candid; voiceover; irreverent; assertive; bold,en,7.214,203,14.8271,95205; 95011; 127549; 31305; 208953; 62688; 62668; 62741; 209156; 3089; 95558; 95563; 241773; 306607; 306611; 277665; 95601; 3050; 3145; 62914,62117; 34307; 69555; 71733; 61406; 247767; 201902; 67280; 4731; 90257; 7097; 93290; 63130; 43275; 245318; 197373; 1906; 98177; 84977; 243861,The Equalizer; Supergirl; Lovesick; The Practice; Younger,Pamela Adlon; Celia Imrie; Mikey Madison; Hannah Riley; Olivia Edward,2016-09-08,23,Pamela Adlon,,Ended,5,52,2026-08-21,,88,7.9,19917,0,0,0,2,6,38,Nominated for 2 Primetime Emmys. 6 wins & 38 nominations total,2026-08-21,false,,,63,90,52,88,66,You've loved 1 title with Pamela Adlon before.
show:39754,Between Two Ferns with Zach Galifianakis,2008,show,Watched,39579,tt1535002,39754,8,2026-07-29T00:25:53.000Z,21,2018-06-14T04:04:00.000Z,21,caught-up,false,,,Comedy; Talk,"Host Zach Galifianakis conducts comical celebrity interviews sitting with his guests between two potted ferns on a sparse set, in the awkward style of low-budget community access cable channels.",,en,7.477,130,6.3468,,4787; 1834; 43323; 1220; 59717; 4573; 5307; 63770; 4467; 2798; 8621; 4417; 6000; 56590; 14981; 123149; 88088; 498; 231; 72025,The Graham Norton Show; Comedians in Cars Getting Coffee; The Eric Andre Show; The Late Late Show with Craig Ferguson,Zach Galifianakis,2008-01-04,4,,,Ended,1,21,2026-08-21,,,8.3,9796,0,0,2,0,10,5,Won 2 Primetime Emmys. 10 wins & 5 nominations total,2026-08-21,false,,,48,70,47,,65,"Similar to Comedians in Cars Getting Coffee, which you loved."
show:66292,Big Little Lies,2017,show,Watched,104648,tt3920596,66292,7,2026-07-29T00:24:48.000Z,14,2019-07-22T01:50:00.000Z,14,caught-up,false,,,Drama,The tale of three mothers of first graders whose apparently perfect lives unravel to the point of murder.,mother; rape; based on novel or book; infidelity; violent husband; feminism; therapist; custody battle; family secrets; cover-up; domestic abuse; school; feminist; domestic violence; parenting,en,7.873,1725,14.5835,19; 93; 150; 152; 28159; 123443; 123452; 123479; 302921; 136; 28140; 28208; 28315; 28330; 28196; 28293; 273274; 273410; 303124; 58071,90257; 111141; 211358; 225634; 66788; 248416; 81355; 46786; 278178; 97173; 249042; 31917; 100010; 99002; 39852; 253321; 126280; 122196; 61463; 244244,Planet of the Apes; Romance; Kareinaru ichizoku; 999 Days of Begging; The Rhinemann Exchange,Nicole Kidman; Reese Witherspoon; Shailene Woodley; Laura Dern; Alexander Skarsgård,2017-02-19,,David E. Kelley,,Ended,2,14,2026-08-21,,78,8.4,243243,0,0,8,0,56,101,Won 8 Primetime Emmys. 56 wins & 101 nominations total,2026-08-21,false,,,63,95,72,78,100,You've loved 3 titles from creator David E. Kelley before.
show:62852,Billions,2016,show,Watched,77692,tt4270492,62852,10,2026-08-20T11:47:15.000Z,84,1970-01-01T00:00:00.000Z,84,caught-up,true,,,Drama,"Shrewd, savvy U.S. Attorney Chuck Rhoades and the brilliant, ambitious hedge fund king Bobby ""Axe"" Axelrod are on an explosive collision course, with each using all of his considerable smarts, power and influence to outmaneuver the other. The stakes are in the billions in this timely, provocative series.",new york city; businessman; wall street; finances; wealth; stock market; hedge fund; white collar criminal,en,7.762,1060,64.1722,124613; 917; 29068; 1144; 1085; 1395; 29650; 125312; 125365; 29574; 1520; 1539; 1419; 1415; 1417; 60839; 1798; 1616; 60726; 1940,97890; 54650; 99741; 153657; 226174; 61889; 79086; 90399; 67384; 10370; 4040; 66676; 66310; 217211; 291339; 249039; 29574; 81723; 71715; 79622,Pride: The Series; Kate & Allie; For the People; New Amsterdam; Jack & Jill,Paul Giamatti; Maggie Siff; David Costabile; Dola Rashad; Jeffrey DeMunn,2016-01-17,,Andrew Ross Sorkin,,Ended,7,84,2026-08-21,,71,8.3,117286,0,0,0,0,2,20,2 wins & 20 nominations total,2026-08-21,false,,,86,95,68,71,24,You've loved 1 title from creator Andrew Ross Sorkin before.
movie:405774,Bird Box,2018,movie,Watched,250049,tt2737304,405774,8,2018-12-21T00:00:00.000Z,1,2018-12-21T00:00:00.000Z,,,false,,,Horror; Thriller; Drama,"Five years after an ominous unseen presence drives most of society to suicide, a survivor and her two children make a desperate bid to reach safety.",based on novel or book; post-apocalyptic future; blindfold; doomsday; survival horror; woman director; white water rafting; depressing; disheartening,en,6.823,10754,9.3213,49225; 49249; 299216; 299221; 299242; 1429715; 853842; 49458; 49470; 49479; 49486; 49488; 49489; 49502; 1232998; 1233003; 1429912; 853888; 487083; 854024,726209; 1308757; 514847; 333371; 615658; 1100988; 808396; 425972; 34480; 199575; 1141182; 1387382; 631842; 811656; 316727; 426814; 329004; 418078; 10669; 17609,Age of Consent; Kill Your Darlings; So Evil My Love; 28 Years Later,Sandra Bullock; Trevante Rhodes; John Malkovich; Sarah Paulson; Jacki Weaver,2018-12-13,124,Susanne Bier,Bird Box Collection,,,,2026-08-21,64,51,6.6,416211,0,0,0,0,5,9,5 wins & 9 nominations total,2026-08-21,false,,,40,100,90,58,19,Fits your taste for Horror / Thriller.
show:155537,Black Bird,2022,show,Watched,180817,tt4301160,155537,8,2022-08-05T00:00:00.000Z,6,1970-01-01T00:00:00.000Z,6,caught-up,false,,,Drama; Crime,"As Jimmy Keene begins a 10-year prison sentence, he gets an incredible offer: If he can elicit a confession from suspected killer Larry Hall, Jimmy will be freed. Completing this mission becomes the challenge of a lifetime.","prison; detective; based on novel or book; illinois; indiana, usa; prisoner; oddball; investigation; missouri; based on true story; serial killer; miniseries; informant; criminal; inmate",en,8.074,1041,15.0239,61428; 61498; 61459; 61511; 208059; 208071; 2171; 2215; 2288; 305250; 208146; 305253; 2338; 2343; 2301; 240085; 94065; 240144; 240150; 240166,278178; 67744; 97951; 257534; 70453; 247723; 156933; 44856; 72039; 286709; 287238; 225634; 106388; 96488; 45094; 3476; 2288; 1405; 82883; 213306,Cilla; The Great Fire; Parasyte -the maxim-; Father Brown; The Althea Tapes,Taron Egerton; Paul Walter Hauser; Sepideh Moafi; Greg Kinnear; Ray Liotta,2022-07-07,,Dennis Lehane,,Ended,1,6,2026-08-21,,80,8.1,139479,0,0,2,0,9,23,Won 2 Primetime Emmys. 9 wins & 23 nominations total,2026-08-21,false,,,89,95,67,80,81,"Similar to Mindhunter and Mayor of Kingstown, which you loved."
movie:855,Black Hawk Down,2001,movie,Watched,698,tt0265086,855,10,2026-08-21T15:17:01.000Z,1,2001-12-28T00:00:00.000Z,,,false,,,Action; War; History,"When U.S. Rangers and an elite Delta Force team attempt to kidnap two underlings of a Somali warlord, their Black Hawk helicopters are shot down, and the Americans suffer heavy casualties, facing intense fighting from the militia on the ground.",based on novel or book; ambush; chaos; militia; prisoner of war; wound; somalia; warlord; famine; arms dealer; based on true story; delta force; gunfight; combat; us military,en,7.397,6512,16.7214,3513; 1008820; 626332; 4464; 4479; 4483; 4614; 4415; 4421; 4461; 4909; 4912; 3469; 814215; 264304; 3777; 3683; 814982; 13210; 13256,16113; 193756; 13922; 531876; 8007; 1654; 190859; 14911; 969492; 9567; 715931; 405775; 489245; 10590; 882569; 429351; 15497; 340945; 567189; 857,Legionnaire; Flamin' Hot; Seabiscuit; The Return of Martin Guerre; The Sum of All Fears,Josh Hartnett; Ewan McGregor; Tom Sizemore; Eric Bana; William Fichtner,2001-12-28,145,Ridley Scott,,,,,2026-08-21,77,74,7.7,454170,2,0,0,0,11,37,Won 2 Oscars. 11 wins & 37 nominations total,2026-08-21,false,,,57,100,85,76,100,You've loved 3 titles from director Ridley Scott before.
movie:261023,Black Mass,2015,movie,Watched,160067,tt1355683,261023,8,2026-08-21T14:29:01.000Z,1,2015-09-18T00:00:00.000Z,,,false,,,Drama; Crime; History,"The true story of Whitey Bulger, the brother of a state senator and the most infamous violent criminal in the history of South Boston, who became an FBI informant to take down a Mafia family invading his turf.","prostitute; corruption; boston, massachusetts; gangster; fbi; senator; based on true story; irish mob; beaten to death; pay phone; murder; organized crime; extortion; brutality; informant",en,6.522,3648,6.6793,2275; 2291; 2320; 2321; 1565907; 1007793; 2379; 2435; 2457; 625579; 263472; 1008048; 2749; 2768; 1194686; 2841; 1008213; 2912; 2923; 2924,379; 1422; 82633; 1013601; 4771; 769; 716594; 9366; 1082195; 25680; 520016; 311; 438808; 11322; 23168; 9573; 33357; 169917; 171337; 51209,Jacob's Ladder; Married to the Mob; We Die Alone; 15 Minutes; Lawless,Johnny Depp; Joel Edgerton; Julianne Nicholson; Dakota Johnson; Kevin Bacon,2015-09-17,123,Scott Cooper,,,,,2026-08-21,74,68,6.8,200554,0,0,0,0,6,24,6 wins & 24 nominations total,2026-08-21,false,,,40,95,80,71,36,You've loved 2 titles with Joel Edgerton before.
show:42009,Black Mirror,2011,show,Watched,41793,tt2085059,42009,9,2025-04-10T00:00:00.000Z,33,1970-01-01T00:00:00.000Z,33,caught-up,false,,,Sci-Fi & Fantasy; Drama; Mystery,"Twisted tales run wild in this mind-bending anthology series that reveals humanity's worst traits, greatest innovations and more.",technology; dystopia; satire; anthology; dark comedy; punishment; social satire; alternative reality; disturbed; humanity; cyber thriller; near future; inspirational; social sci-fi; critical,en,8.289,6426,66.2092,206268; 124817; 124822; 238419; 238355; 810; 877; 895; 1018; 1026; 59312; 29063; 274649; 303975; 238234; 238309; 274735; 304078; 59525; 1186,83135; 21561; 1386; 4346; 70391; 75191; 119279; 93784; 3470; 86686; 69478; 68421; 1705; 113036; 62822; 83659; 246412; 12832; 4340; 253372,Victim; Faith Makes Great; Vertiges; Killer Soup; The House of Jealousy,,2011-12-04,,Charlie Brooker,,Returning Series,7,33,2026-08-21,,74,8.7,735388,0,0,6,0,48,186,Won 6 Primetime Emmys. 48 wins & 186 nominations total,2026-08-21,false,,,72,100,85,74,100,You've loved 1 title from creator Charlie Brooker before.
show:249039,Black Rabbit,2025,show,Watched,230778,tt23055142,249039,7,2025-09-18T00:00:00.000Z,8,1970-01-01T00:00:00.000Z,8,caught-up,false,,,Drama; Crime,A rising-star restaurateur is forced into New York's criminal underworld when his chaotic brother returns to town with loan sharks on his trail.,new york city; sibling relationship; gambling; restaurant; bartender; duty; debt; miniseries; criminal underworld; cynical; loan shark; financial problem; sign languages; nightlife; brothers,en,7.043,209,23.6585,277311; 277387; 277404; 277406; 2929; 241372; 241191; 241194; 208923; 208932; 277445; 241259; 241279; 241257; 241363; 127735; 95041; 95170; 95210; 62421,54650; 194764; 1398; 4040; 81358; 76231; 71715; 66310; 64199; 1409; 97890; 79086; 101591; 61986; 286709; 132016; 225634; 119845; 62202; 31050,Ramona; The Dangerous Affair; Obsessed; Time Bomb 9/11; 56 Days,Jason Bateman; Jude Law; Chris Coy; Troy Kotsur; Abbey Lee,2025-09-18,,Zach Baylin,,Ended,1,8,2026-08-21,,63,7.3,46975,0,0,0,0,1,11,1 win & 11 nominations total,2026-08-21,false,,,73,90,52,63,13,"Similar to The Penguin and The Sopranos, which you loved."
show:116569,Black Space,2020,show,Watched,170723,tt13660638,116569,7,2026-07-28T19:26:39.000Z,16,1970-01-01T00:00:00.000Z,16,caught-up,false,,,Drama; Crime,A rogue detective with unorthodox means leads an investigation into a massacre committed by unicorn mask-wearing assassins at an Israeli high school.,high school; murder investigation; mass shooting; blackspace,he,6.794,34,2.2204,274479; 124814; 873; 900; 904; 1043; 206485; 274505; 274694; 303824; 1167; 29393; 1144; 1101; 206619; 124834; 206688; 59679; 1370; 60129,213306; 126167; 61457; 58841; 40675; 287238; 61056; 61741; 228026; 1405; 247518; 72745; 4040; 87773; 158083; 3476; 29574; 39852; 2750; 87784,Lynley; Columbo; Skins; Lincoln Heights; Murder in Mind,Guri Alfi; Reut Alush; Moris Cohen; Naya Bienstock; Omer Nudelman,2020-12-13,45,Anat Gafni,,Ended,2,16,2026-08-21,,,6.7,2716,0,0,0,0,0,0,N/A,2026-08-21,false,,,44,80,34,,0,"Similar to Dexter, which you loved."
movie:487558,BlacKkKlansman,2018,movie,Watched,334724,tt7349662,487558,7,2018-08-10T00:00:00.000Z,1,2018-08-10T00:00:00.000Z,,,false,,,Crime; Comedy; Drama; History,"Colorado Springs, late 1970s. Ron Stallworth, an African American police officer, and Flip Zimmerman, his Jewish colleague, run an undercover operation to infiltrate the Ku Klux Klan.",based on novel or book; ku klux klan; 1970s; black panther party; biography; based on true story; undercover cop; racism; based on memoir or autobiography; revisionist history; white supremacy; thoughtful; defiant; kkk rally,en,7.488,8208,5.7014,263341; 263371; 263373; 1009679; 1388694; 813845; 1009772; 4032; 4049; 4107; 4193; 263782; 263799; 263815; 263839; 4464; 4476; 4481; 4483; 4484,316152; 686548; 9040; 1013601; 502425; 9366; 470044; 1082195; 22314; 615115; 520016; 556984; 41478; 438808; 466081; 374617; 12888; 88794; 4911; 979660,Hard Miles; Bloody Sunday; The Lindbergh Kidnapping Case; Seabiscuit; The Return of Martin Guerre,John David Washington; Adam Driver; Topher Grace; Laura Harrier; Alec Baldwin,2018-08-09,136,Spike Lee,,,,,2026-08-21,96,83,7.5,314003,1,0,0,0,46,215,Won 1 Oscar. 46 wins & 215 nominations total,2026-08-21,false,,,61,100,87,90,100,You've loved 1 title with John David Washington before.
movie:1372,Blood Diamond,2006,movie,Watched,911,tt0450259,1372,8,2026-08-21T15:22:04.000Z,1,2006-12-08T00:00:00.000Z,,,false,,,Drama; Thriller; Action,"An ex-mercenary turned smuggler. A Mende fisherman. Amid the explosive civil war overtaking 1999 Sierra Leone, these men join for two desperate missions: recovering a rare pink diamond of immense value and rescuing the fisherman's son, conscripted as a child soldier into the brutal rebel forces ripping a swath of torture and bloodshed countrywide.",bootlegger; journalist; smuggling (contraband); loss of loved one; africa; rwandan genocide; rebel; journalism; slavery; fisherman; mercenary; diamond mine; sierra leone; special unit; oppression,en,7.56,8472,11.3949,5001; 4975; 4976; 265066; 265070; 3513; 3562; 3640; 3595; 3597; 4347; 4351; 4352; 3877; 4984; 446164; 4911; 4599; 4413; 4460,109424; 127521; 20681; 1197306; 1172009; 951470; 1280450; 11983; 458156; 413846; 10081; 862552; 6106; 1167271; 8007; 846433; 1128546; 1119878; 34421; 842544,Before Night Falls; Love Is the Devil: Study for a Portrait of Francis Bacon; Legionnaire; Things We Lost in the Fire; Dark Blue,Leonardo DiCaprio; Djimon Hounsou; Jennifer Connelly; Kagiso Kuypers; Arnold Vosloo,2006-12-08,143,Edward Zwick,,,,,2026-08-21,64,64,8,624901,0,5,0,0,8,32,Nominated for 5 Oscars. 8 wins & 32 nominations total,2026-08-21,false,,,44,100,88,64,100,You've loved 1 title with Leonardo DiCaprio before.
show:61986,Bloodline,2015,show,Watched,81282,tt3520702,61986,8,2017-05-26T00:00:00.000Z,33,1970-01-01T00:00:00.000Z,33,caught-up,false,,,Drama,"A dramatic thriller that explores the demons lurking beneath the surface of a contemporary American family. The Rayburns are hard-working pillars of their Florida Keys community. But when the black sheep son comes home for the 45th anniversary of his parents' hotel, he threatens to expose the Rayburns' dark secrets and shameful past, pushing his siblings to the limits of family loyalty.",sibling relationship; florida; florida keys; dysfunctional family; psychological thriller; psychotic; mind game; family disharmony; dark; psychological; suspenseful; thriller; antagonistic; callous,en,7.11,413,13.0047,124548; 238251; 238253; 274555; 1042; 1053; 124643; 1274; 274776; 92739; 1086; 1087; 238549; 1104; 92602; 206629; 125030; 124861; 206674; 1396,72844; 249039; 262388; 1274; 1405; 46786; 269; 90399; 253321; 64199; 49010; 1398; 88055; 81358; 199318; 40008; 287238; 87773; 78191; 259702,The Temptation Of Happiness; Segunda muerte; El dentista; Revolutionary Girl Utena; Family Law,Kyle Chandler; Linda Cardellini; Norbert Leo Butz; Jamie McShane; Sissy Spacek,2015-03-20,60,Glenn Kessler,,Ended,3,33,2026-08-21,,71,7.8,62592,0,0,1,0,5,18,Won 1 Primetime Emmy. 5 wins & 18 nominations total,2026-08-21,false,,,76,90,58,71,48,You've loved 1 title with Kyle Chandler before.
show:1621,Boardwalk Empire,2010,show,Watched,1610,tt0979432,1621,9,2014-10-26T00:00:00.000Z,56,1970-01-01T00:00:00.000Z,56,caught-up,false,,,Crime; Drama,"Atlantic City at the dawn of Prohibition is a place where the rules don't apply. And the man who runs things -- legally and otherwise -- is the town's treasurer, Enoch ""Nucky"" Thompson, who is equal parts politician and gangster.",new jersey; prohibition era; hitman; gangster; atlantic city; bootlegging; mobster; bordello; historical fiction; period drama; historical; political corruption; government corruption; whorehouse; revenge killing,en,8.02,1302,39.398,92090; 124595; 92135; 124764; 124812; 124817; 274561; 844; 799; 814; 1042; 59215; 59312; 29063; 274641; 274570; 274660; 303798; 303810; 303944,60574; 54650; 1398; 209876; 79086; 125949; 278624; 97890; 72742; 79618; 75540; 66025; 1409; 125282; 247718; 286709; 69541; 218351; 101591; 119845,Blade of the Immortal; The Imperial Coroner; Rise of the Great Wall; Faith Makes Great; Love in the Moonlight,Steve Buscemi; Kelly Macdonald; Michael Shannon; Shea Whigham; Stephen Graham,2010-09-19,,Terence Winter,,Ended,5,56,2026-08-21,,83,8.6,215105,0,0,20,0,64,186,Won 20 Primetime Emmys. 64 wins & 186 nominations total,2026-08-21,false,,,100,95,70,83,100,You've loved 1 title from creator Terence Winter before.
movie:424694,Bohemian Rhapsody,2018,movie,Watched,300068,tt1727824,424694,8,2018-11-02T00:00:00.000Z,1,2018-11-02T00:00:00.000Z,,,false,,,Music; Drama,"Singer Freddie Mercury, guitarist Brian May, drummer Roger Taylor and bass guitarist John Deacon take the music world by storm when they form the rock 'n' roll band Queen in 1970. Hit songs become instant classics. When Mercury's increasingly wild lifestyle starts to spiral out of control, Queen soon faces its greatest challenge yet – finding a way to keep the band together amid the success and excess.","london, england; aids; musician; 1970s; biography; based on true story; singer; hiv; male homosexuality; fame; rock band; lgbt; 1980s; gay theme; excited",en,7.953,17952,15.4762,49213; 49214; 853670; 49221; 49225; 299191; 49232; 299213; 1232750; 299264; 1232827; 49360; 667316; 486946; 1056928; 1057006; 1429926; 853799; 49462; 49471,786; 472451; 998846; 696157; 1230368; 531033; 802219; 537116; 259433; 21634; 209451; 661539; 630566; 205596; 9800; 1038263; 454652; 440918; 15765; 297806,Age of Consent; A Complete Unknown,Rami Malek; Gwilym Lee; Ben Hardy; Joseph Mazzello; Lucy Boynton,2018-10-24,135,Bryan Singer,,,,,2026-08-21,60,49,7.9,638785,4,0,0,0,50,80,Won 4 Oscars. 50 wins & 80 nominations total,2026-08-21,false,,,52,100,95,55,100,You've loved 1 title with Rami Malek before.
show:42445,Borgen,2010,show,Watched,42221,tt1526318,42445,8,2022-06-02T00:00:00.000Z,30,1970-01-01T00:00:00.000Z,30,caught-up,false,,,Drama,"40-year old political leader Birgitte Nyborg secures her party a landslide victory through her idealism and huge effort, then faces the biggest challenge of her life: how most effectively to use the newly won seats, and how far she is willing to go in order to gain as much influence as possible.",denmark; scandinavia; politics; parliament; politician; government; democracy; female politician; nordic; political; political drama,da,8.054,276,9.8966,277414; 95286; 127865; 62459; 240940; 62614; 62814; 95603; 62896; 31553; 128459; 91016; 28196; 235; 123626; 237422; 58464; 91506; 91725; 58776,203281; 11924; 127865; 90399; 396; 51537; 43193; 250988; 125116; 130464; 4588; 39358; 43020; 130842; 69478; 100575; 262848; 253376; 205272; 323411,Banned Tape; The Chestnut Man; 1992; Kaj Munk; The Tiger,Sidse Babett Knudsen; Birgitte Hjort Sørensen; Mikael Birkkjær; Lars Knutzon; Søren Malling,2010-09-26,60,Adam Price,,Ended,3,30,2026-08-21,,91,8.5,32322,0,0,0,0,9,13,Won 1 BAFTA Award9 wins & 13 nominations total,2026-08-21,false,,,49,90,55,91,31,Fits your taste for Drama.
show:60585,Bosch,2015,show,Watched,60169,tt3502248,60585,9,2021-06-25T00:00:00.000Z,68,1970-01-01T00:00:00.000Z,68,caught-up,false,,,Mystery; Drama; Crime,"Harry Bosch, an LAPD homicide detective, stands trial for the fatal shooting of a serial murder suspect. A cold case involving the remains of a missing boy forces Bosch to confront his past. As daring recruit Julia Brasher catches his eye and departmental politics heat up, Bosch will pursue justice at all costs.","police; los angeles, california; murder investigation; lapd; homicide detective; neo-noir; murder suspect; father daughter relationship",en,7.927,747,50.0475,92154; 274479; 862; 873; 954; 1059; 206510; 994; 303824; 1037; 1180; 1167; 1259; 1274; 1305; 92586; 29393; 1144; 1095; 1097,1450; 203744; 2171; 32632; 85853; 46316; 246461; 256317; 4860; 115004; 62505; 202308; 87784; 3797; 34415; 1431; 66023; 239826; 72748; 106349,Lynley; In the Heat of the Night; Columbo; The Rockford Files; Copenhagen Cowboy,Titus Welliver; Jamie Hector; Amy Aquino; Lance Reddick; Madison Lintz,2015-01-14,,Eric Overmyer,,Ended,7,68,2026-08-21,,73,8.5,95424,0,0,0,1,9,14,Nominated for 1 Primetime Emmy. 9 wins & 14 nominations total,2026-08-21,false,,,82,90,64,73,40,You've loved 1 title from creator Eric Overmyer before.
show:64554,BrainDead,2016,show,Watched,106450,tt4877736,64554,8,2026-07-29T01:25:25.000Z,13,2016-09-12T02:44:00.000Z,13,caught-up,false,,,Sci-Fi & Fantasy; Drama; Comedy,"A young fresh-faced Hill staffer gets her first job in Washington, D.C. and discovers two things: 1. The government has stopped working, and 2. alien spawn have come to earth and eaten the brains of a growing number of Congressmen and Hill staffers.","washington dc, usa; politics; government; alien; usa politics",en,7.244,207,5.8237,889; 303799; 59617; 1153; 1263; 29642; 92779; 60286; 1441; 1481; 1425; 1429; 1433; 125474; 29810; 93169; 1578; 1435; 304450; 93483,127235; 1386; 323411; 85273; 128839; 85948; 82001; 6323; 157239; 1593; 51704; 34524; 21494; 34967; 67198; 31295; 67683; 156640; 97645; 111894,El Puntero; A Very British Coup; House of Cards; The Good Wife; Invasion,Mary Elizabeth Winstead; Danny Pino; Aaron Tveit; Tony Shalhoub; Nikki M. James,2016-06-13,45,Michelle King,,Canceled,1,13,2026-08-21,,61,8,12765,0,0,0,0,0,0,N/A,2026-08-21,false,,,67,90,52,61,0,You've loved 2 titles from creator Michelle King before.
show:1396,Breaking Bad,2008,show,Watched,1388,tt0903747,1396,10,2013-09-29T00:00:00.000Z,62,1970-01-01T00:00:00.000Z,62,caught-up,false,,,Drama; Crime,"Walter White, a New Mexico chemistry teacher, is diagnosed with Stage III cancer and given a prognosis of only two years left to live. He becomes filled with a sense of fearlessness and an unrelenting desire to secure his family's financial future at any cost as he enters the dangerous world of drugs and crime.",new mexico; drug dealer; narcissism; psychopath; terminal illness; outlaw; dark comedy; cancer; tragedy; drugs; criminal; meth lab; drug lord; high school teacher; dea agent,en,8.949,18433,142.4175,124548; 124578; 92137; 238251; 238253; 206263; 238419; 895; 899; 900; 92246; 59410; 59648; 1205; 1271; 1274; 92537; 92621; 92739; 238549,60059; 80968; 71694; 63351; 128904; 66025; 66676; 81358; 40008; 137893; 194764; 239826; 71715; 225171; 64199; 100010; 54650; 4920; 39852; 67744,The Temptation Of Happiness; More than Blue: The Series; ZeroZeroZero; Segunda muerte; El dentista,Bryan Cranston; Aaron Paul; Anna Gunn; RJ Mitte; Dean Norris,2008-01-20,,Vince Gilligan,,Ended,5,62,2026-08-21,96,,9.5,2602845,0,0,16,0,172,269,Won 16 Primetime Emmys. 172 wins & 269 nominations total,2026-08-21,false,,,100,100,95,96,100,You've loved 3 titles from creator Vince Gilligan before.
movie:296098,Bridge of Spies,2015,movie,Watched,193081,tt3682448,296098,7,2015-10-16T00:00:00.000Z,1,2015-10-16T00:00:00.000Z,,,false,,,Thriller; Drama,"During the Cold War, the Soviet Union captures U.S. pilot Francis Gary Powers after shooting down his U-2 spy plane. Sentenced to 10 years in prison, Powers' only hope is New York lawyer James Donovan, recruited by a CIA operative to negotiate his release. Donovan boards a plane to Berlin, hoping to win the young man's freedom through a prisoner exchange. If all goes well, the Russians would get Rudolf Abel, the convicted spy who Donovan defended in court.",central intelligence agency (cia); spy; cold war; soviet union; pilot; based on true story; lawyer; american; courtroom; russian spy; legal drama,en,7.243,7374,12.9076,1384528; 440075; 440298; 440472; 440626; 440429; 1373801; 1373873; 1374573; 994337; 1375187; 1375684; 995746; 426249; 426615; 427033; 426958; 426966; 426780; 427393,522241; 1087891; 137094; 26578; 31604; 4614; 4169; 2370; 9331; 11975; 2503; 31067; 38363; 860; 577922; 302401; 1088166; 46041; 12505; 9944,The Sum of All Fears; Breach; Topaz; Tenet,Tom Hanks; Mark Rylance; Amy Ryan; Alan Alda; Sebastian Koch,2015-10-15,141,Steven Spielberg,,,,,2026-08-21,91,81,7.6,343045,1,0,0,0,30,105,Won 1 Oscar. 30 wins & 105 nominations total,2026-08-21,false,,,78,100,86,86,100,"Similar to Tenet, which you loved."
show:60839,Broad City,2014,show,Watched,74880,tt2578560,60839,8,2026-07-29T00:24:02.000Z,50,2019-03-29T02:25:00.000Z,50,caught-up,false,,,Comedy; Drama,"Broad City follows two women throughout their daily lives in New York City, making the smallest and mundane events hysterical and disturbing to watch all at the same time.",new york city; female friendship; cannabis; buddy comedy; sitcom; young adult; playful; whimsical; bewildered; bold,en,7.127,248,14.9049,61429; 2219; 2174; 2180; 2184; 2190; 2191; 2206; 2207; 2210; 2211; 2280; 2283; 2286; 2291; 2292; 2295; 2248; 2251; 2262,2398; 1400; 4454; 1964; 5269; 1668; 39331; 1803; 1850; 39340; 48891; 2251; 1825; 115; 39859; 3497; 162; 94686; 4107; 1938,Maude; One Day at a Time; 'Allo 'Allo!; The Loop; The War at Home,Abbi Jacobson; Ilana Glazer,2014-01-22,30,Ilana Glazer,,Ended,5,50,2026-08-21,,82,8.4,38383,0,0,1,0,2,19,Won 1 Primetime Emmy. 2 wins & 19 nominations total,2026-08-21,false,,,62,90,54,82,43,"Similar to Seinfeld, which you loved."
show:70964,Brockmire,2017,show,Watched,115696,tt5722190,70964,8,2020-05-06T00:00:00.000Z,32,1970-01-01T00:00:00.000Z,32,caught-up,false,,,Comedy; Drama,A famed major league baseball announcer who suffers an embarrassing and very public meltdown live on the air after discovering his beloved wife's serial infidelity decides to reclaim his career and love life in a small town a decade later.,baseball; sports; workplace comedy,en,6.814,70,8.4342,243140; 35348; 131141; 7798; 7777; 310289; 310429; 131041; 310143; 212198; 8010; 131375; 97727; 97546; 65141; 127897; 4277; 4278; 61820; 209100,244623; 112211; 78950; 116450; 1229; 71209; 71199; 247767; 33922; 36994; 203614; 154385; 1915; 62704; 219788; 86893; 3002; 1568; 1974; 126914,American Sports Story: Aaron Hernandez; Ted Lasso; Friday Night Lights; Running Point; Platonic,Hank Azaria; Amanda Peet; Reina Hardesty,2017-04-05,23,,,Ended,4,32,2026-08-21,,83,8,6757,0,0,0,0,0,0,3 nominations total,2026-08-21,false,,,58,70,41,83,0,"Similar to Ted Lasso and Friday Night Lights, which you loved."
show:48891,Brooklyn Nine-Nine,2013,show,Watched,48587,tt2467372,48891,8,2021-09-16T00:00:00.000Z,152,1970-01-01T00:00:00.000Z,152,caught-up,false,,,Comedy; Crime,"A single-camera ensemble comedy following the lives of an eclectic group of detectives in a New York precinct, including one slacker who is forced to shape up when he gets a new boss.","new york city; detective; police; workplace; big city; brooklyn, new york city; nypd; sitcom; workplace comedy; amused; sharp",en,8.211,4088,65.4016,2898; 2904; 2905; 277315; 2947; 95341; 2987; 208932; 277445; 2996; 95272; 127865; 95170; 95182; 94951; 240932; 2635; 2647; 2652; 2651,3253; 1400; 4277; 1964; 44857; 162; 2187; 202101; 4439; 110; 62649; 39340; 4454; 2299; 43082; 5258; 1668; 4239; 971; 67117,Small Wonder; Cafe Americain; The Ropers; Ha Ha Maker; Veep,Andy Samberg; Melissa Fumero; Terry Crews; Joe Lo Truglio; Stephanie Beatriz,2013-09-17,,Daniel J. Goor,,Ended,8,152,2026-08-21,,73,8.4,412257,0,0,2,0,19,129,Won 2 Primetime Emmys. 19 wins & 129 nominations total,2026-08-21,false,,,71,95,81,73,100,"Similar to Seinfeld, which you loved."
movie:701387,Bugonia,2025,movie,Watched,545111,tt12300742,701387,8,2025-10-24T00:00:00.000Z,1,2025-10-24T00:00:00.000Z,,,false,,,Science Fiction; Thriller; Comedy,"Two conspiracy obsessed young men kidnap the high-powered CEO of a major company, convinced that she is an alien intent on destroying planet Earth.",saving the world; capitalism; kidnapping; paranoia; delusion; symbolism; dark comedy; satire; alien; remake; extraterrestrial; alien invasion; power politics; mental illness; hierarchy,en,7.3,2277,20.6003,315623; 1448938; 1249943; 69469; 315838; 876606; 876655; 73827; 74035; 691018; 73395; 1084153; 318917; 73567; 73500; 690440; 318941; 73604; 73636; 73697,8337; 696506; 507244; 13820; 736769; 26639; 1272; 424781; 7512; 4965; 296; 605722; 1190012; 218; 534; 220289; 410199; 865; 8069; 597890,Killer Joe; Sorry to Bother You; Impostor; Terminator Salvation,Emma Stone; Jesse Plemons; Aidan Delbis; Stavros Halkias; Alicia Silverstone,2025-10-23,119,Yorgos Lanthimos,,,,,2026-08-21,88,72,7.4,216094,0,4,0,0,12,150,Nominated for 4 Oscars. 12 wins & 150 nominations total,2026-08-21,false,,,66,95,75,80,100,You've loved 1 title from director Yorgos Lanthimos before.
movie:718930,Bullet Train,2022,movie,Watched,561702,tt12593682,718930,7,2022-08-05T00:00:00.000Z,1,2022-08-05T00:00:00.000Z,,,false,,,Action; Comedy; Thriller,"Unlucky assassin Ladybug is determined to do his job peacefully after one too many gigs gone off the rails. Fate, however, may have other plans, as Ladybug's latest mission puts him on a collision course with lethal adversaries from around the globe—all with connected, yet conflicting, objectives—on the world's fastest train.",mission; japan; assassin; based on novel or book; hitman; briefcase; train; luck; runaway train; deadly snake; duringcreditsstinger; train travel; professional assassin; interwoven stories; high speed,en,7.409,7803,13.4076,1389255; 4951; 4959; 4977; 5062; 446100; 3536; 3573; 3594; 264425; 4311; 4349; 1195803; 1388694; 4964; 4968; 1567605; 5052; 446164; 626767,8909; 399035; 278924; 22832; 808023; 879444; 4959; 1217379; 876969; 14576; 1007427; 1167271; 49021; 20411; 578701; 180894; 970347; 628847; 10431; 46528,The Number 23; Accident Man: Hitman's Holiday; Killer Elite; War,Brad Pitt; Joey King; Aaron Taylor-Johnson; Brian Tyree Henry; Andrew Koji,2022-08-03,126,David Leitch,,,,,2026-08-21,53,49,7.3,519374,0,0,0,0,2,19,2 wins & 19 nominations total,2026-08-21,false,,,58,100,87,51,23,You've loved 1 title from director David Leitch before.
show:1215,Californication,2007,show,Watched,1209,tt0904208,1215,10,2026-07-29T01:22:07.000Z,84,2014-06-30T01:58:00.000Z,84,caught-up,true,,,Comedy; Drama,"A self-loathing, alcoholic writer attempts to repair his damaged relationships with his daughter and her mother while combating sex addiction, a budding drug problem, and the seeming inability to avoid making bad decisions.",california; self-destruction; change; addiction; writer; willpower,en,7.632,1354,40.7099,240940; 3004; 63161; 306625; 3164; 3200; 3284; 3300; 93; 257; 35; 28172; 123377; 50; 237013; 65; 353; 484; 123612; 509,46653; 61118; 136739; 72787; 1396; 154385; 96734; 130464; 2595; 73200; 186; 4493; 203614; 65315; 117581; 34307; 116450; 18053; 66025; 96231,Kaj Munk; Newhart; Crazy Ex-Girlfriend; Even Stevens; Rude Awakening,David Duchovny; Natascha McElhone; Evan Handler; Pamela Adlon,2007-08-13,28,Tom Kapinos,,Ended,7,84,2026-08-21,,64,8.3,194069,0,0,2,0,6,32,Won 2 Primetime Emmys. 6 wins & 32 nominations total,2026-08-21,false,,,82,95,70,64,84,You've loved 1 title from creator Tom Kapinos before.
show:277439,Cape Fear,2026,show,Watched,264291,tt34675596,277439,6,2026-08-20T02:35:33.000Z,10,2026-07-31T01:49:00.000Z,10,caught-up,false,,,Crime; Drama,"When convicted murderer Max Cady is released from prison, he begins infiltrating the family of the married attorneys who helped put him behind bars.",based on novel or book; stalker; revenge; dysfunctional family; psychological thriller; ex-con; troubled teen; revenge thriller; attorney; absurd; cliché; embarrassed; farcical,en,7.172,151,31.1015,61459; 61511; 2215; 2288; 305250; 305253; 240150; 94143; 276355; 276357; 94277; 94285; 94292; 61338; 61427; 61431; 305276; 126560; 126572; 126576,287238; 116799; 241372; 70485; 81358; 67384; 67744; 66025; 108181; 64199; 278624; 239946; 39852; 286801; 78191; 72750; 213306; 82883; 131927; 217211,Parasyte -the maxim-; Father Brown; Monarch of the Glen; Prison Break; Sarawat Mae Luk On,Amy Adams; Javier Bardem; Patrick Wilson; Joe Anders; Lily Collias,2026-06-04,,Nick Antosca,,Ended,1,10,2026-08-21,,,6.9,6719,0,0,0,0,0,0,N/A,2026-08-21,false,,,81,85,49,,0,You've loved 1 title with Amy Adams before.
show:71116,Castle Rock,2018,show,Watched,123489,tt6548228,71116,8,2019-12-11T00:00:00.000Z,20,1970-01-01T00:00:00.000Z,20,caught-up,false,,,Mystery; Drama,"Based on the stories of Stephen King, the series intertwines characters and themes from the fictional town of Castle Rock.",anthology; maine; horror anthology; supernatural power; horror,en,7.236,700,18.6363,2913; 277453; 127674; 95041; 95516; 95767; 209001; 95673; 95675; 95693; 95822; 128098; 128115; 127955; 128030; 31613; 209466; 128292; 209412; 185,3470; 113036; 7143; 94251; 43358; 73987; 4346; 12832; 4340; 86686; 75191; 1386; 83659; 83135; 65784; 120462; 124364; 68315; 10370; 67752,The Stranded; Masters of Horror; American Horror Stories; The Hunger; The Terror,Lizzy Caplan; Tim Robbins; Elsie Fisher; Yusra Warsama; Barkhad Abdi,2018-07-25,60,Dustin Thomason,,Canceled,2,20,2026-08-21,,,7.5,54632,0,0,0,1,1,20,Nominated for 1 Primetime Emmy. 1 win & 20 nominations total,2026-08-21,false,,,48,90,64,,30,Titles you loved list this as similar or recommended (1 time).
show:61920,Catastrophe,2015,show,Watched,93843,tt4374208,61920,8,2026-07-29T00:26:56.000Z,24,2019-02-12T22:28:00.000Z,24,caught-up,false,,,Comedy,Rob Delaney and Sharon Horgan write and star in a comedy that follows an American man and an Irish woman who make a bloody mess as they struggle to fall in love in London.,"london, england; jealousy; husband wife relationship; marriage proposal; ex-boyfriend; pregnancy; stag night; romcom; parenthood; dating; drinking; school teacher; sitcom; alcoholics anonymous; unplanned pregnancy",en,7.537,174,6.0107,964; 971; 977; 981; 92152; 92153; 92154; 92139; 124740; 92417; 846; 847; 805; 809; 815; 817; 848; 867; 868; 869,815; 4493; 93288; 42032; 1568; 1393; 4556; 7317; 62668; 84282; 380; 243316; 203614; 61871; 4546; 64339; 112211; 33002; 249023; 4731,WKRP in Cincinnati; Peep Show; 'Til Death; Lovesick; Little Britain,Sharon Horgan; Rob Delaney; Mark Bonnar; Ashley Jensen; Daniel Lapaine,2015-01-19,24,Rob Delaney,,Ended,4,24,2026-08-21,,87,8.2,25465,0,0,0,2,12,23,Nominated for 2 Primetime Emmys. 12 wins & 23 nominations total,2026-08-21,false,,,51,85,50,87,63,"Similar to Curb Your Enthusiasm, which you loved."
movie:937287,Challengers,2024,movie,Watched,752123,tt16426418,937287,7,2024-04-26T00:00:00.000Z,1,2024-04-26T00:00:00.000Z,,,false,,,Drama; Romance,"Tennis player turned coach Tashi has taken her husband, Art, and transformed him into a world-famous Major champion. To jolt him out of his recent losing streak, she signs him up for a ""Challenger"" event — close to the lowest level of pro tournament — where he finds himself standing across the net from his former best friend and Tashi's former boyfriend.",infidelity; husband wife relationship; love triangle; sports; tennis; competition; eroticism; atlanta; tennis player; male friendship; rivalry; interracial marriage; threesome; tennis court; ex-boyfriend ex-girlfriend relationship,en,6.9,2787,15.1111,3933; 3934; 4043; 4476; 4483; 4494; 4507; 4519; 1010170; 4579; 4580; 626262; 263408; 813723; 813735; 263585; 4148; 4169; 4440; 626604,619979; 910571; 17443; 42634; 2288; 1440; 2251; 1259; 4148; 1292415; 18190; 1078600; 41913; 210577; 87492; 18538; 1317672; 392982; 744114; 51994,The Return of Martin Guerre; Revolutionary Road; Breach; Marked Men: Rule + Shaw; Gone Girl,Zendaya; Mike Faist; Josh O'Connor; Darnell Appling; Bryan Doo,2024-04-18,132,Luca Guadagnino,,,,,2026-08-21,88,82,7,177602,0,0,0,0,77,152,77 wins & 152 nominations total,2026-08-21,false,,,51,95,77,85,100,Fits your taste for Drama / Romance.
show:713,Chappelle's Show,2003,show,Watched,711,tt0353049,713,10,2026-07-29T01:22:30.000Z,28,2006-07-24T02:22:00.000Z,28,caught-up,false,,,Comedy,Dave Chappelle's singular point of view is unleashed through a combination of laidback stand-up and street-smart sketches.,sketch comedy,en,8.105,446,7.7498,804; 849; 905; 906; 1027; 59136; 29130; 59448; 1229; 1245; 125114; 29317; 29503; 1440; 1459; 1551; 60698; 1658; 1667; 1679,1915; 33922; 10420; 1229; 90877; 849; 610; 1551; 4415; 1459; 11163; 88728; 7985; 380; 1795; 76345; 203614; 112211; 709; 40520,"Monty Python's Flying Circus; Tim and Eric Awesome Show, Great Job!; The Larry Sanders Show; Portlandia; The Whitest Kids U' Know",Dave Chappelle,2003-01-22,22,Neal Brennan,,Ended,3,28,2026-08-21,,,8.8,78448,0,0,0,3,7,16,Nominated for 3 Primetime Emmys. 7 wins & 16 nominations total,2026-08-21,false,,,67,90,59,,54,You've loved 1 title from creator Neal Brennan before.
show:87108,Chernobyl,2019,show,Watched,145186,tt7366338,87108,10,2026-07-29T00:49:18.000Z,5,2019-06-04T02:13:00.000Z,5,caught-up,true,,,Drama,The true story of one of the worst man-made catastrophes in history: the catastrophic nuclear accident at Chernobyl. A tale of the brave men and women who sacrificed to save Europe from unimaginable disaster.,"based on true story; disaster; miniseries; nuclear catastrophe; 1980s; chernobyl, ukraine",en,8.721,8190,33.2896,277387; 95341; 208921; 208923; 241259; 241363; 127735; 95041; 95210; 62458; 62421; 306213; 127948; 127856; 31199; 31310; 31319; 241405; 2953; 241473,244321; 232342; 138169; 248416; 90972; 199001; 223313; 32675; 48866; 109958; 156820; 222405; 197434; 244244; 73607; 72787; 87049; 137893; 129612; 90870,Ramona; Shantaram; Rivals; Sunset Song; Baby Reindeer,Jared Harris; Stellan Skarsgård; Emily Watson; Paul Ritter; Jessie Buckley,2019-05-06,,Craig Mazin,,Ended,1,5,2026-08-21,,82,9.3,1031497,0,0,10,0,87,60,Won 10 Primetime Emmys. 87 wins & 60 nominations total,2026-08-21,false,,,71,100,87,82,100,You've loved 1 title from creator Craig Mazin before.
movie:9693,Children of Men,2006,movie,Watched,4965,tt0206634,9693,8,2026-08-21T15:17:14.000Z,1,2006-09-22T00:00:00.000Z,,,false,,,Science Fiction; Thriller; Action,"In 2027, in a chaotic world in which humans can no longer procreate, a former activist agrees to help transport a miraculously pregnant woman to a sanctuary at sea, where her child's birth may help scientists save the future of humankind.",future; government; police state; based on novel or book; hippie; england; faith; chaos; refugee camp; rebel; dystopia; miracle; childlessness; survival; psychological thriller,en,7.614,8027,11.39,1448938; 1627818; 506482; 315837; 690583; 510464; 73861; 319287; 74026; 74035; 691018; 74198; 510242; 73529; 318922; 73567; 73587; 510276; 1253553; 1452888,1196573; 9922; 316727; 206487; 604079; 865; 1635; 752; 798645; 20504; 9314; 12088; 442249; 808396; 10413; 333371; 406990; 7299; 324670; 11234,Ghost in the Shell; A Serbian Film; Fantômas; Under Still Waters; The Penthouse,Clive Owen; Clare-Hope Ashitey; Chiwetel Ejiofor; Julianne Moore; Michael Caine,2006-09-22,109,Alfonso Cuarón,,,,,2026-08-21,92,84,7.9,557669,0,3,0,0,49,89,Nominated for 3 Oscars. 49 wins & 89 nominations total,2026-08-21,false,,,49,100,87,88,100,Fits your taste for Science Fiction / Thriller.
movie:921,Cinderella Man,2005,movie,Watched,763,tt0352248,921,8,2026-08-21T15:16:47.000Z,1,2005-06-02T00:00:00.000Z,,,false,,,Romance; Drama; History,"The true story of boxer Jim Braddock who, following his retirement in the 1930s, makes a surprise comeback in order to lift his family out of poverty.",daughter; transporter; sports; irish-american; socially deprived family; boxer; family's daily life; netherlands; comeback; defeat; training; heavy weight; folk hero; biography; based on true story,en,7.583,2463,4.9166,4958; 4988; 4997; 5001; 4975; 1009679; 446112; 3526; 3549; 3558; 264098; 264185; 626332; 4985; 4734; 445839; 815029; 815062; 4464; 4483,878361; 16992; 610219; 11259; 480857; 688; 426203; 710356; 777270; 40718; 858024; 222935; 26333; 753336; 1061699; 589612; 762975; 434767; 1317149; 588787,Wonderland; Before Night Falls; Love Is the Devil: Study for a Portrait of Francis Bacon; Hard Miles; James Joyce's 'Ulysses',Russell Crowe; Renée Zellweger; Paul Giamatti; Craig Bierko; Paddy Considine,2005-06-02,144,Ron Howard,,,,,2026-08-21,80,69,8,207429,0,3,0,0,16,45,Nominated for 3 Oscars. 16 wins & 45 nominations total,2026-08-21,false,,,40,95,76,75,100,You've loved 1 title with Paul Giamatti before.
movie:929590,Civil War,2024,movie,Watched,745438,tt17279496,929590,10,2024-04-12T00:00:00.000Z,1,2024-04-12T00:00:00.000Z,,,false,,,War; Action; Drama,"In the near future, a group of war journalists attempt to survive while reporting the truth as the United States stands on the brink of civil war.","sniper; new york city; race against time; usa president; washington dc, usa; the white house; civil war; post-traumatic stress disorder (ptsd); war crimes; photographer; militia; journalism; dystopia; war photographer; road trip",en,6.847,4489,11.9923,49220; 1607874; 49456; 49471; 49511; 49526; 49527; 49530; 49542; 1057103; 49622; 1233208; 1233218; 49266; 299319; 49444; 1232918; 46984; 47018; 46902,625; 293767; 475132; 8988; 347629; 6106; 600; 442065; 383585; 12503; 489245; 39787; 792; 14911; 28730; 1439930; 11358; 46217; 14905; 832964,Premium Rush; In Time; The Passion of Ayn Rand; Kung Fu Panda 2; A Invasão,Kirsten Dunst; Wagner Moura; Cailee Spaeny; Stephen McKinley Henderson; Nelson Lee,2024-04-10,109,Alex Garland,,,,,2026-08-21,81,75,7,263048,0,0,0,0,10,62,10 wins & 62 nominations total,2026-08-21,false,,,70,95,82,78,82,You've loved 2 titles from director Alex Garland before.
show:129495,Clickbait,2021,show,Watched,158249,tt10888878,129495,7,2021-08-25T00:00:00.000Z,8,1970-01-01T00:00:00.000Z,8,caught-up,false,,,Drama; Mystery; Crime,"When family man Nick Brewer is abducted in a crime with a sinister online twist, those closest to him race to uncover who is behind it and why.","san francisco, california; adultery; detective; kidnapping; psychological thriller; missing person; social media; multiple perspectives; viral video; family man; geocache; brother sister relationship; adulterous affair; marital issues; mystery",en,7.126,463,7.6609,241315; 241372; 208932; 277439; 95272; 127641; 127865; 95041; 240932; 240975; 305839; 2651; 127896; 31205; 62625; 62707; 95485; 62829; 62864; 241585,61555; 80054; 125366; 100010; 83851; 78191; 87773; 241372; 2734; 156933; 287238; 210787; 100414; 66025; 203744; 106388; 88055; 202308; 157061; 220801,Mouse; 56 Days; Cell 8; Cape Fear; Lincoln Rhyme: Hunt for the Bone Collector,Adrian Grenier; Zoe Kazan; Betty Gabriel; Phoenix Raei; Camaron Engels,2021-08-25,,Christian White,,Ended,1,8,2026-08-21,,47,7.2,65197,0,0,0,0,2,6,2 wins & 6 nominations total,2026-08-21,false,,,45,90,60,47,10,You've loved 1 title with Adrian Grenier before.
show:59717,Comedians in Cars Getting Coffee,2012,show,Watched,59320,tt2314952,59717,10,2026-07-29T00:26:12.000Z,84,2019-07-19T07:41:00.000Z,84,caught-up,false,,,Comedy; Talk,"Jerry takes his comedy pals out for coffee in a selection of his classic automobiles. Larry David sums it up best when he says, 'You've finally made a show about nothing.'",coffee; comedian,en,7.108,181,15.0731,984; 819; 91873; 1120; 1220; 126750; 3181; 62557; 241414; 62999; 95722; 63285; 279990; 63404; 63980; 131013; 7038; 2197; 92874; 276166,4787; 4573; 72025; 1915; 77076; 1229; 112211; 56590; 33922; 123149; 90877; 1974; 4415; 82193; 31497; 4419; 76178; 3002; 5580; 713,"The Graham Norton Show; Jam; The Larry Sanders Show; Tim and Eric Awesome Show, Great Job!; Platonic",Jerry Seinfeld,2012-07-19,23,Jerry Seinfeld,,Ended,11,84,2026-08-21,,61,8,14016,0,0,0,5,11,10,Nominated for 5 Primetime Emmys. 11 wins & 10 nominations total,2026-08-21,false,,,69,85,50,61,72,You've loved 2 titles from creator Jerry Seinfeld before.
movie:974576,Conclave,2024,movie,Watched,783046,tt20215234,974576,6,2024-10-25T00:00:00.000Z,1,2024-10-25T00:00:00.000Z,,,false,,,Drama; Thriller,"After the unexpected death of the Pope, Cardinal Lawrence is tasked with managing the covert and ancient ritual of electing a new one. Sequestered in the Vatican with the Catholic Church’s most powerful leaders until the process is complete, Lawrence finds himself at the center of a conspiracy that could lead to its downfall.",vatican (holy see); pope; religion; election; roman catholic church; catholicism; cardinal; philosophical; papal conclave; introspective; provocative; conspiracy thriller; critical; catholic monarchs; intense,en,7.191,3546,13.4793,1448938; 1080003; 1253511; 1453131; 318781; 690802; 81707; 1259730; 1259849; 1639530; 325789; 82745; 1093995; 83013; 83311; 1640381; 884747; 1261148; 1261076; 1640593,551332; 17665; 4169; 1106739; 18050; 127373; 75889; 592; 520318; 374515; 162903; 32767; 159389; 314365; 1084066; 9944; 44691; 207932; 985617; 157351,Breach; Spotlight,Ralph Fiennes; Stanley Tucci; John Lithgow; Isabella Rossellini; Lucian Msamati,2024-10-25,120,Edward Berger,,,,,2026-08-21,93,79,7.4,257839,1,0,0,0,95,326,Won 1 Oscar. 95 wins & 326 nominations total,2026-08-21,false,,,72,95,79,86,100,You've loved 1 title with John Lithgow before.
movie:321741,Concussion,2015,movie,Watched,202681,tt3322364,321741,6,2015-12-25T00:00:00.000Z,1,2015-12-25T00:00:00.000Z,,,false,,,Drama,"A dramatic thriller based on the incredible true David vs. Goliath story of American immigrant Dr. Bennet Omalu, the brilliant forensic neuropathologist who made the first discovery of CTE, a football-related brain trauma, in a pro player and fought for the truth to be known. Omalu's emotional quest puts him at dangerous odds with one of the most powerful institutions in the world.",american football; concussion; biography; based on true story; doctor; social justice; professional sports; brain damage; sports injury; nfl (national football league); medical drama; human brain; sports controversy; biographical drama; cte (chronic traumatic encephalopathy),en,7.078,2758,4.1233,49225; 1232827; 486946; 1057006; 1429926; 853976; 1429912; 487058; 854015; 49622; 49688; 854086; 1232882; 49367; 49349; 299714; 299649; 484428; 46976; 46995,292011; 13920; 14914; 13416; 424600; 340027; 243352; 20544; 552178; 22683; 109410; 11005; 162903; 1084066; 249164; 42459; 857655; 295588; 11975; 462,Age of Consent; The Passion of Ayn Rand,Will Smith; Alec Baldwin; Albert Brooks; Gugu Mbatha-Raw; David Morse,2015-11-12,123,Peter Landesman,,,,,2026-08-21,58,55,7.1,103389,0,0,0,0,4,16,4 wins & 16 nominations total,2026-08-21,false,,,34,95,77,57,24,You've loved 1 title with David Morse before.
show:99747,Conversations with Friends,2022,show,Watched,163744,tt11997646,99747,7,2022-05-15T00:00:00.000Z,12,1970-01-01T00:00:00.000Z,12,caught-up,false,,,Drama,"Two college students, Frances and Bobbi, forge a strange and unexpected relationship with a married couple.",based on novel or book; miniseries; amused,en,6.9,88,4.9731,208883; 277387; 95341; 95344; 241372; 208921; 208923; 277439; 241275; 241363; 241290; 95279; 127651; 127735; 127865; 127875; 306201; 241166; 95041; 95210,108181; 248416; 285739; 109377; 240667; 273240; 223313; 118947; 284605; 95556; 130464; 323903; 72787; 95839; 207717; 155534; 229236; 220801; 131142; 197434,The Investigator; Ramona; Shantaram; When One Day I Will Sleep; 56 Days,Alison Oliver; Sasha Lane; Joe Alwyn; Jemima Kirke,2022-05-15,30,,,Ended,1,12,2026-08-21,,64,6.8,10324,0,0,0,0,2,7,2 wins & 7 nominations total,2026-08-21,false,,,32,70,44,64,11,You've loved 1 title with Jemima Kirke before.
show:68898,Crashing,2017,show,Watched,112817,tt5037914,68898,6,2026-08-21T15:30:36.000Z,24,2019-03-11T02:30:00.000Z,24,caught-up,false,,,Comedy; Drama,"A standup comic discovers that his wife is unfaithful, leading him to reevaluate his life amidst the New York City comedy scene.",new york city; comedian; joke telling; cringe,en,6.835,79,4.9995,61429; 2197; 2210; 2280; 2286; 2251; 61264; 61309; 61343; 2133; 2144; 30309; 276166; 2319; 2352; 2359; 2366; 61367; 126750; 61671,70796; 43822; 116450; 4546; 105; 1229; 1915; 1568; 62117; 61671; 112211; 70964; 33922; 64254; 56590; 4415; 90877; 66620; 10420; 849,Jam; Unbreakable Kimmy Schmidt; The Marvelous Mrs. Maisel; And Just Like That…; Curb Your Enthusiasm,Pete Holmes; Artie Lange; Lauren Lapkus; George Basil,2017-02-19,30,Pete Holmes,,Canceled,3,24,2026-08-21,,73,7.6,8695,0,0,0,0,0,0,N/A,2026-08-21,false,,,55,85,43,73,0,"Similar to The Marvelous Mrs. Maisel and Curb Your Enthusiasm, which you loved."
movie:312221,Creed,2015,movie,Watched,218281,tt3076658,312221,10,2015-11-25T00:00:00.000Z,1,2015-11-25T00:00:00.000Z,,,false,,,Drama,"The former World Heavyweight Champion Rocky Balboa serves as a trainer and mentor to Adonis Johnson, the son of his late friend and former rival Apollo Creed.","underdog; mexico; philadelphia, pennsylvania; sports; mentor; trainer; cancer; spin off; underground fighting; boxing trainer; motivational speaker; boxing; legacy; boxing manager; boxing champion",en,7.408,8077,9.4479,69183; 510498; 1084607; 73565; 73967; 325321; 1461491; 883189; 81471; 699115; 82257; 1260031; 81867; 82878; 1094605; 82684; 82693; 82295; 1093883; 82416,332979; 59440; 70; 307081; 45317; 184341; 1215798; 391757; 8456; 9563; 87492; 70006; 606870; 13823; 373546; 1578; 28528; 20857; 522938; 33762,Bleed for This; Million Dollar Baby; Southpaw; The Fighter; Hands of Stone,Michael B. Jordan; Sylvester Stallone; Tessa Thompson; Phylicia Rashād; Andre Ward,2015-11-25,133,Ryan Coogler,Creed Collection,,,,2026-08-21,95,82,7.6,330457,0,1,0,0,45,66,Nominated for 1 Oscar. 45 wins & 66 nominations total,2026-08-21,false,,,93,100,87,89,100,You loved Creed and Creed II — this is another entry in the same Creed franchise.
movie:480530,Creed II,2018,movie,Watched,331682,tt6343314,480530,9,2018-11-21T00:00:00.000Z,1,2018-11-21T00:00:00.000Z,,,false,,,Drama; Action,"Between personal obligations and training for his next big fight against an opponent with ties to his family's past, Adonis Creed is up against the challenge of his life.","sports; rivalry; sequel; los angeles, california; angry; boxing; thoughtful; reflective; dedicated; box ring; ukraine; amused; antagonistic; apologetic; awestruck",en,7.036,5881,8.9859,299213; 1056803; 1607888; 1608013; 49503; 49516; 49524; 49530; 49538; 853867; 667585; 1057265; 1607845; 1429813; 49444; 486917; 46958; 484616; 47178; 47115,1374; 677179; 168259; 13074; 10400; 39254; 82992; 9815; 385687; 1246; 878361; 58975; 506680; 18684; 1380682; 31623; 257747; 385128; 16993; 1380,Rascal Does Not Dream of a Sister Venturing Out; Kaguya-sama: Love is War - Final Chapter; Black Mask 2: City of Masks; R.I.P.D.; In Time,Michael B. Jordan; Sylvester Stallone; Tessa Thompson; Wood Harris; Russell Hornsby,2018-11-21,130,Steven Caple Jr.,Creed Collection,,,,2026-08-21,83,66,7.1,167419,0,0,0,0,1,12,1 win & 12 nominations total,2026-08-21,false,,,73,100,84,75,14,You loved Creed and Creed II — this is another entry in the same Creed franchise.
show:98201,Cruel Summer,2021,show,Watched,162281,tt11083696,98201,7,2023-07-31T00:00:00.000Z,20,1970-01-01T00:00:00.000Z,20,caught-up,false,,,Mystery; Drama,"Taking place over three summers - 1993, 1994, 1995 - in a small Texas town, a beautiful popular teen, Kate, is abducted and, seemingly unrelated, a girl, Jeanette, goes from being a sweet, awkward outlier to the most popular girl in town and, by ’95, the most despised person in America.",anthology; psychological thriller; summer; missing person; 1990s,en,7.4,380,6.9078,277241; 2913; 2940; 241315; 241372; 277439; 127674; 127865; 31289; 95516; 62864; 95717; 63141; 306607; 277762; 209001; 209183; 95673; 95686; 62933,120462; 203744; 262352; 278178; 10370; 126; 241372; 240740; 129680; 213306; 65784; 4920; 100010; 246461; 283297; 75191; 220801; 80213; 129612; 85853,Mouse; 56 Days; Cape Fear; The Chestnut Man; Westside,Sadie Stanley; Lexi Underwood; Griffin Gluck; Lisa Yamada; Sean Blakemore,2021-04-20,42,Bert V. Royal,,Canceled,2,20,2026-08-21,,72,7.4,21891,0,0,0,0,3,8,3 wins & 8 nominations total,2026-08-21,false,,,41,90,58,72,14,Fits your taste for Mystery / Drama.
show:4546,Curb Your Enthusiasm,2000,show,Watched,4522,tt0264235,4546,9,2024-04-07T00:00:00.000Z,120,1970-01-01T00:00:00.000Z,120,caught-up,false,,,Comedy,"The off-kilter, unscripted comic vision of Larry David, who plays himself in a parallel universe in which he can't seem to do anything right, and, by his standards, neither can anyone else.","screenwriter; writing; idiot; celebrity; observational comedy; jewish american; los angeles, california; writer; improvisation; obnoxious; hollywood agent; annoying; eccentric man; antisocial behavior; complaint",en,8.043,960,63.9036,31305; 2951; 62623; 62644; 3004; 3076; 62974; 31411; 31417; 3159; 3269; 3300; 3308; 248; 28172; 323; 480; 353; 237328; 28376,1915; 33922; 4483; 88728; 713; 112211; 849; 4415; 197449; 76747; 1229; 8592; 56590; 815; 61671; 129502; 43822; 10420; 380; 610,Newhart; Rude Awakening; The Boys; Lou Grant; Stark Raving Mad,Larry David; Jeff Garlin; Susie Essman; Cheryl Hines; JB Smoove,2000-10-15,,Larry David,,Ended,12,120,2026-08-21,,84,8.8,165008,0,0,2,0,22,186,Won 2 Primetime Emmys. 22 wins & 186 nominations total,2026-08-21,false,,,91,90,67,84,100,You've loved 1 title from creator Larry David before.
show:113988,DAHMER - Monster: The Jeffrey Dahmer Story,2022,show,Watched,167797,tt13207736,113988,8,2022-09-21T00:00:00.000Z,10,1970-01-01T00:00:00.000Z,10,caught-up,false,,,Crime; Drama,This series examines the gruesome and horrific true crimes of Jeffrey Dahmer and the systemic failures that enabled one of America’s most notorious serial killers to continue his murderous spree in plain sight for over a decade.,deaf-mute; pedophilia; court case; necrophilia; alcoholism; based on true story; murder; serial killer; miniseries; racism; psychological thriller; brutality; criminal; lgbt; troubled childhood,en,7.96,2909,34.552,862; 873; 886; 887; 890; 1023; 1042; 205874; 205987; 205988; 206118; 206048; 206057; 206182; 237563; 28672; 28727; 273866; 28804; 273916,60622; 259731; 270734; 257534; 70453; 87784; 286801; 39852; 81355; 280511; 197434; 287238; 225634; 60791; 211358; 123192; 91275; 82883; 67046; 67744,In the Heat of the Night; Columbo; Space Race; Neon Genesis Evangelion; Revolutionary Girl Utena,Evan Peters; Richard Jenkins; Molly Ringwald; Michael Learned; Niecy Nash,2022-09-21,,Ian Brennan,,Ended,1,10,2026-08-21,,,7.7,223885,0,0,2,0,20,83,Won 2 Primetime Emmys. 20 wins & 83 nominations total,2026-08-21,false,,,74,95,77,,100,"Similar to Fargo and Mindhunter, which you loved."
show:4920,Damages,2007,show,Watched,4894,tt0914387,4920,8,2012-09-12T00:00:00.000Z,59,1970-01-01T00:00:00.000Z,59,caught-up,false,,,Mystery; Drama; Crime,"Damages is an American legal thriller television series created by the writing and production trio of Daniel Zelman and brothers Glenn and Todd A. Kessler. The plot revolves around the brilliant, ruthless lawyer Patty Hewes and her protégée, recent law school graduate Ellen Parsons. Each season features a major case that Hewes and her firm take on, while also examining a chapter of the complicated relationship between Ellen and Patty. The first two seasons center around the law firm Hewes & Associates. Later seasons center more on Patty and Ellen's relationship as Ellen begins to distance herself from Hewes & Associates and begins an independent career.",murder; lawyer; trial; female protagonist; psychological thriller; woman lawyer; ruthless; legal drama,en,7.5,244,43.0884,124511; 274479; 124788; 124800; 124822; 124825; 873; 1023; 59183; 29004; 274633; 92369; 124643; 92246; 206385; 303824; 1180; 1259; 1256; 92585,61056; 116799; 67384; 241372; 204490; 262352; 46316; 259731; 227975; 256711; 213306; 71715; 220801; 66276; 60059; 85853; 39358; 226174; 2734; 246461,Lynley; Love & Death; Vertiges; Second Chance; Columbo,Glenn Close; Rose Byrne; Ryan Phillippe,2007-07-24,,Allen Coulter,,Ended,5,59,2026-08-21,,78,8.1,32863,0,0,4,0,17,82,Won 4 Primetime Emmys. 17 wins & 82 nominations total,2026-08-21,false,,,82,90,53,78,100,"Similar to The Lincoln Lawyer and Goliath, which you loved."
show:202555,Daredevil: Born Again,2025,show,Watched,195845,tt18923754,202555,8,2026-07-29T00:11:54.000Z,17,1970-01-01T00:00:00.000Z,17,caught-up,false,,,Drama; Action & Adventure; Crime,"Matt Murdock, a blind lawyer with heightened abilities, is fighting for justice through his bustling law firm, while former mob boss Wilson Fisk pursues his own political endeavors in New York. When their past identities begin to emerge, both men find themselves on an inevitable collision course.",mayor; sequel; superhero; based on comic; lawyer; blind; blunt; marvel cinematic universe (mcu); attorney; appreciative,en,8.162,1069,50.9713,124825; 888; 932; 274668; 274671; 206476; 92369; 124643; 206402; 238458; 59427; 274922; 1180; 1157; 1213; 1225; 1259; 1269; 1279; 1281,61889; 67178; 62126; 1412; 62285; 116799; 195868; 60059; 1403; 222766; 62643; 210916; 108978; 205715; 125909; 4619; 71663; 60708; 114922; 79788,Second Chance; Heart's Decree; Family Law; Kamen Rider Jeanne & Kamen Rider Aguilera with Girls Remix; Ashes to Ashes,Charlie Cox; Vincent D'Onofrio; Wilson Bethel; Deborah Ann Woll; Margarita Levieva,2025-03-04,,Dario Scardapane,,Returning Series,2,17,2026-08-21,,70,8.1,96028,0,0,0,0,1,7,1 win & 7 nominations total,2026-08-21,false,,,91,95,68,70,9,You've loved 1 title with Charlie Cox before.
show:70523,Dark,2017,show,Watched,123775,tt5753856,70523,4,2026-08-06T01:28:09.000Z,26,2020-06-27T08:14:00.000Z,26,caught-up,false,,,Crime; Drama; Sci-Fi & Fantasy; Mystery,A missing child sets four families on a frantic hunt for answers as they unearth a mind-bending mystery that spans three generations.,hotel; detective; small town; cave; nuclear power plant; time travel; investigation; time machine; cop; woods; surrealism; priest; time loop; disappearance; incest,de,8.4,7781,41.0357,61459; 61465; 207961; 61511; 2171; 2277; 2286; 208155; 2338; 2301; 240144; 240151; 276355; 276389; 94277; 94280; 2117; 2147; 61421; 61422,124364; 126; 93784; 220801; 1920; 253372; 262352; 233629; 7263; 100010; 247518; 39351; 283297; 244243; 108181; 54344; 69061; 80213; 226772; 2973,Parasyte -the maxim-; Father Brown; Cold Case; Revamp: The Undead Story; Shameless Lover,Louis Hofmann,2017-12-01,,Baran bo Odar,,Ended,3,26,2026-08-21,,72,8.7,542010,0,0,0,0,8,23,8 wins & 23 nominations total,2026-08-21,false,,,49,100,87,72,39,Fits your taste for Crime / Drama.
show:196322,Dark Matter,2024,show,Watched,170597,tt19231492,196322,9,2026-07-29T00:56:35.000Z,9,2024-06-26T03:02:00.000Z,9,caught-up,false,,,Sci-Fi & Fantasy; Drama,"Jason Dessen is abducted into an alternate version of his life. To get back to his true family, he embarks on a harrowing journey to save them from the most terrifying foe imaginable: himself.","chicago, illinois; based on novel or book; fish out of water; scientist; doppelgänger; alternative reality; physics professor; teenage son; college professor; quantum physics",en,7.766,721,32.0382,61511; 2215; 2283; 305250; 305253; 2340; 240150; 94143; 276355; 276357; 94277; 94285; 94292; 61338; 2118; 61431; 305276; 126560; 126572; 126576,1705; 54344; 86550; 128839; 68507; 219; 68421; 253372; 108545; 86374; 39510; 69061; 79501; 72071; 134865; 1410; 195339; 1639; 60948; 43020,Father Brown; Monarch of the Glen; Sarawat Mae Luk On; Koet Pen Ka; Fourever You,Joel Edgerton; Jennifer Connelly; Alice Braga; Jimmi Simpson; Dayo Okeniyi,2024-05-07,,Blake Crouch,,Returning Series,2,19,2026-08-21,,58,7.6,70578,0,0,0,1,0,0,Nominated for 1 Primetime Emmy. 5 nominations total,2026-08-21,false,,,55,90,64,58,8,You've loved 1 title from creator Blake Crouch before.
show:81357,Dead to Me,2019,show,Watched,146064,tt8064302,81357,8,2026-08-06T01:27:25.000Z,30,2022-11-17T08:40:00.000Z,30,caught-up,false,,,Drama; Comedy; Crime,A hotheaded widow searching for the hit-and-run driver who mowed down her husband befriends an eccentric optimist who isn't quite what she seems.,widow; female friendship; friendship; hit-and-run; murder; grief; dark comedy; parenthood; miscarriage; dramedy; sisterhood; tragicomedy; intimate; offbeat; witty,en,7.312,643,17.7081,211936; 97317; 243083; 35348; 97405; 281611; 211720; 131193; 35248; 35254; 211731; 131260; 97173; 97180; 97198; 64631; 64684; 310392; 64699; 7803,87428; 67070; 136311; 126914; 67697; 107113; 693; 79410; 186; 69470; 1424; 154385; 84977; 67280; 62117; 61118; 105; 74577; 117581; 92621,Murder in Eden; And Then There Were None; Why Women Kill; Fleabag; Shrinking,Christina Applegate; Linda Cardellini; James Marsden; Luke Roessler; Sam McCarthy,2019-05-03,,Liz Feldman,,Ended,3,30,2026-08-21,,68,7.9,107943,0,0,0,6,5,61,Nominated for 6 Primetime Emmys. 5 wins & 61 nominations total,2026-08-21,false,,,82,90,63,68,100,You've loved 2 titles with Christina Applegate before.
movie:293660,Deadpool,2016,movie,Watched,190430,tt1431045,293660,10,2016-02-12T00:00:00.000Z,1,2016-02-12T00:00:00.000Z,,,false,,,Action; Adventure; Comedy,"The origin story of former Special Forces operative turned mercenary Wade Wilson, who, after being subjected to a rogue experiment that leaves him with accelerated healing powers, adopts the alter ego Deadpool. Armed with his new abilities and a dark, twisted sense of humor, Deadpool hunts down the man who nearly destroyed his life.",superhero; anti hero; mercenary; based on comic; aftercreditsstinger; duringcreditsstinger,en,7.626,33147,28.9199,315635; 315837; 510467; 1084728; 74049; 1084117; 318954; 1084244; 73937; 325336; 81861; 325699; 81446; 325220; 81796; 81778; 1094556; 82650; 82703; 82690,383498; 436969; 59859; 533535; 879444; 912649; 828898; 27578; 338762; 24804; 703771; 1212855; 522931; 567604; 10553; 33152; 455236; 791373; 1003581; 507241,Spider-Man: Homecoming; Ghost in the Shell; Time to Spare; Toy Story 5; The Big Year,Ryan Reynolds; Morena Baccarin; Ed Skrein; T.J. Miller; Gina Carano,2016-02-09,108,Tim Miller,Deadpool Collection,,,,2026-08-21,85,65,8,1250978,0,0,0,0,29,78,29 wins & 78 nominations total,2026-08-21,false,,,100,100,100,75,100,You loved Deadpool and Deadpool 2 — this is another entry in the same Deadpool franchise.
movie:383498,Deadpool 2,2018,movie,Watched,226108,tt5463162,383498,9,2018-05-18T00:00:00.000Z,1,2018-05-18T00:00:00.000Z,,,false,,,Action; Comedy; Adventure,Wisecracking mercenary Deadpool battles the evil and powerful Cable and other bad guys to save a boy's life.,hero; superhero; mutant; mercenary; based on comic; sequel; breaking the fourth wall; aftercreditsstinger; duringcreditsstinger; joyful,en,7.489,19533,24.6478,2280; 2284; 2293; 2294; 2295; 2312; 2321; 1565960; 2357; 2436; 2454; 813477; 2758; 2770; 2771; 1194902; 2978; 2994; 1008392; 3097,293660; 533535; 59859; 436969; 912649; 879444; 522931; 828898; 338762; 2294; 1212855; 647785; 187017; 618344; 42012; 27578; 486131; 1003581; 10553; 567604,Big; Mr. Magorium's Wonder Emporium; Mallrats; Clerks II; Married to the Mob,Ryan Reynolds; Josh Brolin; Morena Baccarin; Julian Dennison; Zazie Beetz,2018-05-15,120,David Leitch,Deadpool Collection,,,,2026-08-21,83,66,7.6,742720,0,0,0,0,6,53,6 wins & 53 nominations total,2026-08-21,false,,,100,100,96,75,65,You loved Deadpool and Deadpool 2 — this is another entry in the same Deadpool franchise.
show:1406,Deadwood,2004,show,Watched,1397,tt0348914,1406,9,2006-08-27T00:00:00.000Z,36,1970-01-01T00:00:00.000Z,36,caught-up,false,,,Western; Crime; Drama,"The story of the early days of Deadwood, South Dakota; woven around actual historic events with most of the main characters based on real people. Deadwood starts as a gold mining camp and gradually turns from a lawless wild-west community into an organized wild-west civilized town. The story focuses on the real-life characters Seth Bullock and Al Swearengen.",gambling; sheriff; brothel; saloon; gold rush; greed; gold mine; outlaw; doctor; prostitution; saloon owner; wild west; mining town; south dakota; historical drama,en,8.097,981,26.9793,980; 238346; 814; 913; 918; 1018; 1021; 1062; 59157; 59215; 274570; 238339; 274748; 59599; 59610; 1028; 1039; 29405; 1095; 1103,73467; 43901; 157744; 1401; 122235; 138971; 215866; 2562; 89498; 66025; 118357; 73586; 240993; 99346; 1436; 20056; 57389; 73544; 41692; 1621,Trackdown; Hornblower; Temple Houston; Bonanza; F Troop,Timothy Olyphant; Ian McShane; Molly Parker; Jim Beaver; W. Earl Brown,2004-03-21,,David Milch,,Canceled,3,36,2026-08-21,,85,8.6,127598,0,0,8,0,28,85,Won 8 Primetime Emmys. 28 wins & 85 nominations total,2026-08-21,false,,,100,90,67,85,100,You've loved 1 title from creator David Milch before.
movie:296524,Deepwater Horizon,2016,movie,Watched,205222,tt1860357,296524,6,2016-09-30T00:00:00.000Z,1,2016-09-30T00:00:00.000Z,,,false,,,Drama; Action,"A story set on the offshore drilling rig Deepwater Horizon, which exploded during April 2010 and created the worst oil spill in U.S. history.",rescue; sea; post-traumatic stress disorder (ptsd); based on true story; disaster; explosion; oil spill; trapped; oil rig ; disaster movie; gulf of mexico; bp; intense; melodramatic,en,6.902,4999,11.0195,1079810; 69524; 510298; 510495; 510558; 510559; 876797; 318846; 73448; 1253347; 73575; 73416; 73523; 73524; 73772; 876671; 73951; 1253773; 876871; 510666,972533; 390253; 514690; 503; 31948; 300673; 80278; 2133; 11866; 900409; 254128; 8619; 462; 356987; 14161; 95; 9804; 293646; 423087; 10357,The Big Short; Poseidon; The Impossible; Armageddon,Mark Wahlberg; Kurt Russell; John Malkovich; Gina Rodriguez; Dylan O'Brien,2016-09-28,107,Peter Berg,,,,,2026-08-21,82,68,7.1,197573,0,2,0,0,4,15,Nominated for 2 Oscars. 4 wins & 15 nominations total,2026-08-21,false,,,64,95,83,75,53,You've loved 1 title with Mark Wahlberg before.
show:87784,Defending Jacob,2020,show,Watched,153534,tt2304589,87784,8,2020-05-29T00:00:00.000Z,8,1970-01-01T00:00:00.000Z,8,caught-up,false,,,Drama; Mystery; Crime,A family's lives are irreparably disrupted when the 14-year-old son is accused of murdering a fellow classmate.,detective; based on novel or book; husband wife relationship; knife; investigation; high school; bullying; murder; lawyer; miniseries; teenage boy; murder suspect; distressing,en,8.233,1605,12.402,873; 886; 887; 896; 904; 926; 28913; 28928; 1023; 1024; 1043; 274260; 205987; 205988; 29063; 91516; 91520; 206118; 91586; 237558,259731; 83851; 218342; 244243; 213306; 241372; 253321; 220801; 278178; 108181; 156933; 84661; 31917; 115004; 280511; 137127; 96608; 40675; 123192; 1405,Columbo; Space Race; Lincoln Heights; Romance in the Alley; The Jazz Age,Chris Evans; Jaeden Martell; Michelle Dockery; Cherry Jones; Pablo Schreiber,2020-04-24,,Mark Bomback,,Ended,1,8,2026-08-21,,61,7.8,76283,0,0,0,2,2,8,Nominated for 2 Primetime Emmys. 2 wins & 8 nominations total,2026-08-21,false,,,74,95,72,61,28,"Similar to The Undoing and Dexter, which you loved."
movie:449443,Den of Thieves,2018,movie,Watched,296164,tt1259528,449443,7,2018-01-19T00:00:00.000Z,1,2018-01-19T00:00:00.000Z,,,false,,,Crime; Thriller; Action,A gritty crime saga which follows the lives of an elite unit of the LA County Sheriff's Dept. and the state's most successful bank robbery crew as the outlaws plan a seemingly impossible heist on the Federal Reserve Bank.,"police brutality; detective; fbi; assault rifle; deputy sheriff; investigation; strip club; donut; heist; shootout; los angeles, california; divorce; bank robbery; hostage situation; death",en,6.873,3479,11.7227,445058; 445262; 1009772; 1388875; 4193; 1388903; 263815; 4485; 1010187; 4569; 4597; 4614; 4133; 4141; 4147; 4169; 4176; 4349; 4295; 1195342,17814; 763285; 949; 1089; 1024546; 9401; 96; 738652; 984; 1047020; 9846; 339692; 604685; 306; 388; 2163; 941; 534490; 942; 9759,The Sum of All Fears; Breach; Beverly Hills Cop II,Gerard Butler; Pablo Schreiber; O'Shea Jackson Jr.; 50 Cent; Meadow Williams,2018-01-18,140,Christian Gudegast,Den of Thieves Collection,,,,2026-08-21,42,49,7,151710,0,0,0,0,0,0,1 nomination total,2026-08-21,false,,,38,95,79,46,0,Fits your taste for Crime / Thriller.
show:69866,Detroiters,2017,show,Watched,113377,tt4779762,69866,8,2018-08-16T00:00:00.000Z,20,1970-01-01T00:00:00.000Z,20,caught-up,false,,,Comedy,"Best friends and fledgling ad men Sam and Tim may not have the money, connections or talent that the big guys do, but they have ambition out the wazoo. Together, they’re out to build a local advertising empire and restore their home city of Detroit to its former glory in this new show from executive producers Lorne Michaels and Jason Sudeikis.","detroit, michigan; buddy comedy; sitcom",en,7.25,52,5.8204,2898; 2904; 2905; 277315; 2987; 2996; 95182; 94951; 2635; 2647; 2652; 2656; 127712; 31184; 31243; 31244; 31245; 31321; 95389; 2961,2299; 2586; 2191; 1964; 1400; 260471; 43082; 4454; 9895; 4239; 2548; 1100; 17662; 97; 65701; 4599; 58932; 971; 67117; 1869,Small Wonder; Cafe Americain; The Ropers; Ha Ha Maker; Mesudarim,Sam Richardson; Tim Robinson,2017-02-07,25,Sam Richardson,,Canceled,2,20,2026-08-21,,75,8.2,7047,0,0,0,0,0,0,N/A,2026-08-21,false,,,48,85,39,75,0,"Similar to Seinfeld, which you loved."
show:81349,Devs,2020,show,Watched,147971,tt8134186,81349,8,2020-04-09T00:00:00.000Z,8,1970-01-01T00:00:00.000Z,8,caught-up,false,,,Sci-Fi & Fantasy; Drama; Mystery,"Young computer engineer Lily Chan investigates the secretive development division of her employer, a cutting-edge tech company based in San Francisco, which she believes is behind the murder of her boyfriend.",simulation; silicon valley; mysterious; complex; anxious; determinism; intimate; baffled; distressing,en,7.349,847,9.0442,306352; 31235; 62688; 95555; 3050; 3051; 241548; 123548; 424; 484; 91461; 59312; 59659; 1087; 1144; 1274; 124897; 1424; 1435; 1411,69061; 70485; 1705; 93784; 62822; 1593; 83685; 39510; 246412; 21561; 125116; 42009; 61664; 83135; 131992; 2188; 95839; 85723; 253372; 194567,L.I.F.E. Anthologies; Supergirl; Daisy Jones & the Six; The Practice; Torchwood,Sonoya Mizuno; Nick Offerman; Jin Ha; Cailee Spaeny; Stephen McKinley Henderson,2020-03-05,52,Alex Garland,,Ended,1,8,2026-08-21,,71,7.6,55967,0,0,0,4,0,0,Nominated for 4 Primetime Emmys. 14 nominations total,2026-08-21,false,,,86,90,65,71,32,You've loved 2 titles from creator Alex Garland before.
show:1405,Dexter,2006,show,Watched,1396,tt0773262,1405,9,2013-09-22T00:00:00.000Z,96,1970-01-01T00:00:00.000Z,96,caught-up,false,,,Crime; Drama; Mystery,"Dexter Morgan, a blood spatter pattern analyst for the Miami Metro Police also leads a secret life as a serial killer, hunting down criminals who have slipped through the cracks of justice.","miami, florida; based on novel or book; double life; homicide; vigilante; murder; serial killer; psychological thriller; killer; forensic science; murder investigation; crime investigation; dark secret; police department; neo-noir",en,8.242,5771,126.5109,19; 65; 78; 171; 185; 28159; 28072; 123245; 123248; 123443; 123345; 302921; 302951; 121; 136; 194; 28140; 28208; 28315; 28330,219937; 213306; 1908; 220801; 40675; 72745; 4057; 71769; 3476; 241372; 287238; 244243; 39852; 259731; 4860; 137127; 218342; 278178; 262388; 46648,Planet of the Apes; The Job; Martin; Romance; Scene of the Crime,Michael C. Hall; Jennifer Carpenter; Geoff Pierson; David Zayas; James Remar,2006-10-01,60,James Manos Jr.,,Ended,8,96,2026-08-21,,76,8.6,914526,0,0,4,0,56,202,Won 4 Primetime Emmys. 56 wins & 202 nominations total,2026-08-21,false,,,88,100,84,76,100,You've loved 1 title from creator James Manos Jr. before.
show:131927,Dexter: New Blood,2021,show,Watched,187026,tt14164730,131927,8,2026-07-29T00:24:36.000Z,10,2022-01-10T02:58:00.000Z,10,caught-up,false,,,Drama; Crime,"10 years after Dexter went missing in the eye of Hurricane Laura, we find him living under an assumed name in the small town of Iron Lake, New York.  Dexter may be embracing his new life, but in the wake of unexpected events in this close-knit community, his Dark Passenger beckons.",new york city; based on novel or book; log cabin; police; vigilante; sequel; murder; serial killer; snow; miniseries; father son relationship; admiring,en,7.909,1683,16.4151,277316; 208883; 277387; 95341; 95344; 241315; 2997; 241372; 95302; 208921; 208923; 277439; 277445; 241275; 241363; 241290; 95272; 95279; 127651; 127735,1412; 259909; 287238; 213306; 70485; 201304; 79788; 239826; 241372; 10370; 65784; 18653; 76231; 137893; 68018; 1405; 219937; 108978; 72748; 277439,Cold Case Files: The Grim Sleeper; The Investigator; Ramona; Shantaram; When One Day I Will Sleep,Michael C. Hall; Jack Alcott; Julia Jones; Johnny Sequoyah; Alano Miller,2021-11-07,,Clyde Phillips,,Ended,1,10,2026-08-21,,61,8,149592,0,0,0,0,0,0,6 nominations total,2026-08-21,false,,,90,95,72,61,0,You've loved 1 title from creator Clyde Phillips before.
show:259909,Dexter: Resurrection,2025,show,Watched,249647,tt33043892,259909,9,2025-09-05T00:00:00.000Z,10,1970-01-01T00:00:00.000Z,10,caught-up,false,,,Crime; Drama; Mystery,"Dexter Morgan awakens from a coma to find Harrison gone without a trace. Realizing the weight of what he put his son through, Dexter sets out for New York City, determined to find him and make things right. But closure won't come easy. When Miami Metro's Angel Batista arrives with questions, Dexter realizes his past is catching up to him fast. As father and son navigate their own darkness in the city that never sleeps, they soon find themselves deeper than they ever imagined - and that the only way out is together.","new york city; miami, florida; based on novel or book; police; vigilante; sequel; murder; serial killer; father son relationship",en,8.515,614,21.6187,208006; 61511; 2171; 2222; 2204; 2210; 2215; 2251; 305250; 305253; 2332; 2343; 2301; 2303; 94065; 240150; 94143; 276355; 276357; 94277,131927; 80213; 207718; 213306; 241372; 122194; 246461; 244243; 124394; 262352; 72748; 1486; 46786; 280511; 287231; 10370; 87773; 210787; 253321; 204490,Deadly Sins: No Forgiveness; Father Brown; Cold Case; Brotherhood; Monarch of the Glen,Michael C. Hall; Uma Thurman; Jack Alcott; David Zayas; Ntare Guma Mbaho Mwine,2025-07-13,,Clyde Phillips,,Returning Series,2,10,2026-08-21,,65,9,129604,0,0,0,0,1,8,1 win & 8 nominations total,2026-08-21,false,,,65,90,62,65,10,You've loved 1 title from creator Clyde Phillips before.
show:83251,Dirty John,2018,show,Watched,134958,tt7945720,83251,8,2026-07-29T00:27:04.000Z,16,2020-07-15T02:44:00.000Z,16,caught-up,false,,,Drama; Crime,Anthology series in which each season is based on a true crime story featuring an epic tale of love gone wrong.,cynical; psychotic; shocking; angry; malicious; anxious; vindictive; cautionary; antagonistic; apathetic; arrogant; audacious; baffled; callous; cruel,en,6.833,138,9.85,61459; 61663; 61664; 62017; 240740; 61986; 2751; 305997; 1406; 1438; 1425; 1435; 93166; 1621; 60616; 60622; 125988; 60905; 239574; 61222,128591; 81358; 67384; 226174; 93740; 82883; 10370; 277439; 70485; 42009; 126167; 158083; 32940; 259731; 113988; 202097; 280511; 204490; 44856; 116799,Parasyte -the maxim-; Sense8; The Man in the High Castle; Scarpetta; Bloodline,Amanda Peet; Christian Slater; Rachel Keller,2018-11-25,,Alexandra Cunningham,,Ended,2,16,2026-08-21,,64,7.3,24879,0,0,0,0,0,0,1 win & 6 nominations,2026-08-21,false,,,58,85,48,64,0,You've loved 1 title with Christian Slater before.
show:147050,Disclaimer,2024,show,Watched,191552,tt16294384,147050,8,2024-11-29T00:00:00.000Z,7,1970-01-01T00:00:00.000Z,7,caught-up,false,,,Drama; Mystery,"When an intriguing novel appears at the bedside of a journalist whose career has been built on revealing transgressions, she is horrified to realize she's a key character in a long-buried story—one that exposes her darkest secret.",journalist; based on novel or book; thriller,en,7.48,303,20.6215,124540; 124546; 124548; 92154; 124583; 124585; 124586; 124587; 124595; 238251; 238253; 274479; 238380; 799; 896; 918; 1024; 28913; 29004; 29055,108181; 220801; 244243; 130464; 155534; 244244; 213306; 241372; 233256; 246461; 248416; 256711; 125816; 262352; 80213; 259731; 284605; 106388; 129612; 234212,The Temptation Of Happiness; The Imperial Coroner; Segunda muerte; El dentista; Lynley,Cate Blanchett; Kevin Kline; Sacha Baron Cohen; Lesley Manville; Louis Partridge,2024-10-11,,Alfonso Cuarón,,Ended,1,7,2026-08-21,,70,7.5,42349,0,0,0,2,3,35,Nominated for 2 Primetime Emmys. 3 wins & 35 nominations total,2026-08-21,false,,,56,90,55,70,57,Titles you loved list this as similar or recommended (2 times).
show:63593,Documentary Now!,2015,show,Watched,99014,tt4677934,63593,8,2022-11-16T00:00:00.000Z,27,1970-01-01T00:00:00.000Z,27,caught-up,false,,,Comedy,"Loving parodies of some of the world's best-known documentaries. Each episode is shot in a different style of documentary filmmaking, and honors some of the most important stories that didn't actually happen.",satire; parody; mockumentary; spoof,en,7.133,79,8.6164,797; 805; 849; 854; 869; 899; 905; 907; 908; 960; 1050; 274700; 1012; 59426; 59448; 1243; 92537; 92445; 1073; 456,33922; 262657; 129502; 380; 709; 1459; 56590; 849; 10420; 76345; 90877; 88728; 1229; 869; 251608; 1795; 2190; 60783; 69900; 216619,Monty Python's Flying Circus; Generation Z; Portlandia; Little Britain; The Eric Andre Show,Fred Armisen; Helen Mirren,2015-08-20,23,Seth Meyers,,Ended,4,27,2026-08-21,,,8.1,8376,0,0,0,6,3,21,Nominated for 6 Primetime Emmys. 3 wins & 21 nominations total,2026-08-21,false,,,44,85,43,,75,Titles you loved list this as similar or recommended (1 time).
show:123377,DOM,2021,show,Watched,179316,tt13354188,123377,7,2024-05-23T00:00:00.000Z,21,1970-01-01T00:00:00.000Z,21,caught-up,false,,,Crime; Drama,A father who never stopped fighting against drugs. A son who never stopped using them. Two sides of the same coin. Victor is a cop who has fought all his life to curb cocaine trafficking. His son is a drug addict who has become one of the most wanted burglars in Rio de Janeiro. Will a father’s love be enough to save his son’s life?,war on drugs; overdose; addiction; drugs,pt,7.159,113,6.4977,241272; 241278; 62687; 95467; 128252; 3322; 209363; 186; 123378; 303250; 900; 59648; 1215; 1414; 60574; 239615; 1906; 126116; 61068; 61014,66676; 282440; 158083; 119845; 279013; 262280; 86588; 247718; 63351; 262352; 194764; 110695; 1908; 287238; 64199; 213306; 262388; 278178; 67384; 81358,Oz; Weeds; Skins; Weed Country; Californication,Gabriel Leone; Flávio Tolezani; Filipe Bragança; Raquel Villar; Isabella Santoni,2021-06-04,,Breno Silveira,,Ended,3,21,2026-08-21,,,7.3,3273,0,0,0,0,1,6,1 win & 6 nominations total,2026-08-21,false,,,70,85,46,,8,"Similar to Oz and Weeds, which you loved."
show:209876,Dope Thief,2025,show,Watched,198189,tt21638826,209876,7,2025-04-18T00:00:00.000Z,8,1970-01-01T00:00:00.000Z,8,caught-up,false,,,Crime; Drama,Two lifelong friends in Philadelphia pose as DEA agents to rob small-time drug dealers. It's a perfect grift—until they choose the wrong mark and become targets of a massive narcotics enterprise.,"philadelphia, pennsylvania; robbery; based on novel or book; police impersonator; miniseries; dea agent; narcotics",en,6.469,130,14.4715,886; 887; 896; 28913; 1024; 274260; 205987; 205988; 29063; 206118; 91586; 28672; 273866; 28804; 273916; 273939; 273941; 274047; 123856; 124067,228305; 218351; 125949; 244628; 278624; 1621; 132016; 1405; 287238; 156902; 40675; 4040; 1908; 278178; 119845; 262280; 61859; 1486; 41727; 270734,Space Race; Romance in the Alley; The Jazz Age; Winning Time: The Rise of the Lakers Dynasty; Task,Brian Tyree Henry; Wagner Moura; Marin Ireland; Amir Arison; Nesta Cooper,2025-03-13,,Peter Craig,,Ended,1,8,2026-08-21,,73,7,11149,0,0,0,1,0,0,Nominated for 1 Primetime Emmy. 8 nominations total,2026-08-21,false,,,74,85,47,73,8,You've loved 1 title with Brian Tyree Henry before.
show:110695,Dopesick,2021,show,Watched,168682,tt9174558,110695,9,2021-11-17T00:00:00.000Z,8,1970-01-01T00:00:00.000Z,8,caught-up,false,,,Crime; Drama,"The story of how one company triggered the worst drug epidemic in American history. Look into the epicenter of America's struggle with opioid addiction, from a distressed Virginia mining community, to the hallways of the DEA, and to the opulence of ""one percenter"" Big Pharma Manhattan.",based on novel or book; small town; pharmaceutical industry; high school; addiction; based on true story; lawyer; doctor; dea agent; criminal investigation; virginia; coal mining; pharmaceuticals; medical; drug epidemic,en,8.027,548,8.7191,61498; 61459; 61511; 61517; 208059; 2170; 2179; 2213; 2215; 2291; 2294; 305250; 305253; 2343; 2305; 240148; 240150; 240151; 94143; 276355,39852; 240740; 71694; 158083; 63351; 61014; 239826; 1396; 244628; 262388; 85552; 1438; 71769; 72787; 277439; 70453; 80968; 211169; 116799; 67744,"The Great Fire; Parasyte -the maxim-; Father Brown; Cutter to Houston; Quincy, M.E.",Michael Keaton; Peter Sarsgaard; Michael Stuhlbarg; Will Poulter; John Hoogenakker,2021-10-13,,Danny Strong,,Ended,1,8,2026-08-21,,68,8.6,90524,0,0,2,0,18,47,Won 2 Primetime Emmys. 18 wins & 47 nominations total,2026-08-21,false,,,87,90,61,68,100,You've loved 1 title from creator Danny Strong before.
show:93749,Dr. Death,2021,show,Watched,154945,tt9179552,93749,7,2023-12-21T00:00:00.000Z,16,1970-01-01T00:00:00.000Z,16,caught-up,false,,,Drama; Crime,"An anthology series, with each season following a new medical true crime story.",surgeon; based on true story; anthology; surgery; medical drama; medical malpractice; based on podcast,en,7.267,221,12.7192,895; 1021; 1028; 1039; 29063; 206048; 206182; 273908; 274061; 124077; 303686; 918; 810; 273970; 91605; 91725; 91752; 1313; 1247; 1249,202097; 64513; 270734; 10370; 32940; 1416; 61014; 240740; 158083; 82883; 67384; 3172; 80350; 4588; 39852; 125952; 120462; 249695; 94251; 2850,Murder Most Horrid; Holby City; The Jazz Age; Extraordinary Siamese Story: Eng and Chang; Armchair Theatre,Edgar Ramírez; Mandy Moore; Ashley Madekwe; Gustaf Hammarsten; Luke Kirby,2021-07-15,,Patrick Macmanus,,Ended,2,16,2026-08-21,,71,7.6,18811,0,0,0,0,2,7,2 wins & 7 nominations total,2026-08-21,false,,,55,90,52,71,11,You've loved 1 title with Edgar Ramírez before.
movie:64690,Drive,2011,movie,Watched,46736,tt0780504,64690,,,1,2011-09-16T00:00:00.000Z,,,false,,,Drama; Thriller; Crime,"Driver is a skilled Hollywood stuntman who moonlights as a getaway driver for criminals. Though he projects an icy exterior, lately he's been warming up to a pretty neighbor named Irene and her young son, Benicio. When Irene's husband gets out of jail, he enlists Driver's help in a million-dollar heist. The job goes horribly wrong, and Driver must risk his life to protect Irene and Benicio from the vengeful masterminds behind the robbery.","robbery; car mechanic; stuntman; beaten to death; revenge; organized crime; neighbor; police chase; los angeles, california; brutality; jacket; scorpion; toothpick; getaway driver; crime lord",en,7.583,13891,13.6027,438; 445; 446; 451; 468; 471; 479; 481; 505; 507; 511; 522; 524; 525; 527; 534; 546; 572; 575; 580,41283; 9846; 1538; 629; 102362; 37094; 637649; 339692; 1211776; 22112; 11826; 617502; 19621; 941109; 14580; 13389; 938150; 241554; 949; 13153,Cube Zero; Leaving Las Vegas; My Own Private Idaho; Brute; Shaft,Ryan Gosling; Carey Mulligan; Bryan Cranston; Albert Brooks; Oscar Isaac,2011-09-15,100,Nicolas Winding Refn,,,,,2026-08-21,93,79,7.8,761197,0,1,0,0,79,180,Nominated for 1 Oscar. 79 wins & 180 nominations total,2026-08-21,false,,,59,100,93,86,100,You've loved 2 titles with Ryan Gosling before.
movie:8467,Dumb and Dumber,1994,movie,Watched,4219,tt0109686,8467,10,2026-08-21T14:13:02.000Z,1,1994-12-16T00:00:00.000Z,,,true,,,Comedy,"Lloyd and Harry are two men whose stupidity is really indescribable. When Mary, a beautiful woman, loses an important suitcase with money before she leaves for Aspen, the two friends (who have found the suitcase) decide to return it to her. After some ""adventures"" they finally get to Aspen where, using the lost money they live it up and fight for Mary's heart.",gas station; utah; motel; stupidity; cigar smoking; road trip; pill; prank; criminal; buddy; fired from the job; clumsiness; stepparent stepchild relationship; aspen colorado; parakeet,en,6.66,6863,13.5758,525; 531; 546; 765; 773; 442353; 623627; 680; 1005799; 96; 810495; 1384914; 150; 2105; 2123; 2292; 2295; 8363; 8592; 8859,2617; 11676; 11153; 2185; 11199; 15263; 9397; 3172; 109418; 813; 43259; 84355; 12535; 27472; 8584; 6393; 5506; 9644; 14369; 986054,The Blues Brothers; Transamerica; Pulp Fiction; Beverly Hills Cop II; Clerks,Jim Carrey; Jeff Daniels; Lauren Holly; Teri Garr; Charles Rocket,1994-12-16,107,Peter Farrelly,Dumb and Dumber Collection,,,,2026-08-21,69,41,7.3,441244,0,0,0,0,5,3,5 wins & 3 nominations total,2026-08-21,false,,,55,100,86,55,13,You loved Dumb and Dumber — this is another entry in the same Dumb and Dumber franchise.
movie:438631,Dune,2021,movie,Watched,287071,tt1160419,438631,2,2021-10-22T00:00:00.000Z,1,2021-10-22T00:00:00.000Z,,,false,,,Science Fiction; Adventure,"Paul Atreides, a brilliant and gifted young man born into a great destiny beyond his understanding, must travel to the most dangerous planet in the universe to ensure the future of his family and his people. As malevolent forces explode into conflict over the planet's exclusive supply of the most precious resource in existence - a commodity capable of unlocking humanity's greatest potential - only those who can conquer their fear will survive.",empire; future; army; based on novel or book; prophecy; dystopia; emperor; sand; spice; chosen one; hallucinogen; treason; baron; revenge; premonition,en,7.784,15374,36.4583,445048; 263341; 4515; 445651; 3980; 4153; 4435; 4437; 4296; 4546; 1566776; 4722; 4723; 626918; 1567281; 4732; 4917; 4923; 445890; 4858,693134; 412656; 299687; 80274; 339964; 428078; 695721; 1895; 72710; 262500; 566038; 2493; 142061; 353491; 101299; 74; 9543; 871; 76285; 262504,The Hunger Games: The Ballad of Songbirds & Snakes,Timothée Chalamet; Rebecca Ferguson; Oscar Isaac; Jason Momoa; Stellan Skarsgård,2021-09-15,155,Denis Villeneuve,Dune Collection,,,,2026-08-21,83,74,8,1038179,6,0,0,0,178,299,Won 6 Oscars. 178 wins & 299 nominations total,2026-08-21,false,,,65,100,94,79,100,You've loved 1 title from director Denis Villeneuve before.
movie:374720,Dunkirk,2017,movie,Watched,224641,tt5013056,374720,8,2017-07-21T00:00:00.000Z,1,2017-07-21T00:00:00.000Z,,,false,,,War; Action; Drama,"The story of the miraculous evacuation of Allied soldiers from Belgium, Britain, Canada and France, who were cut off and surrounded by the German army from the beaches and harbour of Dunkirk between May 26th and June 4th 1940 during World War II.",army; beach; france; allies; raf (royal air force); military officer; world war ii; evacuation; pilot; british army; rescue mission; europe; based on true story; royal navy; survival,en,7.449,17835,14.2227,4997; 5000; 5002; 4973; 5062; 1009640; 1009679; 3513; 3526; 3536; 3547; 3558; 3562; 3596; 4347; 4348; 626332; 3870; 3875; 4982,9289; 516486; 10911; 12651; 31623; 5902; 944194; 13321; 3536; 40739; 5925; 300673; 73907; 18229; 2133; 72431; 11422; 522162; 8619; 661231,Wonderland; Under the Sand; Hard Miles; Legionnaire; Frances,Fionn Whitehead; Tom Hardy; Mark Rylance; Kenneth Branagh; Cillian Murphy,2017-07-19,107,Christopher Nolan,,,,,2026-08-21,92,94,7.8,800591,3,0,0,0,68,236,Won 3 Oscars. 68 wins & 236 nominations total,2026-08-21,false,,,75,100,95,93,100,You've loved 2 titles from director Christopher Nolan before.
show:299167,Dutton Ranch,2026,show,Watched,296208,tt34991493,299167,9,2026-07-29T00:13:25.000Z,9,1970-01-01T00:00:00.000Z,9,caught-up,false,,,Western; Drama,"Rip Wheeler and Beth Dutton gamble everything on a new life in South Texas, but the promise of building a future far from the ghosts of Yellowstone quickly collides with brutal new realities and a rival ranch that will stop at nothing to protect its empire.",texas; sequel; spin off; cattle ranch; loving; inspirational; empathetic; hopeful,en,9.165,544,71.1908,124800; 934; 1018; 1057; 59312; 274645; 206402; 1028; 1180; 125116; 206586; 125024; 59659; 275188; 60059; 29497; 206828; 1438; 125506; 206916,73586; 243396; 240993; 157744; 41692; 2562; 138971; 43901; 113985; 215866; 118357; 204999; 76231; 1406; 1401; 67232; 89498; 5742; 253391; 122235,Love & Death; Bonanza; The Bletchley Circle; Kamen Rider Jeanne & Kamen Rider Aguilera with Girls Remix; Holby City,Kelly Reilly; Cole Hauser; Finn Little; Juan Pablo Raba; Jai Courtney,2026-05-15,,Chad Feehan,,Returning Series,1,9,2026-08-21,,63,8.3,14787,0,0,0,0,0,0,N/A,2026-08-21,false,,,100,90,61,63,0,You've loved 1 title from creator Chad Feehan before.
show:226285,Elsbeth,2024,show,Watched,205237,tt26591110,226285,8,2026-05-21T00:00:00.000Z,30,1970-01-01T00:00:00.000Z,50,in-progress,false,,,Crime; Drama; Comedy,"After her successful career in Chicago, Elsbeth Tascioni, an astute but unconventional attorney, utilizes her singular point of view to make unique observations and corner brilliant criminals alongside the NYPD.",playful; legal; amused; comforting,en,6.731,132,46.6482,72; 171; 123249; 44; 47; 115; 121; 248; 346; 424; 484; 90937; 236996; 670; 589; 607; 733; 237328; 562; 889,226174; 116799; 67384; 32697; 153657; 32940; 33301; 85385; 119845; 64199; 10305; 65628; 81358; 136044; 10370; 1480; 126914; 44856; 111261; 138108,"Only Fools and Horses; Martin; American Dragon: Jake Long; Torchwood; Murder, She Wrote",Carrie Preston; Wendell Pierce,2024-02-29,,Robert King,,Returning Series,4,51,2026-08-21,,69,7.6,14961,0,0,0,0,4,15,4 wins & 15 nominations total,2026-08-21,false,,,53,85,47,69,23,You've loved 1 title with Wendell Pierce before.
movie:614934,Elvis,2022,movie,Watched,458367,tt3704428,614934,4,2022-06-24T00:00:00.000Z,1,2022-06-24T00:00:00.000Z,,,false,,,Music; History; Drama,"The life story of Elvis Presley as seen through the complicated relationship with his enigmatic manager, Colonel Tom Parker.",rock 'n' roll; biography; singer; music business; rock singer; 1950s; famous song; apathetic; disdainful; biographical; biopic,en,7.447,3977,7.8793,260108; 1384686; 1191631; 404715; 404378; 405204; 402431; 402529; 402199; 402298; 402693; 402403; 397704; 397717; 397919; 397407; 397368; 397538; 406572; 406598,40047; 1230368; 297806; 592863; 998846; 696157; 802219; 440918; 786; 209451; 6478; 630566; 661539; 206284; 42232; 1125; 15765; 649394; 86829; 292011,A Complete Unknown; Inside Llewyn Davis,Austin Butler; Tom Hanks; Olivia DeJonge; Helen Thomson; Richard Roxburgh,2022-06-22,159,Baz Luhrmann,,,,,2026-08-21,77,64,7.3,259379,0,8,0,0,92,236,Nominated for 8 Oscars. 92 wins & 236 nominations total,2026-08-21,false,,,62,95,80,71,100,Titles you loved list this as similar or recommended (1 time).
movie:1583500,Elway,2025,movie,Watched,1316174,tt35295747,1583500,7,2026-08-21T14:27:07.000Z,1,2025-12-22T00:00:00.000Z,,,false,,,Documentary,"Told in his own words, the definitive story of Denver Broncos quarterback John Elway goes deep on his NFL dreams, heartbreaks and Super Bowl redemption.",,en,6.553,19,0.8468,,1015356; 1461714; 1723460; 508003; 430830; 448446; 565255; 1477565; 1061671; 1263766; 1114590; 1591516; 565276; 18893; 473415; 1146302; 672035; 343981; 1360610; 446173,,John Elway; Adam Schefter; Terrell Davis; Mike Shanahan; Gary Kubiak,2025-12-21,99,Ken Rodgers,,,,,2026-08-21,,,7.5,415,0,0,0,0,0,0,N/A,2026-08-21,false,,,34,80,29,,0,Fits your taste for Documentary.
show:82596,Emily in Paris,2020,show,Watched,148191,tt8962124,82596,8,2026-07-29T00:19:09.000Z,50,1970-01-01T00:00:00.000Z,50,caught-up,false,,,Drama; Comedy,New passions. New fashions. New Emily? A plucky American marketing whiz spreads her wings in life and love after landing her dream job in Paris.,"paris, france; marketing; friendship; love; romcom; female protagonist; american abroad; arrogant; bold",en,7.549,1582,28.1525,61499; 61528; 61530; 208067; 2184; 2192; 2213; 2268; 208146; 208155; 94065; 240150; 240213; 276349; 61260; 61379; 61389; 2131; 2152; 2158,105; 126914; 96734; 70796; 116450; 62117; 42282; 69630; 211; 203614; 72633; 64254; 243316; 51537; 227139; 41875; 62704; 226174; 99610; 42032,Maude; Stand Up!!; 180 Degree Longitude Passes Through Us; Fourever You; Sex and the City,Lily Collins; Philippine Leroy-Beaulieu; Ashley Park; Lucas Bravo; Samuel Arnold,2020-10-02,,Darren Star,,Returning Series,6,50,2026-08-21,,56,6.8,141378,0,0,0,9,5,40,Nominated for 9 Primetime Emmys. 5 wins & 40 nominations total,2026-08-21,false,,,65,95,71,56,100,"Similar to The Marvelous Mrs. Maisel and Girls, which you loved."
show:1940,Entourage,2004,show,Watched,1927,tt0387199,1940,10,2026-07-29T01:20:15.000Z,96,2011-09-12T03:01:00.000Z,96,caught-up,true,,,Comedy; Drama,Film star Vince Chase navigates the vapid terrain of Los Angeles with a close circle of friends and his trusty agent.,"movie business; male friendship; celebrity; womanizer; wealth; money; hollywood; los angeles, california; group of friends; beverly hills; aspiring actor; film industry",en,7.364,664,66.3239,61499; 2179; 2190; 2279; 2332; 2302; 2312; 61260; 2125; 2133; 2142; 2234; 2366; 61406; 30718; 30666; 61879; 61922; 30901; 30948,247767; 271053; 64823; 92621; 33301; 71951; 243316; 71884; 197449; 32023; 17287; 221486; 138089; 1423; 1999; 2693; 53606; 44242; 80006; 3475,"Quincy, M.E.; Relativity; L.A. Heat; Huff; Fastlane",Kevin Connolly; Adrian Grenier; Kevin Dillon; Jerry Ferrara; Jeremy Piven,2004-07-18,,Doug Ellin,,Ended,8,96,2026-08-21,,67,8.4,183070,0,0,6,0,14,106,Won 6 Primetime Emmys. 14 wins & 106 nominations total,2026-08-21,false,,,71,90,63,67,100,You've loved 1 title from creator Doug Ellin before.
show:85552,Euphoria,2019,show,Watched,144629,tt8772296,85552,8,2026-05-31T00:00:00.000Z,24,1970-01-01T00:00:00.000Z,24,caught-up,false,,,Drama,"A group of high school students navigate love and friendships in a world of drugs, sex, trauma, and social media.",drug crime; sex scandal; attention deficit hyperactivity disorder (adhd); relationship problems; childhood trauma; sex addiction; addiction; love-hate relationship; drug rehabilitation; coming of age; teenage girl; female protagonist; drug use; sexual freedom; high school student,en,8.278,11034,76.4027,124537; 124790; 124822; 274546; 274555; 889; 899; 904; 1042; 59417; 274884; 1180; 1215; 1259; 1309; 92537; 92628; 1096; 1101; 124834,66788; 72787; 199001; 244244; 62560; 66676; 241372; 158083; 95558; 31917; 78670; 216089; 66025; 130464; 67136; 1396; 91275; 273240; 262848; 2734,Vertiges; Lincoln Heights; Revolutionary Girl Utena; Ashes to Ashes; Californication,Zendaya; Hunter Schafer; Sydney Sweeney; Jacob Elordi; Alexa Demie,2019-06-16,,Sam Levinson,,Ended,3,24,2026-08-21,,65,8.2,297928,0,0,9,0,42,105,Won 9 Primetime Emmys. 42 wins & 105 nominations total,2026-08-21,false,,,77,100,90,65,100,"Similar to Californication and Mr. Robot, which you loved."
movie:545611,Everything Everywhere All at Once,2022,movie,Watched,396092,tt6710474,545611,9,2022-04-08T00:00:00.000Z,1,2022-04-08T00:00:00.000Z,,,false,,,Action; Adventure; Science Fiction,"An aging Chinese immigrant is swept up in an insane adventure, where she alone can save what's important to her by connecting with the lives she could have led in other universes.",mother; martial arts; kung fu; nihilism; philosophy; generations conflict; chinese woman; surrealism; laundromat; chinese; east asian lead; divorce; family; lgbt; hot dog,en,7.71,8292,21.969,627093; 3513; 1567021; 4327; 445694; 814375; 446142; 3980; 1009636; 13153; 13154; 13158; 13273; 634649; 13333; 13335; 13345; 13512; 13513; 13514,6978; 1119449; 507244; 9739; 8069; 15119; 9659; 831405; 13282; 11827; 37420; 16225; 21512; 732450; 618344; 8337; 310135; 9922; 567604; 932420,Legionnaire; The Mitchells vs. the Mitchells; Charlie's Angels; Rapid Fire; Justice League Dark: Apokolips War,Michelle Yeoh; Stephanie Hsu; Ke Huy Quan; James Hong; Jamie Lee Curtis,2022-03-24,140,Daniel Scheinert,,,,,2026-08-21,93,81,7.7,627115,7,0,0,0,408,382,Won 7 Oscars. 408 wins & 382 nominations total,2026-08-21,false,,,73,100,88,87,100,You've loved 1 title from director Daniel Scheinert before.
show:86848,Evil,2019,show,Watched,147814,tt9055008,86848,8,2024-08-22T00:00:00.000Z,50,1970-01-01T00:00:00.000Z,50,caught-up,false,,,Crime; Drama; Mystery,"Skeptical forensic psychologist Kristen Bouchard joins priest-in-training David Acosta and technology expert Ben Shakir as they investigate supposed miracles, demonic possessions, and other extraordinary occurrences to assess for a scientific explanation or if something truly supernatural is at work.",new york city; possession; priest; psychologist; paranormal investigation; catholic; skeptic; demonic; demonology; night terrors; horror,en,7.825,1061,31.4511,124613; 238355; 917; 29068; 303975; 238309; 92246; 303990; 59525; 1186; 1270; 1144; 1085; 1087; 238549; 206586; 1395; 1402; 1411; 29650,67135; 247518; 126; 97400; 39852; 91875; 4330; 88055; 132016; 80213; 64394; 36; 5920; 66276; 71769; 54671; 121710; 2458; 1426; 29574,Pride: The Series; The House of Jealousy; Kate & Allie; For the People; Trăng Điên,Katja Herbers; Mike Colter; Aasif Mandvi; Michael Emerson; Brooklyn Shuck,2019-09-26,43,Michelle King,,Ended,4,50,2026-08-21,,83,7.7,51643,0,0,0,0,2,43,2 wins & 43 nominations total,2026-08-21,false,,,65,95,68,83,47,You've loved 2 titles from creator Michelle King before.
movie:264660,Ex Machina,2015,movie,Watched,163375,tt0470752,264660,9,2015-04-10T00:00:00.000Z,1,2015-04-10T00:00:00.000Z,,,false,,,Drama; Science Fiction,"Caleb, a coder at the world's largest internet company, wins a competition to spend a week at a private mountain retreat belonging to Nathan, the reclusive CEO of the company. But when Caleb arrives at the remote location he finds that he will have to participate in a strange and fascinating experiment in which he must interact with the world's first true artificial intelligence, housed in the body of a beautiful robot girl.",android; dancing; friendship; man vs machine; distrust; artificial intelligence (a.i.); isolation; technology; manipulation; high technology; treason; deception; norway; laboratory; robot,en,7.571,14492,11.425,434; 442; 453; 468; 469; 507; 510; 511; 523; 530; 534; 1563776; 535; 1563912; 537; 549; 553; 554; 575; 581,606234; 1001835; 942199; 174675; 983282; 198184; 335984; 624860; 765245; 1083884; 12088; 991; 157834; 733317; 18533; 4965; 240832; 15785; 500664; 78,Popular Music; A Beautiful Mind; My Own Private Idaho; Stranger Than Paradise; Killing Zoe,Domhnall Gleeson; Alicia Vikander; Oscar Isaac; Sonoya Mizuno; Corey Johnson,2015-01-21,108,Alex Garland,,,,,2026-08-21,92,78,7.7,633967,1,0,0,0,74,162,Won 1 Oscar. 74 wins & 162 nominations total,2026-08-21,false,,,72,100,93,85,100,You've loved 2 titles from director Alex Garland before.
movie:911430,F1,2025,movie,Watched,729817,tt16311594,911430,9,2025-06-27T00:00:00.000Z,1,2025-06-27T00:00:00.000Z,,,false,,,Action; Drama,Racing legend Sonny Hayes is coaxed out of retirement to lead a struggling Formula 1 team—and mentor a young hotshot driver—while chasing one more chance at glory.,sports; comeback; racing; race car driver; sport competition; aftercreditsstinger; beforecreditsstinger; rookie; formula one (f1); motorsport; car racing; disdainful; exhilarated; joyful,en,7.818,4504,34.017,475; 564; 561; 682; 1005728; 623618; 679; 681; 1005781; 22; 58; 70; 87; 1004881; 260514; 441182; 154; 153; 2119; 2080,168259; 2119; 385128; 136797; 141052; 82992; 1061474; 878375; 385687; 359724; 8960; 609681; 487186; 436270; 497698; 44603; 453395; 33909; 24428; 283995,Bonnie and Clyde; Constantine; The Man with the Golden Gun; Aliens; Diamonds Are Forever,Brad Pitt; Damson Idris; Javier Bardem; Kerry Condon; Tobias Menzies,2025-06-25,156,Joseph Kosinski,F1 Collection,,,,2026-08-21,82,68,7.6,353753,1,0,0,0,31,129,Won 1 Oscar. 31 wins & 129 nominations total,2026-08-21,false,,,86,95,82,75,100,You loved F1 — this is another entry in the same F1 franchise.
show:207841,Fakes,2022,show,Watched,197398,tt15764684,207841,6,2022-09-02T00:00:00.000Z,10,1970-01-01T00:00:00.000Z,10,caught-up,false,,,Crime; Comedy,"Teenage best friends Zoe and Becca set out to build their own fake ID empire, but when business starts booming, their life of crime gets way too real.",high school; teen comedy; fake id; young adult; teenager,en,6.859,32,3.0398,61491; 2219; 2213; 2291; 2295; 2342; 2309; 94285; 2131; 61421; 61441; 61456; 61543; 126527; 30395; 61350; 240411; 61596; 61737; 61834,85702; 74204; 93292; 73132; 36994; 1229; 135959; 33922; 610; 112211; 1795; 133808; 61969; 138089; 202224; 90877; 1915; 73552; 76747; 76345,"Stand Up!!; The Loop; Workaholics; Tim and Eric Awesome Show, Great Job!; Portlandia",Emilija Baranac; Jennifer Tong; Richard Harmon,2022-09-02,22,David Turko,,Canceled,1,10,2026-08-21,,,6.4,1568,0,0,0,0,0,0,3 wins & 7 nominations,2026-08-21,false,,,36,80,34,,0,Fits your taste for Crime / Comedy.
show:34967,Falling Skies,2011,show,Watched,34818,tt1462059,34967,7,2015-08-30T00:00:00.000Z,52,1970-01-01T00:00:00.000Z,52,caught-up,false,,,Action & Adventure; Sci-Fi & Fantasy; Drama,"Falling Skies opens in the chaotic aftermath of an alien attack that has left most of the world completely incapacitated. In the six months since the initial invasion, the few survivors have banded together outside major cities to begin the difficult task of fighting back. Each day is a test of survival as citizen soldiers work to protect the people in their care while also engaging in an insurgency campaign against the occupying alien force.",post-apocalyptic future; alien; alien invasion,en,7.121,1370,31.7925,889; 58756; 303799; 303982; 237853; 1097; 1153; 1263; 1281; 124475; 91774; 1402; 1410; 1550; 1578; 1441; 1473; 1649; 1732; 1733,2203; 51704; 86374; 127235; 71340; 1402; 52814; 114472; 21494; 128839; 106379; 247721; 65820; 85949; 88987; 1972; 79340; 67198; 71663; 194583,Ergo Proxy; The Walking Dead; War of the Worlds; Invasion; La Brea,Noah Wyle; Moon Bloodgood; Will Patton; Drew Roy; Connor Jessup,2011-06-19,60,Robert Rodat,,Ended,5,52,2026-08-21,,68,7.1,96982,0,0,0,2,3,32,Nominated for 2 Primetime Emmys. 3 wins & 32 nominations total,2026-08-21,false,,,53,95,70,68,54,You've loved 1 title with Noah Wyle before.
show:106379,Fallout,2024,show,Watched,163965,tt12637874,106379,8,2026-07-29T00:11:48.000Z,16,1970-01-01T00:00:00.000Z,16,caught-up,false,,,Action & Adventure; Sci-Fi & Fantasy; Drama,"The story of haves and have-nots in a world in which there's almost nothing left to have. 200 years after the apocalypse, the gentle denizens of luxury fallout shelters are forced to return to the irradiated hellscape their ancestors left behind — and are shocked to discover an incredibly complex, gleefully weird, and highly violent universe waiting for them.","capitalism; nuclear war; mutant; vault; bunker; post-apocalyptic future; drug use; alternate history; los angeles, california; robot; destruction; based on video game; nuclear fallout; corporate control; gun violence",en,8.119,3034,42.3308,954; 877; 1037; 303633; 1013; 91455; 124313; 1310; 1095; 303982; 237853; 1097; 1246; 1259; 1274; 29153; 1305; 91997; 58858; 124475,34967; 1402; 48866; 36626; 71340; 194583; 51704; 77459; 67198; 67684; 433; 95403; 85949; 52814; 62858; 60802; 61345; 281666; 86374; 42009,The Rockford Files; Caprica; United States; Ghost in the Shell: Stand Alone Complex; Ergo Proxy,Ella Purnell; Aaron Moten; Moisés Arias; Frances Turner; Kyle MacLachlan,2024-04-10,,Graham Wagner,,Returning Series,2,16,2026-08-21,,73,8.3,389190,0,0,1,0,15,77,Won 1 Primetime Emmy. 15 wins & 77 nominations total,2026-08-21,false,,,80,95,78,73,100,"Similar to Six Feet Under and Black Mirror, which you loved."
show:211624,Families Like Ours,2024,show,Watched,215646,tt12963502,211624,7,2024-12-01T00:00:00.000Z,7,1970-01-01T00:00:00.000Z,7,caught-up,false,,,Drama; Sci-Fi & Fantasy,"In a not-too-distant future, Denmark faces total evacuation due to rising water levels. As the nation prepares to leave their homes, high school student Laura must choose between her divorced parents and the boy she's fallen in love with.",climate change; miniseries,da,7.1,26,3.8876,277387; 241388; 208923; 241363; 127735; 95041; 95210; 62421; 127948; 241097; 127856; 31199; 31310; 31319; 241405; 2953; 241473; 241485; 62703; 241454,138169; 125116; 1386; 323411; 199001; 119279; 87108; 87104; 232342; 60948; 94305; 123192; 9045; 85273; 195821; 86550; 76719; 250308; 128839; 67683,Ramona; Sunset Song; Human Error; 4 Reasons Why I Hate X-Mas; The Stranded,Amaryllis August; Albert Rudbeck Lindhardt; Nikolaj Lie Kaas; Paprika Steen; Helene Reingaard Neumann,2024-10-20,50,Thomas Vinterberg,,Ended,1,7,2026-08-21,,72,6.6,2273,0,0,0,0,1,7,1 win & 7 nominations total,2026-08-21,false,,,44,80,32,72,9,"Similar to Chernobyl, which you loved."
show:60622,Fargo,2014,show,Watched,60203,tt2802850,60622,9,2024-01-16T00:00:00.000Z,51,1970-01-01T00:00:00.000Z,51,caught-up,false,,,Crime; Drama,"A close-knit anthology series dealing with stories involving malice, violence and murder based in and around Minnesota.",detective; minnesota; winter; deputy; north dakota; anthology; dark comedy; criminal; police officer; psychotic; murder investigation; based on movie; disturbed; neo-noir; absurd,en,8.286,3372,67.3771,124578; 274479; 206263; 206268; 124817; 124822; 238419; 274559; 799; 810; 873; 895; 1042; 1023; 29063; 274649; 206510; 92246; 303824; 59410,64513; 39852; 113988; 46648; 40675; 39351; 65784; 239826; 1486; 4860; 213306; 202097; 120462; 61335; 204490; 1405; 100010; 76582; 85385; 10370,More than Blue: The Series; Lynley; 老娘泪; Victim; Faith Makes Great,Juno Temple; Jennifer Jason Leigh; David Rysdahl; Joe Keery; Lamorne Morris,2014-04-15,,Noah Hawley,,Returning Series,5,51,2026-08-21,,84,8.8,457314,0,0,7,0,73,322,Won 7 Primetime Emmys. 73 wins & 322 nominations total,2026-08-21,false,,,96,95,79,84,100,You've loved 1 title from creator Noah Hawley before.
show:99610,Feel Good,2020,show,Watched,158435,tt10098620,99610,8,2021-06-04T00:00:00.000Z,12,1970-01-01T00:00:00.000Z,12,caught-up,false,,,Drama; Comedy,Recovering addict and comedian Mae tries to control the addictive behaviors and intense romanticism that permeate every facet of their life. Life is further complicated by a new and all-consuming relationship with their new girlfriend George.,show business; romcom; lesbian relationship; romance; irreverence; lgbt; absurd; cliché,en,7.127,252,6.0818,2902; 277369; 277404; 277406; 95344; 95346; 241373; 208906; 208913; 208931; 277439; 277414; 277415; 241259; 241257; 241348; 241361; 2998; 277485; 277486,61871; 203614; 126914; 42282; 100883; 105; 900; 53606; 41875; 138089; 102316; 96734; 216795; 5721; 61118; 815; 62117; 72633; 1424; 67883,The Moon on a Rainy Night; The Dangerous Affair; Obsessed; When One Day I Will Sleep; Hatena Illusion,Mae Martin; Charlotte Ritchie; Phil Burgers,2020-03-18,25,Mae Martin,,Ended,2,12,2026-08-21,,,7.5,14552,0,0,0,0,5,5,Nominated for 1 BAFTA Award5 wins & 5 nominations total,2026-08-21,false,,,69,90,54,,15,"Similar to Girls and Love, which you loved."
show:87049,Firefly Lane,2021,show,Watched,163511,tt9012876,87049,7,2023-04-27T00:00:00.000Z,26,1970-01-01T00:00:00.000Z,26,caught-up,false,,,Drama,"For decades, childhood best friends Kate and Tully have weathered life's storms together -- until a betrayal threatens to break them apart for good.",based on novel or book; 1970s; female friendship; bond; melodrama; sentimentality,en,7.788,316,14.901,208883; 95341; 95344; 241372; 208921; 208923; 277439; 241275; 241290; 95279; 127651; 127865; 127875; 306201; 62458; 240975; 241065; 305817; 305820; 241384,51537; 208921; 273240; 102904; 199001; 95555; 116761; 90399; 72787; 240667; 107365; 207717; 253376; 223313; 260592; 130464; 285739; 194766; 130842; 103411,The Investigator; Shantaram; When One Day I Will Sleep; 56 Days; Rivals,Katherine Heigl; Sarah Chalke; Ben Lawson; Beau Garrett; Roan Curtis,2021-02-03,,Maggie Friedman,,Ended,2,26,2026-08-21,,57,7.7,39762,0,0,0,0,7,23,7 wins & 23 nominations total,2026-08-21,false,,,46,90,56,57,37,You've loved 1 title with Beau Garrett before.
show:108664,Five Days at Memorial,2022,show,Watched,166333,tt3283594,108664,8,2022-09-16T00:00:00.000Z,8,1970-01-01T00:00:00.000Z,8,caught-up,false,,,Drama,"When the floodwaters rose, power failed, and heat soared, exhausted caregivers at a New Orleans hospital were forced to make profound, heart-wrenching decisions.","based on novel or book; new orleans, louisiana; based on true story; miniseries; hospital; power outage; flood; trapped in building; hurricane katrina",en,7.541,208,7.4313,61428; 61498; 61511; 208059; 208071; 2167; 2170; 2215; 2294; 305250; 208146; 305253; 240085; 240144; 240150; 94143; 276355; 276357; 94277; 94285,17967; 86430; 67679; 128098; 80350; 62650; 4588; 3172; 46896; 90399; 199001; 46441; 63418; 1416; 291339; 5375; 90972; 124394; 102904; 97539,Cilla; The Great Fire; Father Brown; The Althea Tapes; Cutter to Houston,"Vera Farmiga; Cherry Jones; Cornelius Smith, Jr.; Robert Pine; Adepero Oduye",2022-08-11,,Carlton Cuse,,Ended,1,8,2026-08-21,,74,7.7,16312,0,0,1,0,4,2,Won 1 Primetime Emmy. 4 wins & 2 nominations total,2026-08-21,false,,,40,90,52,74,30,Fits your taste for Drama.
movie:507089,Five Nights at Freddy's,2023,movie,Watched,354192,tt4589218,507089,5,2023-10-27T00:00:00.000Z,1,2023-10-27T00:00:00.000Z,,,false,,,Horror; Thriller,"Recently fired and desperate for work, a troubled young man named Mike agrees to take a position as a night security guard at an abandoned theme restaurant: Freddy Fazbear's Pizzeria. But he soon discovers that nothing at Freddy's is what it seems.",night shift; child murder; restaurant; custody battle; child in peril; security guard; based on video game; evil child; duringcreditsstinger; troubled past; child neglect; haunted attractions; animatronic; abandoned building; brother sister relationship,en,7.284,5150,13.6415,539; 694; 617; 1005731; 745; 768; 791; 811592; 657; 658; 811656; 1192794; 810271; 77; 260602; 2082; 1566001; 444193; 8374; 1569312,1228246; 28355; 913290; 643586; 1103437; 483202; 49018; 22894; 930600; 2082; 9378; 405882; 23629; 460458; 112454; 588; 1043197; 609; 801335; 396422,Psycho; One Shot; Barbarian,Josh Hutcherson; Piper Rubio; Elizabeth Lail; Matthew Lillard; Mary Stuart Masterson,2023-10-25,110,Emma Tammi,Five Nights at Freddy's Collection,,,,2026-08-21,33,33,5.4,135714,0,0,0,0,0,0,24 nominations total,2026-08-21,false,,,40,100,83,33,0,Fits your taste for Horror / Thriller.
show:67070,Fleabag,2016,show,Watched,109975,tt5687612,67070,8,2026-07-29T00:26:21.000Z,12,2019-04-08T21:57:00.000Z,12,caught-up,false,,,Comedy; Drama,"A portrait into the mind of a dry-witted, sexual, angry, porn-watching, grief-riddled woman, trying to make sense of the world. As she hurls herself headlong at modern living, Fleabag is thrown roughly up against the walls of contemporary London, with all its frenetic energy, late nights, and bright lights.","london, england; godmother; feminism; cynicism; stepmother; grief; loneliness; dysfunctional family; priest; dark comedy; based on play or musical; promiscuity; breaking the fourth wall; guilt; death of mother",en,8.3,1914,12.0379,2898; 2904; 2905; 277315; 2933; 2987; 2997; 241337; 277439; 241259; 241272; 241257; 241361; 2996; 95044; 95182; 94951; 240940; 240942; 2635,81357; 4493; 84977; 62117; 1906; 107113; 249042; 815; 97173; 136311; 42282; 61118; 1393; 92621; 900; 61920; 67280; 216795; 64254; 246992,Small Wonder; Cafe Americain; The Ropers; Ha Ha Maker; The Riches,Phoebe Waller-Bridge; Sian Clifford; Andrew Scott,2016-07-21,,Phoebe Waller-Bridge,,Ended,2,12,2026-08-21,,92,8.7,245134,0,0,6,0,70,71,Won 6 Primetime Emmys. 70 wins & 71 nominations total,2026-08-21,false,,,94,95,73,92,100,"Similar to Russian Doll and Shrinking, which you loved."
show:87917,For All Mankind,2019,show,Watched,140481,tt7772588,87917,9,2026-07-29T00:19:49.000Z,50,1970-01-01T00:00:00.000Z,50,caught-up,false,,,Drama; Sci-Fi & Fantasy; War & Politics,"Explore an aspirational world where NASA and the space program remained a priority and a focal point of our hopes and dreams as told through the lives of NASA astronauts, engineers, and their families.",moon; planet mars; 1970s; nasa; cold war; space war; dystopia; politics; moon landing; alternate history; astronaut; space race; moon colony; 1980s; 1990s,en,7.75,1012,53.8003,92391; 887; 29004; 29043; 29117; 59617; 59579; 1180; 1206; 92588; 29398; 92434; 1097; 206737; 124861; 206688; 59659; 1358; 238886; 239000,252107; 63639; 34967; 48866; 127235; 62425; 106379; 85723; 85949; 69478; 128839; 79680; 93784; 62858; 67683; 93740; 71340; 86374; 86550; 42009,Space Race; El Puntero; Ashes to Ashes; Ergo Proxy; Halt and Catch Fire,Toby Kebbell; Mireille Enos; Edi Gathegi; Cynthy Wu; Coral Peña,2019-11-01,,Matt Wolpert,,Returning Series,5,50,2026-08-21,,76,8.1,86760,0,0,2,0,3,21,Won 2 Primetime Emmys. 3 wins & 21 nominations total,2026-08-21,false,,,70,95,67,76,67,You've loved 1 title from creator Matt Wolpert before.
movie:359724,Ford v Ferrari,2019,movie,Watched,324762,tt1950186,359724,8,2019-11-15T00:00:00.000Z,1,2019-11-15T00:00:00.000Z,,,false,,,Drama; History; Action,"American car designer Carroll Shelby and the British-born driver Ken Miles work together to battle corporate interference, the laws of physics, and their own personal demons to build a revolutionary race car for Ford Motor Company and take on the dominating race cars of Enzo Ferrari at the 24 Hours of Le Mans in France in 1966.",based on novel or book; car race; sports; car mechanic; biography; based on true story; le mans; racing; race car driver; frantic; 1960s; motorsport,en,8.006,9204,17.0669,2274; 2277; 2290; 2323; 263262; 2370; 2376; 2381; 2428; 444505; 2576; 1008048; 2750; 2757; 2771; 263553; 263579; 1566337; 263633; 2923,292011; 457232; 972433; 10423; 2133; 9549; 300673; 17599; 2119; 1852; 589612; 408266; 9289; 345317; 458131; 10971; 911430; 11362; 136797; 25624,Topaz; F1,Matt Damon; Christian Bale; Jon Bernthal; Caitríona Balfe; Josh Lucas,2019-11-13,153,James Mangold,,,,,2026-08-21,92,81,8.1,553839,2,0,0,0,26,86,Won 2 Oscars. 26 wins & 86 nominations total,2026-08-21,false,,,97,100,89,87,100,You've loved 3 titles with Matt Damon before.
show:307534,Free Bert,2026,show,Watched,310151,tt37449205,307534,8,2026-07-29T00:20:26.000Z,6,2026-01-22T09:30:00.000Z,6,caught-up,false,,,Comedy,A gloriously messy dad and his equally unfiltered family cause chaos when they try to fit in with the snobby crowd at their elite new school.,irreverent,en,7.4,25,5.1622,2331; 2224; 61818; 2400; 61920; 2765; 62187; 1400; 1489; 62668; 498; 645; 238046; 171; 4573; 64254; 67804; 213026; 308798; 66859,33922; 201902; 1915; 18614; 76345; 1795; 10420; 713; 203614; 1459; 90877; 1551; 93290; 84584; 40520; 1229; 251608; 260458; 261363; 849,Catastrophe; Seinfeld; Lovesick; Martin; Master of None,Bert Kreischer; Arden Myrin; Ava Ryan; Lilou Lang; Chris Witaske,2026-01-22,,Jarrad Paul,,Returning Series,2,6,2026-08-21,,60,,,0,0,0,0,0,0,N/A,2026-08-21,false,,,59,80,32,60,0,You've loved 1 title with Chris Witaske before.
show:4278,Friday Night Lights,2006,show,Watched,4254,tt0758745,4278,9,2011-02-09T00:00:00.000Z,76,1970-01-01T00:00:00.000Z,76,caught-up,false,,,Drama,"The trials and triumphs of life in the small town of Dillon, Texas, where high school football is everything.",southern usa; american football; texas; sports; high school; based on movie; teen drama,en,8.005,325,34.7779,1; 19; 95; 167; 269; 123249; 123503; 123349; 302986; 109; 40; 51; 127; 211; 303132; 407; 433; 236903; 236871; 28397,1948; 2025; 62823; 65152; 99121; 89572; 2673; 2327; 68780; 2883; 341; 21762; 92875; 94617; 43899; 61733; 74016; 67265; 72743; 2354,Planet of the Apes; The Game; Brothers and Sisters; Parenthood; Home and Away,Kyle Chandler; Connie Britton; Aimee Teegarden; Michael B. Jordan; Jurnee Smollett,2006-10-03,43,Brian Grazer,,Ended,5,76,2026-08-21,,83,8.7,78193,0,0,3,0,22,122,Won 3 Primetime Emmys. 22 wins & 122 nominations total,2026-08-21,false,,,63,90,56,83,100,You've loved 1 title from creator Brian Grazer before.
show:132016,Full Circle,2023,show,Watched,186511,tt15303234,132016,8,2026-08-13T13:33:53.000Z,6,2023-07-27T07:49:00.000Z,6,caught-up,false,,,Crime; Drama,An investigation into a botched kidnapping uncovers long-held secrets connecting multiple characters and cultures in present day New York City.,new york city; kidnapping; miniseries,en,6.46,88,8.4728,61428; 61498; 208071; 2210; 2251; 208146; 240085; 240144; 240166; 61380; 61393; 2239; 61559; 208130; 126577; 30280; 126670; 30324; 30327; 30381,4040; 119845; 72745; 80213; 156902; 278178; 213306; 197434; 124394; 220801; 280511; 78191; 67384; 248416; 39852; 287238; 76231; 125949; 29574; 108181,Cilla; The Great Fire; The Althea Tapes; 180 Degree Longitude Passes Through Us; Out There,Zazie Beetz; Claire Danes; Jim Gaffigan; Jharrel Jerome; Timothy Olyphant,2023-07-13,,Ed Solomon,,Ended,1,6,2026-08-21,,64,6.3,7831,0,0,0,0,0,0,3 nominations total,2026-08-21,false,,,59,85,44,64,0,You've loved 2 titles with Zazie Beetz before.
show:218137,Full Swing,2023,show,Watched,201562,tt17050700,218137,10,2026-07-29T00:21:00.000Z,27,2026-04-17T05:00:00.000Z,27,caught-up,false,,,Documentary,This immersive documentary series follows a diverse group of professional golfers - on and off the course - during a relentless season of competition.,golf; sports; sports documentary; pga tour,en,6.722,9,4.3597,95356; 306153; 95387; 241716; 95837; 128009; 31558; 128210; 123357; 237078; 123339; 273406; 273788; 273828; 303175; 123833; 91670; 237890; 91794; 124264,204554; 4199; 4498; 101978; 296549; 289485; 64313; 105288; 38122; 15069; 9552; 61894; 114695; 118924; 213193; 262594; 65339; 74911; 19744; 113085,,Amanda Balionis,2023-02-15,,James Gay-Rees,,Returning Series,4,27,2026-08-21,,88,8,4785,0,0,0,0,0,0,N/A,2026-08-21,false,,,41,80,22,88,0,You've loved 1 title from creator James Gay-Rees before.
movie:445571,Game Night,2018,movie,Watched,293963,tt2704998,445571,7,2018-02-23T00:00:00.000Z,1,2018-02-23T00:00:00.000Z,,,false,,,Mystery; Comedy; Crime,"Max and Annie's weekly game night gets kicked up a notch when Max's brother Brooks arranges a murder mystery party -- complete with fake thugs and federal agents. So when Brooks gets kidnapped, it's all supposed to be part of the game. As the competitors set out to solve the case, they start to learn that neither the game nor Brooks are what they seem to be. The friends soon find themselves in over their heads as each twist leads to another unexpected turn over the course of one chaotic night.",jealousy; husband wife relationship; married couple; sarcasm; dark comedy; insult; revenge; neighbor; dog; game; group of friends; corvette stingray; creepy neighbor; aftercreditsstinger; embarrasment,en,6.847,6417,10.2064,1232943; 49519; 49520; 49524; 1608096; 667498; 49559; 487176; 484473; 47010; 47038; 297126; 46909; 297349; 47259; 47189; 1054221; 851202; 664696; 46819,993; 484247; 3529; 187017; 1007734; 736769; 10607; 308024; 66195; 1083420; 323368; 4638; 64688; 812583; 50022; 4959; 32081; 27004; 175291; 26337,The Croods; R.I.P.D.; Secret Defense; 22 Jump Street; Nobody 2,Jason Bateman; Rachel McAdams; Kyle Chandler; Sharon Horgan; Billy Magnussen,2018-02-15,100,John Francis Daley,,,,,2026-08-21,85,66,6.9,275804,0,0,0,0,4,22,4 wins & 22 nominations total,2026-08-21,false,,,61,100,85,76,30,You've loved 2 titles with Rachel McAdams before.
show:1399,Game of Thrones,2011,show,Watched,1390,tt0944947,1399,3,2026-07-29T01:19:07.000Z,73,2019-05-20T02:20:00.000Z,73,caught-up,false,,,Sci-Fi & Fantasy; Drama; Action & Adventure,"Seven noble families fight for control of the mythical land of Westeros. Friction between the houses leads to full-scale war. All while a very ancient evil awakens in the farthest north. Amidst the war, a neglected military order of misfits, the Night's Watch, is all that stands between the realms of men and icy horrors beyond.",based on novel or book; kingdom; dragon; king; intrigue; fantasy world,en,8.47,27561,175.3112,208883; 2928; 95341; 95344; 241372; 208921; 208923; 277439; 241275; 241290; 95279; 127651; 127865; 127875; 306201; 95133; 95198; 62458; 240975; 241065,94997; 71912; 62417; 7704; 71914; 106541; 63333; 95839; 90228; 128839; 76479; 85273; 90802; 125116; 70485; 83125; 118956; 224372; 44217; 85720,The Investigator; Shantaram; When One Day I Will Sleep; 56 Days; Rivals,Peter Dinklage; Kit Harington; Nikolaj Coster-Waldau; Lena Headey; Emilia Clarke,2011-04-17,,David Benioff,,Ended,8,73,2026-08-21,,86,9.2,2606100,0,0,59,0,396,655,Won 59 Primetime Emmys. 396 wins & 655 nominations total,2026-08-21,false,,,71,100,99,86,100,"Similar to The Boys, which you loved."
show:107407,Gaslit,2022,show,Watched,158611,tt11834592,107407,7,2022-06-12T00:00:00.000Z,8,1970-01-01T00:00:00.000Z,8,caught-up,false,,,Drama,A modern take on the 1970s political Watergate scandal centering on untold stories and forgotten characters of the time.,watergate scandal; corrupt politician; based on podcast,en,6.889,81,5.1615,241405; 241485; 62896; 239618; 93749; 243217; 131141; 96237; 102540; 215995; 290225; 13322; 217825; 291368; 157741; 80335; 221585; 112314; 260637; 117821,96237; 113984; 1425; 270734; 245219; 222766; 216082; 90399; 61263; 87049; 199001; 1621; 226174; 71715; 122066; 114922; 39269; 262848; 129552; 120911,Dr. Death; American Sports Story: Aaron Hernandez; White House Plumbers; Smoke; The Horror of Dolores Roach,Julia Roberts; Sean Penn; Dan Stevens; Betty Gilpin; Shea Whigham,2022-04-24,,Robbie Pickering,,Ended,1,8,2026-08-21,,70,7.3,8395,0,0,0,4,2,28,Nominated for 4 Primetime Emmys. 2 wins & 28 nominations total,2026-08-21,false,,,62,85,43,70,64,You've loved 1 title with Sean Penn before.
show:205715,Gen V,2023,show,Watched,196842,tt13159924,205715,8,2025-10-22T00:00:00.000Z,16,1970-01-01T00:00:00.000Z,16,caught-up,false,,,Action & Adventure; Drama; Sci-Fi & Fantasy,"At America's only college for superheroes, gifted students put their moral boundaries to the test, competing for the university's top ranking, and a chance to join The Seven, Vought International's elite superhero team. When the school's dark secrets come to light, they must decide what kind of heroes they want to become.",superhero; based on comic; dark comedy; spin off; super power; college student; absurd; depressing; cliché,en,7.634,1586,31.4293,934; 936; 958; 888; 890; 1028; 1029; 1042; 1057; 206014; 91613; 273866; 124003; 124100; 303597; 28751; 91656; 237436; 124394; 124396,75450; 66190; 71663; 88987; 62643; 195868; 1403; 71340; 67195; 75006; 62126; 158141; 60708; 93484; 1639; 194583; 79788; 62285; 38472; 61889,Neon Genesis Evangelion; Holby City; Revolutionary Girl Utena; Power Book III: Raising Kanan; Titans,Jaz Sinclair; Lizze Broadway; Maddie Phillips; London Thor; Derek Luh,2023-09-28,,Craig Rosenberg,,Canceled,2,16,2026-08-21,,73,7.6,144923,0,0,0,0,3,16,3 wins & 16 nominations total,2026-08-21,false,,,61,95,71,73,22,"Similar to Watchmen and Marvel's Daredevil, which you loved."
movie:419430,Get Out,2017,movie,Watched,264623,tt5052448,419430,10,2017-02-24T00:00:00.000Z,1,2017-02-24T00:00:00.000Z,,,false,,,Mystery; Thriller; Horror,"Chris and his girlfriend Rose go upstate to visit her parents for the weekend. At first, Chris reads the family's overly accommodating behavior as nervous attempts to deal with their daughter's interracial relationship, but as the weekend progresses, a series of increasingly disturbing discoveries lead him to a truth that he never could have imagined.",kidnapping; externally controlled action; manipulation; dark comedy; hypnosis; parents-in-law; satire; racist; revenge; interracial relationship; disappearance; racism; psychological thriller; neurosurgeon; missing person,en,7.624,19206,16.778,4997; 1567594; 4973; 1567643; 446101; 265085; 3515; 3529; 3594; 3597; 445571; 445732; 626293; 1566955; 4965; 1567627; 1196127; 5060; 1567419; 4771,814800; 101669; 772973; 840705; 8461; 1083968; 536437; 631843; 798362; 782936; 13483; 207933; 13937; 10299; 306947; 41966; 1062215; 34583; 24740; 13515,Wonderland; Under the Sand; The Number 23; Game Night; Impostor,Daniel Kaluuya; Allison Williams; Catherine Keener; Bradley Whitford; Caleb Landry Jones,2017-02-24,104,Jordan Peele,,,,,2026-08-21,98,85,7.8,814293,1,0,0,0,154,214,Won 1 Oscar. 154 wins & 214 nominations total,2026-08-21,false,,,78,100,96,92,100,You've loved 2 titles from director Jordan Peele before.
show:117581,Ginny & Georgia,2021,show,Watched,170997,tt10813940,117581,7,2025-06-05T00:00:00.000Z,30,1970-01-01T00:00:00.000Z,30,caught-up,false,,,Comedy; Drama,"Free-spirited Georgia and her two kids, Ginny and Austin, move north in search of a fresh start but find that the road to new beginnings can be bumpy.",femme fatale; romance; neighbor; female protagonist; motorcycle gang; childhood sexual abuse; town mayor; teenage romance; teen drama; dramedy; abuse; self-harm; abusive boyfriend; defraud; mother daughter relationship,en,8,1818,23.3069,277369; 277404; 277406; 95344; 95346; 2980; 241373; 208906; 208913; 208921; 208931; 277439; 277414; 277415; 241272; 241257; 241348; 241361; 2998; 277486,693; 42282; 100883; 69050; 130842; 96734; 206828; 31917; 81357; 199001; 225634; 269; 105; 107365; 116450; 66025; 900; 5721; 216795; 71715,The Moon on a Rainy Night; The Dangerous Affair; Obsessed; When One Day I Will Sleep; Hatena Illusion,Antonia Gentry; Brianne Howey; Diesel La Torraca; Jennifer Robertson; Felix Mallard,2021-02-24,,Sarah Lampert,,Returning Series,4,30,2026-08-21,,63,7.5,103432,0,0,0,1,5,8,Nominated for 1 Primetime Emmy. 5 wins & 8 nominations total,2026-08-21,false,,,64,95,73,63,26,"Similar to Girls, which you loved."
show:42282,Girls,2012,show,Watched,42059,tt1723816,42282,10,2026-07-29T00:27:13.000Z,62,2017-04-17T02:28:00.000Z,62,caught-up,false,,,Drama; Comedy,"The assorted humiliations, disasters and rare triumphs of four very different twenty-something girls: Hannah, an aspiring writer; Marnie, an art gallery assistant and cousins Jessa and Shoshanna.",new york city; adolescence; roommates; self-discovery; female friendship; friendship; relationship; young woman; aspiring writer; dramedy; sexual relationship; young adult; irreverent; millennial; egotistical,en,6.393,456,20.1303,208883; 277369; 277445; 241259; 2996; 95286; 127735; 127751; 306129; 127865; 241170; 95041; 95170; 95213; 62474; 62475; 94951; 127828; 31295; 62579,260458; 64254; 62117; 105; 100883; 69630; 815; 138089; 116450; 900; 5721; 67883; 134373; 99610; 117581; 70796; 71890; 61118; 41875; 243316,The Investigator; The Moon on a Rainy Night; Power: Origins; Baby Reindeer; The Office,Lena Dunham; Allison Williams; Zosia Mamet; Jemima Kirke; Adam Driver,2012-04-15,28,Lena Dunham,,Ended,6,62,2026-08-21,,80,7.4,82590,0,0,2,0,19,135,Won 2 Primetime Emmys. 19 wins & 135 nominations total,2026-08-21,false,,,81,90,59,80,100,You've loved 1 title from creator Lena Dunham before.
movie:558449,Gladiator II,2024,movie,Watched,409281,tt9218128,558449,9,2024-11-22T00:00:00.000Z,1,2024-11-22T00:00:00.000Z,,,false,,,Action; Adventure; Drama,"Years after witnessing the death of the revered hero Maximus at the hands of his uncle, Lucius is forced to enter the Colosseum after his home is conquered by the tyrannical Emperors who now lead Rome with an iron fist. With rage in his heart and the future of the Empire at stake, Lucius must look to his past to find strength and honor to return the glory of Rome to its people.",gladiator; roman empire; ancient rome; sequel; epic battle; family legacy; 3rd century; antiquity; fallen hero; political rival; evil tyrant; critical; sword and sandal; sword fighting; second part,en,6.6,4673,20.3632,1056803; 1232941; 1608013; 49494; 49516; 49633; 1607845; 49444; 46957; 297189; 484616; 297270; 297291; 1054061; 850880; 299513; 49857; 50070; 1608982; 1061474,98; 967; 9387; 184315; 53182; 12775; 42012; 931285; 23759; 592643; 522417; 9355; 1289601; 19277; 631939; 39274; 1271; 38234; 388191; 299054,Rascal Does Not Dream of a Sister Venturing Out; Kaguya-sama: Love is War - Final Chapter; Black Mask 2: City of Masks; Chainsaw Man - Assassins Arc; Kung Fu Panda 2,Paul Mescal; Denzel Washington; Pedro Pascal; Connie Nielsen; Joseph Quinn,2024-11-13,148,Ridley Scott,Gladiator Collection,,,,2026-08-21,70,64,6.4,296954,0,1,0,0,9,113,Nominated for 1 Oscar. 9 wins & 113 nominations total,2026-08-21,false,,,76,95,82,67,100,You loved Gladiator II — this is another entry in the same Gladiator franchise.
movie:450465,Glass,2019,movie,Watched,298686,tt6823368,450465,7,2019-01-18T00:00:00.000Z,1,2019-01-18T00:00:00.000Z,,,false,,,Thriller; Drama; Science Fiction,"In a series of escalating encounters, former security guard David Dunn uses his supernatural abilities to track Kevin Wendell Crumb, a disturbed man who has twenty-four personalities. Meanwhile, the shadowy presence of Elijah Price emerges as an orchestrator who holds secrets critical to both men.","philadelphia, pennsylvania; superhero; villain; sequel; psychiatric hospital; comic book shop; super power; mental illness; multiple personality; dissociative identity disorder; surveillance specialist; wonder",en,6.665,9203,8.943,315635; 73861; 74026; 74198; 510242; 73567; 73587; 510276; 73751; 1631877; 325302; 81672; 81450; 81462; 81463; 325220; 82081; 81778; 1094556; 82992,453405; 46529; 227156; 13455; 1023915; 157353; 26883; 487672; 262500; 487670; 636; 492613; 315837; 97020; 336843; 441183; 9620; 8698; 180; 46041,Spider-Man: Homecoming; A Serbian Film; Under Still Waters; The Penthouse; Psycho-Pass: Sinners of the System - Case.1 Crime and Punishment,James McAvoy; Bruce Willis; Samuel L. Jackson; Sarah Paulson; Anya Taylor-Joy,2019-01-16,129,M. Night Shyamalan,Eastrail 177 - Saga,,,,2026-08-21,37,43,6.6,302015,0,0,0,0,2,15,2 wins & 15 nominations total,2026-08-21,false,,,40,100,89,40,19,You've loved 1 title with Anya Taylor-Joy before.
movie:661374,Glass Onion: A Knives Out Mystery,2022,movie,Watched,495668,tt11564570,661374,7,2022-11-23T00:00:00.000Z,1,2022-11-23T00:00:00.000Z,,,false,,,Comedy; Crime; Mystery,World-famous detective Benoit Blanc heads to Greece to peel back the layers of a mystery surrounding a tech billionaire and his eclectic crew of friends.,detective; greece; investigation; mona lisa (la gioconda); dark comedy; satire; sequel; murder; billionaire; whodunit; puzzle box; clue; identical twin; murder mystery; arrested development,en,7.025,7066,9.8134,1565807; 2275; 2295; 1565960; 1565990; 1007793; 2455; 263506; 2749; 2758; 2762; 2764; 2768; 2770; 1194686; 2855; 1008161; 2897; 2912; 2923,15659; 744653; 1035259; 546554; 9749; 10440; 11718; 14584; 1100795; 37136; 582218; 27581; 945729; 766475; 457840; 9644; 42213; 829400; 829280; 1137350,Clerks II; Mountain King; 15 Minutes; American Pie 2; Around the World in 80 Days,Daniel Craig; Edward Norton; Janelle Monáe; Kathryn Hahn; Leslie Odom Jr.,2022-11-23,140,Rian Johnson,Knives Out Collection,,,,2026-08-21,91,81,7.1,522178,0,1,0,0,53,140,Nominated for 1 Oscar. 53 wins & 140 nominations total,2026-08-21,false,,,55,100,86,86,100,Fits your taste for Comedy / Crime.
show:70573,GLOW,2017,show,Watched,116959,tt5770786,70573,6,2026-07-29T00:51:55.000Z,30,2019-08-09T07:42:00.000Z,30,caught-up,false,,,Comedy; Drama,"In 1980s LA, a crew of misfits reinvent themselves as the Gorgeous Ladies of Wrestling.",wrestling; sports; 1980s; sisterhood; irreverent; offbeat; witty; sport,en,7.3,445,11.904,95341; 208921; 241259; 2996; 2888; 95011; 240921; 240975; 62681; 62704; 62668; 95484; 62865; 63088; 63141; 95526; 62725; 62927; 95819; 63130,119181; 63130; 245318; 138089; 1795; 211; 118303; 91555; 247767; 244623; 31941; 208921; 92553; 1229; 67280; 1393; 87049; 154385; 296579; 46157,Shantaram; Rivals; Baby Reindeer; The Office; Knock Out,Alison Brie; Betty Gilpin; Marc Maron; Sydelle Noel; Britney Young,2017-06-23,,Liz Flahive,,Canceled,3,30,2026-08-21,,82,8,53457,0,0,3,0,13,107,Won 3 Primetime Emmys. 13 wins & 107 nominations total,2026-08-21,false,,,47,90,59,82,100,You've loved 1 title with Alison Brie before.
show:79086,Godfather of Harlem,2019,show,Watched,148826,tt8080122,79086,8,2025-06-22T00:00:00.000Z,40,1970-01-01T00:00:00.000Z,40,caught-up,false,,,Drama; Crime,"Loosely based on infamous crime boss Bumpy Johnson, who in the early 1960s returned from ten years in prison to find the neighborhood he once ruled in shambles. With the streets controlled by the Italian mob, Bumpy attempts to regain his piece of Harlem.","crime boss; mobster; godfather; harlem, new york city",en,8.131,771,26.6131,2204; 61393; 208208; 94830; 62336; 1398; 1621; 60681; 2966; 3317; 96161; 91506; 383; 125282; 4539; 278624; 35010; 66316; 68796; 101783,4040; 101591; 54650; 97890; 119845; 76231; 85021; 194764; 64199; 247718; 1621; 60574; 75666; 1398; 156473; 1409; 66025; 67384; 1486; 278624,Brotherhood; The Sopranos; Boardwalk Empire; The Tiger; Lucky,Forest Whitaker; Erik LaRay Harvey; Ilfenesh Hadera; Antoinette Crowe-Legacy; Lucy Fry,2019-09-29,,Chris Brancato,,Ended,4,40,2026-08-21,,72,8.1,25785,0,0,1,0,2,36,Won 1 Primetime Emmy. 2 wins & 36 nominations total,2026-08-21,false,,,91,90,64,72,60,You've loved 1 title from creator Chris Brancato before.
show:73467,Godless,2017,show,Watched,123112,tt5516154,73467,8,2017-11-22T00:00:00.000Z,7,1970-01-01T00:00:00.000Z,7,caught-up,false,,,Western; Drama,"A ruthless outlaw terrorizes the West in search of a former member of his gang, who’s found a new life in a quiet town populated only by women.",gunslinger; sheriff; new mexico; wanted poster; widow; mining accident; outlaw; on the run; gang; shootout; miniseries; mining town; standoff; 19th century; dark,en,7.744,734,10.5853,980; 124518; 124578; 124800; 814; 886; 887; 913; 1018; 1062; 59149; 59157; 29004; 206485; 206510; 238337; 238339; 206402; 59610; 59643,1406; 138971; 1401; 215866; 122235; 66025; 73586; 118357; 43901; 2562; 1436; 240993; 89498; 157744; 5742; 99346; 157732; 41692; 365; 157084,Trackdown; More than Blue: The Series; Love & Death; Hornblower; Space Race,Jack O'Connell; Michelle Dockery; Scoot McNairy; Merritt Wever; Thomas Brodie-Sangster,2017-11-22,,Scott Frank,,Ended,1,7,2026-08-21,,75,8.2,90913,0,0,3,0,8,27,Won 3 Primetime Emmys. 8 wins & 27 nominations total,2026-08-21,false,,,88,90,64,75,100,You've loved 1 title from creator Scott Frank before.
show:67384,Goliath,2016,show,Watched,110358,tt4687880,67384,10,2026-07-29T01:24:45.000Z,32,1970-01-01T00:00:00.000Z,32,caught-up,false,,,Crime; Drama,"Once a powerful lawyer, Billy McBride is now burned out and washed up, spending more time in a bar than a courtroom. When he reluctantly agrees to pursue a wrongful death lawsuit against the biggest client of Cooperman &amp; McBride, the massive law firm he helped create, Billy and his ragtag team uncover a vast and deadly conspiracy, pitting them all in a life or death trial against the ultimate Goliath.",courtroom drama; inspirational,en,7.6,495,40.9358,124800; 1018; 59312; 1365; 93224; 275824; 239715; 93870; 1972; 61378; 400; 124101; 123378; 90972; 303645; 240316; 61865; 94607; 240993; 95057,116799; 205272; 32940; 226174; 119845; 202097; 204490; 256711; 153657; 158083; 100414; 44856; 4920; 81358; 10305; 85385; 82883; 280511; 10370; 72496,Love & Death; Bonanza; The Bletchley Circle; Eli Stone; SAS: Rogue Heroes,Billy Bob Thornton; Nina Arianda; Tania Raymonde; Diana Hopper; Bruce Dern,2016-10-13,,David E. Kelley,,Ended,4,32,2026-08-21,,65,8.1,62986,0,0,0,1,1,11,Nominated for 1 Primetime Emmy. 1 win & 11 nominations total,2026-08-21,false,,,82,90,60,65,21,You've loved 3 titles from creator David E. Kelley before.
show:91405,Gordon Ramsay: Uncharted,2019,show,Watched,149508,tt9165706,91405,8,2024-06-23T00:00:00.000Z,29,1970-01-01T00:00:00.000Z,29,caught-up,false,,,Documentary,"Follow Gordon Ramsay as he meets with indigenous people around the globe to learn about the cultures, dishes and flavors unique to each location. Each episode concludes with Ramsay challenging himself with a local food legend by his side - putting his newfound skills to the test as they cook a feast together for the natives.",cooking; travel; chef; culinary arts; world cuisine; cook,en,7.432,37,4.1459,126598; 93970; 2361; 305415; 94225; 208201; 208092; 240528; 94555; 94611; 61820; 126912; 126977; 61797; 240509; 30770; 62058; 62092; 62094; 208401,105288; 208589; 4498; 65339; 113085; 4199; 213193; 101978; 262594; 66185; 118924; 65517; 296549; 92371; 38122; 1181; 8040; 114695; 64313; 248287,,Gordon Ramsay,2019-07-21,47,,,Ended,4,29,2026-08-21,,,7.7,2011,0,0,0,0,1,5,1 win & 5 nominations total,2026-08-21,false,,,33,65,35,,7,Fits your taste for Documentary.
movie:980489,Gran Turismo,2023,movie,Watched,787984,tt4495098,980489,8,2026-08-21T14:28:49.000Z,1,2023-08-11T00:00:00.000Z,,,false,,,Adventure; Drama; Action,The ultimate wish-fulfillment tale of a teenage Gran Turismo player whose gaming skills won him a series of Nissan competitions to become an actual professional racecar driver.,sports; based on true story; racing; based on video game; aftercreditsstinger; duringcreditsstinger; motorsport; awestruck; enthusiastic; hopeful; persuasive,en,7.695,3527,10.9504,453; 462; 476; 504; 546; 568; 575; 561; 594; 673; 597; 598; 682; 696; 613; 617; 1005728; 746; 1564324; 769,911430; 136797; 385128; 2119; 359724; 38575; 141052; 286217; 487186; 497698; 739986; 5920; 658; 436270; 453395; 424783; 72545; 7451; 609681; 333339,A Beautiful Mind; Drugstore Cowboy; Transamerica; The Experiment; Constantine,Archie Madekwe; David Harbour; Orlando Bloom; Djimon Hounsou; Darren Barnet,2023-08-09,135,Neill Blomkamp,,,,,2026-08-21,,48,7.1,134755,0,0,0,0,0,0,3 nominations total,2026-08-21,false,,,85,95,79,48,0,You've loved 1 title with David Harbour before.
movie:490132,Green Book,2018,movie,Watched,337145,tt6966692,490132,8,2018-11-16T00:00:00.000Z,1,2018-11-16T00:00:00.000Z,,,false,,,Drama; Comedy; History,"Tony Lip, a bouncer in 1962, is hired to drive pianist Don Shirley on a tour through the Deep South in the days when African Americans, forced to find alternate accommodations and services due to segregation laws below the Mason-Dixon Line, relied on a guide called The Negro Motorist Green Book.",friendship; southern usa; based on true story; road trip; racism; pianist; driver; lgbt; road movie; music tour; 1960s; roadtrip; gay theme; feelgood,en,8.223,13123,14.8839,434; 442; 453; 462; 468; 469; 481; 497; 504; 507; 510; 511; 513; 523; 525; 540; 546; 549; 553; 554,646453; 26820; 1299655; 43609; 1633; 347123; 998846; 719256; 838; 10654; 522; 11293; 42179; 458131; 209361; 652962; 583689; 632666; 51763; 440472,Popular Music; A Beautiful Mind; My Own Private Idaho; Stranger Than Paradise; 7 Virgins,Viggo Mortensen; Mahershala Ali; Linda Cardellini; Sebastian Maniscalco; Dimiter D. Marinov,2018-11-16,130,Peter Farrelly,,,,,2026-08-21,77,69,8.2,682124,3,0,0,0,58,125,Won 3 Oscars. 58 wins & 125 nominations total,2026-08-21,false,,,68,100,92,73,100,You've loved 1 title from director Peter Farrelly before.
show:137893,Griselda,2024,show,Watched,190918,tt15837600,137893,7,2024-01-25T00:00:00.000Z,6,1970-01-01T00:00:00.000Z,6,caught-up,false,,,Drama; Crime,"Inspired by real events, this fictional dramatization shows Griselda Blanco's journey from Medellín to becoming ""the Godmother"" of Miami's drug empire.",based on true story; miniseries; true crime; cartel; 1980s; slow burn; gritty,en,7.239,408,10.7298,124511; 124518; 124578; 124800; 92391; 886; 887; 59149; 29004; 206485; 206510; 92246; 238337; 238339; 206382; 206402; 303824; 59504; 59579; 59643,80968; 66676; 194764; 63351; 248416; 64199; 66025; 287238; 71715; 286709; 76231; 239826; 67384; 220801; 225634; 278178; 2850; 280511; 116799; 60059,More than Blue: The Series; Love & Death; Space Race; Burning Bush; Copenhagen Cowboy,Sofía Vergara; Alberto Guerra; Christian Tappan; Martín Rodríguez; Juliana Aidén Martinez,2024-01-25,,Ingrid Escajeda,,Ended,1,6,2026-08-21,,64,7.2,49010,0,0,0,3,4,21,Nominated for 3 Primetime Emmys. 4 wins & 21 nominations total,2026-08-21,false,,,75,90,58,64,53,"Similar to The Penguin and Narcos, which you loved."
show:83659,Guillermo del Toro's Cabinet of Curiosities,2022,show,Watched,190673,tt8415836,83659,7,2022-10-28T00:00:00.000Z,8,1970-01-01T00:00:00.000Z,8,caught-up,false,,,Drama; Mystery; Sci-Fi & Fantasy,"Bizarre nightmares unfold in eight tales of terror in this visually stunning, spine-tingling horror collection curated by Guillermo del Toro.",tale; demon; gothic horror; dark fantasy; horror anthology; nightmares; horror,en,7.453,1056,11.5874,277453; 95479; 95483; 62741; 62798; 95744; 95767; 63085; 62773; 95675; 95693; 62913; 95813; 128098; 128173; 127955; 128030; 31613; 209453; 3376,1386; 4346; 86686; 3470; 113036; 12832; 7143; 83135; 75191; 1413; 4340; 1622; 71116; 73987; 43358; 253372; 60743; 90802; 124364; 64394,Masters of Horror; American Horror Stories; The Hunger; The Terror; American Horror Story,,2022-10-25,,Guillermo del Toro,,Ended,1,8,2026-08-21,,,7,63214,0,0,1,0,7,21,Won 1 Primetime Emmy. 7 wins & 21 nominations total,2026-08-21,false,,,58,95,68,,55,Titles you loved list this as similar or recommended (2 times).
show:124101,Hacks,2021,show,Watched,179632,tt11815682,124101,8,2026-05-28T00:00:00.000Z,47,1970-01-01T00:00:00.000Z,47,caught-up,false,,,Comedy; Drama,"Explore a dark mentorship that forms between Deborah Vance, a legendary Las Vegas comedian, and an entitled, outcast 25-year-old.",las vegas; entertainment industry; inspirational; generational divide; sentimental; hilarious; audacious; bold; exuberant; vibrant,en,7.469,382,41.5292,127668; 241166; 95057; 62474; 94951; 208953; 62602; 2962; 62688; 62644; 62776; 95555; 95558; 241613; 3050; 31356; 3247; 209459; 115; 44,122194; 116450; 63130; 247767; 69630; 203614; 260458; 36994; 208953; 72071; 243861; 62320; 126914; 154385; 1915; 64823; 65495; 62117; 76345; 96734,Superman & Lois; Seaside Hotel; Mythic Quest; Supergirl; Daisy Jones & the Six,Jean Smart; Hannah Einbinder; Carl Clemons-Hopkins; Paul W. Downs; Megan Stalter,2021-05-13,,Lucia Aniello,,Ended,5,47,2026-08-21,,87,8.2,61822,0,0,12,0,101,243,Won 12 Primetime Emmys. 101 wins & 243 nominations total,2026-08-21,false,,,79,90,58,87,100,You've loved 1 title with Jean Smart before.
show:59659,Halt and Catch Fire,2014,show,Watched,59262,tt2543312,59659,8,2017-10-14T00:00:00.000Z,40,1970-01-01T00:00:00.000Z,40,caught-up,false,,,Drama,"During the rise of the PC era in the early 1980s, an unlikely trio - a visionary, an engineer and a prodigy - take personal and professional risks in the race to build a computer that will change the world as they know it.","texas; manipulation; silicon valley; dallas, texas; nerd; computer; family relationships; eccentric; period drama; laptop; laptop computer; narcissist; innovation; online gaming; ibm",en,7.913,579,16.7253,2908; 95341; 208921; 208923; 62458; 31325; 241384; 241405; 2953; 62681; 95486; 62829; 63033; 63141; 277762; 62732; 209173; 62927; 62921; 63130,157741; 122066; 81349; 244447; 240993; 1425; 103992; 62560; 246246; 93784; 71694; 2562; 201289; 64230; 95396; 253376; 42009; 96718; 60948; 117821,Shantaram; Rivals; Sunset Song; The Astronaut Wives Club; Westside,Lee Pace; Scoot McNairy; Mackenzie Davis; Kerry Bishé; Toby Huss,2014-06-01,,Christopher C. Rogers,,Ended,4,40,2026-08-21,,75,8.4,37962,0,0,0,1,2,14,Nominated for 1 Primetime Emmy. 2 wins & 14 nominations total,2026-08-21,false,,,78,90,62,75,26,"Similar to Landman and House of Cards, which you loved."
movie:858024,Hamnet,2025,movie,Watched,686060,tt14905854,858024,3,2025-11-26T00:00:00.000Z,1,2025-11-26T00:00:00.000Z,,,false,,,Drama; Romance,"The powerful story of love and loss that inspired the creation of Shakespeare's timeless masterpiece, Hamlet.",based on novel or book; grief; historical fiction; death in family; motherhood; woman director; 16th century; somber; period film; based on real person,en,7.71,1541,15.5327,49225; 49249; 49250; 299216; 299221; 299242; 1429715; 486935; 486946; 1429922; 853842; 49458; 49470; 49479; 49486; 49488; 49489; 49502; 1233003; 1429912,345938; 10549; 6022; 9062; 1327862; 25147; 12837; 790867; 753336; 3059; 137321; 407445; 17645; 253331; 223; 428836; 745376; 23383; 32144; 107257,Age of Consent; Kill Your Darlings; Siltalan pehtoori; So Evil My Love,Jessie Buckley; Paul Mescal; Emily Watson; Joe Alwyn; Jacobi Jupe,2025-11-26,125,Chloé Zhao,,,,,2026-08-21,87,84,7.8,109507,1,0,0,0,97,301,Won 1 Oscar. 97 wins & 301 nominations total,2026-08-21,false,,,62,95,71,86,100,You've loved 1 title with Jessie Buckley before.
show:92553,Heels,2021,show,Watched,152340,tt6554240,92553,8,2023-09-15T00:00:00.000Z,16,1970-01-01T00:00:00.000Z,16,caught-up,false,,,Drama; Action & Adventure,"In a close-knit Georgia community, a family-owned wrestling promotion finds two brothers and rivals war over their late father’s legacy. In the ring, somebody must play the good guy and somebody must play their nemesis, the heel. But in the real world, those characters can be hard to live up to (and just as hard to leave behind).",family business ; wrestling; sports; behind the scenes; sibling rivalry; pro wrestling; business rivalry; workplace rival,en,7.385,179,5.7249,92113; 823; 303838; 238709; 1274; 125138; 1110; 238566; 1370; 92892; 125394; 125437; 92835; 29540; 1581; 93297; 207347; 60863; 1691; 1755,269; 3894; 1274; 91555; 195868; 72002; 219760; 95439; 61427; 97951; 257994; 62142; 247718; 194764; 1837; 249039; 76231; 67178; 66025; 61986,Six Feet Under; The Terminal List: Dark Wolf; Mayor of Kingstown; MobLand; The Penguin,Stephen Amell; Alexander Ludwig; Alison Luff; Mary McCormack; Kelli Berglund,2021-08-15,,Michael Waldron,,Canceled,2,16,2026-08-21,,75,8,11028,0,0,0,0,0,0,5 nominations total,2026-08-21,false,,,71,85,50,75,0,"Similar to Six Feet Under and Mayor of Kingstown, which you loved."
movie:338766,Hell or High Water,2016,movie,Watched,230569,tt2582782,338766,7,2016-08-12T00:00:00.000Z,1,2016-08-12T00:00:00.000Z,,,false,,,Western; Crime; Drama,A divorced dad and his ex-con brother resort to a desperate scheme in order to save their family's farm in West Texas.,brother; texas; bank robber; road trip; gun battle; police officer killed; criminal; held at gunpoint; car fire; cowboy; small western town; neo-western; divorced father; bullet hole; audacious,en,7.304,4959,9.3679,1079810; 873125; 69502; 510495; 73824; 319221; 74198; 318830; 510242; 73534; 73567; 690224; 74107; 510811; 81738; 699252; 699654; 1461487; 883233; 1461315,20287; 475; 31283; 12690; 500682; 25914; 42252; 5916; 710258; 9333; 14881; 174751; 596161; 11967; 4512; 785663; 1293162; 18264; 26939; 785037,The Penthouse; Psycho-Pass: Sinners of the System - Case.1 Crime and Punishment; Killer Joe; Extreme Prejudice; Bonnie and Clyde,Jeff Bridges; Chris Pine; Ben Foster; Gil Birmingham; Marin Ireland,2016-08-11,102,David Mackenzie,,,,,2026-08-21,97,88,7.6,274536,0,4,0,0,47,174,Nominated for 4 Oscars. 47 wins & 174 nominations total,2026-08-21,false,,,58,95,83,93,100,You've loved 1 title with Gil Birmingham before.
movie:381284,Hidden Figures,2016,movie,Watched,241112,tt4846340,381284,7,2017-01-06T00:00:00.000Z,1,2017-01-06T00:00:00.000Z,,,false,,,Drama; History,"The untold story of Katherine G. Johnson, Dorothy Vaughan and Mary Jackson – brilliant African-American women working at NASA and serving as the brains behind one of the greatest operations in history – the launch of astronaut John Glenn into orbit. The visionary trio crossed all gender and race lines to inspire generations to dream big.",nasa; mathematics; sexism; biography; racial segregation; racism; historical fiction; scientist; space race; discrimination; 1960s; space program; african american history; apologetic; arrogant,en,8.046,10596,18.7882,453; 457; 458; 459; 462; 473; 489; 549; 568; 595; 597; 600; 687; 746; 769; 782; 783; 786; 788; 623618,1002185; 369972; 686; 9918; 2567; 403; 568; 592863; 614934; 115782; 626332; 292011; 777270; 51763; 828; 329865; 27461; 285783; 40047; 15044,A Beautiful Mind; Basquiat; Full Metal Jacket; The Aviator; Elvis,Taraji P. Henson; Octavia Spencer; Janelle Monáe; Kevin Costner; Kirsten Dunst,2016-12-10,127,Theodore Melfi,,,,,2026-08-21,93,74,7.8,285729,0,3,0,0,37,94,Nominated for 3 Oscars. 37 wins & 94 nominations total,2026-08-21,false,,,72,100,90,84,100,You've loved 1 title with Kirsten Dunst before.
show:96734,High Fidelity,2020,show,Watched,154671,tt8577458,96734,8,2020-02-14T00:00:00.000Z,10,1970-01-01T00:00:00.000Z,10,caught-up,false,,,Comedy; Drama,"Rob Brooks, a female record store owner in the rapidly gentrified neighborhood of Crown Heights, Brooklyn revisit past relationships through music and pop culture, while trying to get over her one true love.",remake; romance,en,7.6,243,10.3248,92090; 124549; 92152; 92182; 124585; 124595; 92139; 238249; 238250; 92220; 124764; 124790; 124812; 124825; 92414; 238360; 274559; 238355; 899; 912,126914; 90399; 227139; 207717; 211; 42032; 115626; 112077; 116450; 105; 203614; 259909; 63161; 61118; 41875; 61637; 62704; 138089; 102316; 243316,Blade of the Immortal; The Imperial Coroner; Second Chance; The House of Jealousy; With Love,Zoë Kravitz; David H. Holmes; Da'Vine Joy Randolph,2020-02-14,,Veronica West,,Canceled,1,10,2026-08-21,,70,7.7,16882,0,0,0,0,0,0,2 wins & 5 nominations,2026-08-21,false,,,61,90,53,70,0,"Similar to Dexter: Resurrection, which you loved."
show:226637,High Potential,2024,show,Watched,205414,tt22091076,226637,4,2026-07-29T00:12:07.000Z,31,2026-04-08T01:43:00.000Z,31,caught-up,false,,,Drama; Crime; Mystery,"Morgan is a single mom with an exceptional mind, whose unconventional knack for solving crimes leads to an unusual and unstoppable partnership with a by-the-book seasoned detective.","intellectually gifted; remake; los angeles, california; single mother; murder investigation; lapd; criminal consultant; absurd",en,8.23,638,83.2346,92090; 124540; 274479; 124790; 873; 917; 954; 1042; 238299; 303824; 1037; 1167; 1259; 1274; 1246; 1305; 29393; 1144; 92433; 124897,578; 62823; 4177; 6127; 4582; 126660; 3216; 3716; 45194; 4464; 75944; 587; 85586; 130273; 241549; 254071; 61367; 1419; 954; 120317,Blade of the Immortal; Lynley; Columbo; Kate & Allie; The Rockford Files,Kaitlin Olson; Daniel Sunjata; Judy Reyes; Javicia Leslie; Deniz Akdeniz,2024-09-17,,Drew Goddard,,Returning Series,3,32,2026-08-21,,73,7.5,48881,0,0,0,0,0,0,4 nominations total,2026-08-21,false,,,64,90,63,73,0,You've loved 1 title from creator Drew Goddard before.
show:198102,Hijack,2023,show,Watched,194907,tt19854762,198102,7,2023-08-09T00:00:00.000Z,15,1970-01-01T00:00:00.000Z,15,caught-up,false,,,Drama,Expert negotiator Sam Nelson is in for the ride of his life—and so is everyone on board with him—after a group of hijackers take control. Sam will try every move in his playbook to take them down...as the stakes grow higher by the second.,"london, england; airplane; hijacking; autopilot; investigation; flight; dubai; airplane hijacking; train; terrorism; ex-wife; air traffic control; terrorist plot; flight attendant; negotiator",en,7.501,848,22.6966,921; 91552; 273914; 303525; 303658; 994; 58677; 28768; 91601; 91725; 91752; 124306; 124245; 274427; 238084; 1167; 1180; 1204; 58928; 91827,222766; 69309; 207334; 71715; 65708; 93166; 66023; 247718; 156473; 1407; 138108; 291339; 72750; 95839; 219971; 96450; 155534; 76796; 287167; 79696,Inspector Rex; The Spy; The Inspector Lynley Mysteries; Ashes to Ashes; The Day of the Jackal,Idris Elba; Christine Adams; Christian Näthe; Clare-Hope Ashitey; Lisa Vicari,2023-06-28,,George Kay,,Returning Series,2,15,2026-08-21,,65,7.3,92245,0,0,0,1,2,7,Nominated for 1 Primetime Emmy. 2 wins & 7 nominations total,2026-08-21,false,,,53,90,65,65,19,"Similar to Homeland and The Agency, which you loved."
show:1407,Homeland,2011,show,Watched,1398,tt1796960,1407,9,2020-04-26T00:00:00.000Z,96,1970-01-01T00:00:00.000Z,96,caught-up,false,,,Drama; War & Politics; Crime,"CIA officer Carrie Mathison is tops in her field despite being bipolar, which makes her volatile and unpredictable. With the help of her long-time mentor Saul Berenson, Carrie fearlessly risks everything, including her personal well-being and even sanity, at every turn.",central intelligence agency (cia); war on terror; espionage; conspiracy; marine; psychological thriller; terrorism; national security; political thriller; political; psychological; conspiracy thriller; political conspiracy; absurd; hum,en,7.593,2669,104.6472,2919; 277311; 277404; 2929; 241315; 241372; 277439; 241259; 241257; 241303; 95286; 127865; 95205; 240942; 208942; 95427; 62699; 95409; 95480; 277702,113962; 71146; 216082; 34639; 61859; 93166; 114922; 80307; 210916; 67026; 207334; 262793; 70721; 208713; 86733; 287450; 138624; 66789; 95480; 156988,Burn Notice; The Dangerous Affair; Time Bomb 9/11; Mouse; 56 Days,Claire Danes; Mandy Patinkin; Maury Sterling; Numan Acar; Nimrat Kaur,2011-10-02,,Alex Gansa,,Ended,8,96,2026-08-21,,81,8.3,376471,0,0,8,0,64,185,Won 8 Primetime Emmys. 64 wins & 185 nominations total,2026-08-21,false,,,75,95,77,81,100,You've loved 1 title from creator Alex Gansa before.
show:1408,House,2004,show,Watched,1399,tt0412142,1408,8,2026-07-29T01:22:51.000Z,177,2012-05-22T01:44:00.000Z,177,caught-up,false,,,Drama,"Dr. Gregory House, a drug-addicted, unconventional, misanthropic medical genius, leads a team of diagnosticians at the fictional Princeton–Plainsboro Teaching Hospital in New Jersey.",medicine; drug addiction; misanthrophy; hospital; doctor; disease; patient; illness; taunting; diagnosis; medical drama; colleague; rare disease; thought provoking; medical,en,8.566,7812,129.1303,61517; 2167; 2170; 2179; 2288; 2294; 2305; 61444; 30435; 2371; 126723; 61399; 276548; 276643; 61567; 61585; 30876; 94795; 62022; 62073,61014; 80350; 1396; 4588; 3172; 1416; 110695; 240740; 93749; 323903; 72787; 81354; 66788; 66912; 133700; 240920; 255859; 88989; 90870; 125952,"Cutter to Houston; Quincy, M.E.; Prison Break; China Beach; The Knick",Hugh Laurie; Robert Sean Leonard; Omar Epps; Jesse Spencer; Odette Annable,2004-11-16,44,David Shore,,Ended,8,176,2026-08-21,,75,8.7,586804,0,0,5,0,58,140,Won 5 Primetime Emmys. 58 wins & 140 nominations total,2026-08-21,false,,,75,100,87,75,100,"Similar to Breaking Bad and Dopesick, which you loved."
show:1425,House of Cards,2013,show,Watched,1416,tt1856010,1425,9,2018-11-02T00:00:00.000Z,73,1970-01-01T00:00:00.000Z,73,caught-up,false,,,Drama,"Betrayed by the White House, Congressman Frank Underwood embarks on a ruthless rise to power. Blackmail, seduction and ambition are his weapons.",corruption; based on novel or book; usa president; manipulation; politics; revenge; breaking the fourth wall; power politics; cynical; political corruption; vice president; usa politics; dark; political; based on tv series,en,8.008,3257,37.6803,273274; 273277; 302921; 302951; 302967; 57909; 302923; 236903; 21618; 21809; 21820; 21855; 21647; 21720; 21962; 22311; 24247; 24076; 24111; 24165,216082; 129552; 245219; 222766; 245927; 95396; 80968; 1973; 114922; 113984; 61859; 623; 90399; 93166; 67026; 64199; 71146; 1407; 197427; 96237,999 Days of Begging; The Leftovers; Zero Day; The Night Agent; Death by Lightning,Robin Wright; Michael Kelly; Constance Zimmer; Patricia Clarkson; Derek Cecil,2013-02-01,,Beau Willimon,,Ended,6,73,2026-08-21,,85,8.6,556939,0,0,7,0,35,220,Won 7 Primetime Emmys. 35 wins & 220 nominations total,2026-08-21,false,,,100,95,78,85,100,You've loved 1 title from creator Beau Willimon before.
movie:9919,How to Lose a Guy in 10 Days,2003,movie,Watched,5153,tt0251127,9919,10,2026-08-21T15:21:26.000Z,1,2003-02-07T00:00:00.000Z,,,false,,,Comedy; Romance,"It's the battle of wills, as Andie needs to prove she can dump a guy in 10 days, whereas Ben needs to prove he can win a girl in 10 days. Now, the clock is ticking—and the wildly entertaining comedy smash is off and running in this irresistible tale of sex, lies and outrageous romantic fireworks!",bet; new york city; journalist; therapist; advertising expert; romcom; basketball; relationship; advice columnist; blunt; group of friends; battle of the sexes; relationship sabotage; ulterior motive dating; clinical,en,6.866,4559,9.6276,2300; 2313; 2321; 1565990; 2349; 2373; 1387791; 2770; 2892; 2897; 2898; 2978; 1008392; 1007801; 2722; 2642; 1008102; 2779; 2959; 3008,1321439; 384677; 19265; 16428; 4967; 449563; 245906; 523773; 703451; 27171; 27397; 9489; 800301; 932430; 487297; 24621; 11356; 12708; 1433842; 38093,Prime; Married to the Mob; Mountain King; Unhinged Date; American Pie 2,Kate Hudson; Matthew McConaughey; Adam Goldberg; Bebe Neuwirth; Michael Michele,2003-02-07,116,Donald Petrie,,,,,2026-08-21,42,45,6.5,320607,0,0,0,0,1,8,1 win & 8 nominations total,2026-08-21,false,,,37,95,82,44,10,You've loved 1 title from director Donald Petrie before.
show:110971,How To with John Wilson,2020,show,Watched,166645,tt10801534,110971,8,2023-12-08T00:00:00.000Z,18,1970-01-01T00:00:00.000Z,18,caught-up,false,,,Comedy; Documentary,"In a uniquely hilarious odyssey of self-discovery and cultural observation, documentary filmmaker and self-described ""anxious New Yorker"" John Wilson covertly and obsessively films the lives of his fellow New Yorkers while attempting to give everyday advice on relatable topics. The awkward contradictions of modern life are eased by Wilson’s candid, unpolished commentary. Building upon Wilson’s previously released ""how to"" short films, each episode takes wildly unexpected turns but is grounded in John's refreshing honesty.",new york city; urban life; realism; documentary filmmaking; anti-humor,en,8.111,140,4.7728,917; 1085; 1088; 59941; 29202; 1400; 29458; 1336; 93219; 1417; 60839; 1668; 1922; 1964; 2036; 2050; 61252; 126422; 30309; 61343,58957; 243; 204284; 97363; 15826; 14188; 102905; 316898; 69763; 318880; 328735; 325188; 283367; 255251; 260843; 226135; 157021; 106359; 71373; 124339,Kate & Allie; Jack & Jill; Dream On; Seinfeld; Glee,John Wilson,2020-10-23,25,John Wilson,,Ended,3,18,2026-08-21,,90,8.7,15946,0,0,0,3,4,13,Nominated for 3 Primetime Emmys. 4 wins & 13 nominations total,2026-08-21,false,,,57,85,48,90,45,"Similar to Seinfeld, which you loved."
show:271053,I Love LA,2025,show,Watched,255451,tt33362589,271053,8,2026-07-29T00:19:46.000Z,8,2025-12-22T04:06:00.000Z,8,caught-up,false,,,Comedy,"A codependent friend group navigates life and love in Los Angeles. With aspirations of becoming a talent manager, Maia is stalled out as an assistant while living with her boyfriend...until her longtime best friend and frenzied influencer Tallulah returns.","assistant; friends; los angeles, california; group of friends; talent manager; codependency; influencer",en,6.9,48,13.0673,305839; 31243; 62579; 2969; 63038; 63113; 3159; 3300; 3308; 248; 58208; 52; 111; 417; 420; 480; 28376; 91585; 123876; 237983,138089; 71884; 221486; 51345; 243316; 71885; 17287; 64823; 260458; 76747; 36994; 2691; 71209; 60783; 3540; 18202; 1915; 4546; 71890; 202137,Ramzor; Rude Awakening; 7 vidas; Lou Grant; Harlem,Rachel Sennott; Odessa A'zion; True Whitaker; Jordan Firstman; Josh Hutcherson,2025-11-02,,Rachel Sennott,,Returning Series,2,8,2026-08-21,,64,5.9,7273,0,0,0,0,0,0,N/A,2026-08-21,false,,,54,80,38,64,0,You've loved 1 title with Odessa A'zion before.
show:102619,I May Destroy You,2020,show,Watched,154824,tt11204260,102619,8,2020-08-24T00:00:00.000Z,12,1970-01-01T00:00:00.000Z,12,caught-up,false,,,Drama,"Set in London, where gratification is only an app away, the story centers on Arabella,  a carefree, self-assured Londoner with a group of great friends, a boyfriend in Italy, and a burgeoning writing career. But when her drink is spiked, she must question and rebuild every element of her life.","london, england; rape; roofie; sexual assault; provocative",en,7.161,218,5.3836,1042; 59312; 238718; 1180; 1167; 1204; 1395; 59989; 59991; 206828; 1426; 1417; 207371; 93479; 93544; 239615; 207334; 1721; 60649; 93704,72750; 241259; 107365; 90399; 262848; 80828; 138455; 199001; 130842; 64383; 208851; 130464; 207717; 81747; 87049; 90870; 202162; 51537; 96718; 100575,Revolutionary Girl Utena; The Bletchley Circle; Ashes to Ashes; The Inspector Lynley Mysteries; Luther,Michaela Coel; Weruche Opia; Paapa Essiedu,2020-06-07,,Michaela Coel,,Ended,1,12,2026-08-21,,86,8.1,28166,0,0,2,0,30,51,Won 2 Primetime Emmys. 30 wins & 51 nominations total,2026-08-21,false,,,44,90,52,86,100,Fits your taste for Drama.
show:88728,I Think You Should Leave with Tim Robinson,2019,show,Watched,146733,tt10050772,88728,8,2023-05-30T00:00:00.000Z,18,1970-01-01T00:00:00.000Z,18,caught-up,false,,,Comedy,There is no such thing as an ordinary interaction in this offbeat sketch comedy series that features a deep roster of guest stars.,surreal; sketch comedy; playful; offbeat; bold; farcical; sarcastic,en,7.009,174,7.648,94951; 31208; 208935; 2951; 2954; 208982; 3002; 3009; 3022; 62777; 62794; 62861; 62785; 3049; 31581; 128233; 95631; 3242; 3412; 3234,849; 33922; 1229; 10420; 380; 4415; 90877; 610; 11163; 713; 1459; 112211; 4483; 64113; 1551; 56590; 3002; 1795; 7985; 709,"Mythic Quest; Monty Python's Flying Circus; Portlandia; Tim and Eric Awesome Show, Great Job!; The Whitest Kids U' Know",Tim Robinson,2019-04-23,,Zach Kanin,,Ended,3,18,2026-08-21,,82,8.1,26593,0,0,3,0,9,6,Won 3 Primetime Emmys. 9 wins & 6 nominations total,2026-08-21,false,,,58,85,50,82,84,"Similar to Chappelle's Show, which you loved."
show:278178,I Will Find You,2026,show,Watched,265319,tt34771210,278178,7,2026-06-18T00:00:00.000Z,8,1970-01-01T00:00:00.000Z,8,caught-up,false,,,Drama; Mystery; Crime,"Wrongfully imprisoned for murdering his own son, a father sets out on a desperate rescue mission after learning the boy may still be alive.",prison; based on novel or book; murder; miniseries; false imprisonment; thriller,en,8.235,437,40.5861,277244; 277316; 208883; 277387; 277404; 277406; 2928; 2929; 95341; 95344; 241372; 95302; 241194; 208921; 208923; 208932; 277439; 241275; 241278; 241279,220801; 244243; 108181; 280511; 123192; 213306; 253321; 241372; 44856; 210787; 80213; 262352; 155537; 121710; 218342; 66276; 137127; 259731; 87784; 244244,Cold Case Files: The Grim Sleeper; The Investigator; Ramona; The Dangerous Affair; Obsessed,Sam Worthington; Britt Lower; Chi McBride; Logan Browning; Erin Richards,2026-06-18,,Robert Hull,,Ended,1,8,2026-08-21,,56,7.2,31186,0,0,0,0,0,0,N/A,2026-08-21,false,,,59,90,59,56,0,You've loved 1 title with Britt Lower before.
movie:389015,"I, Tonya",2017,movie,Watched,231303,tt5580036,389015,5,2017-12-08T00:00:00.000Z,1,2017-12-08T00:00:00.000Z,,,false,,,Drama; Comedy,"Competitive ice skater Tonya Harding rises amongst the ranks at the U.S. Figure Skating Championships, but her future in the sport is thrown into doubt when her ex-husband intervenes.","sports; competition; olympic games; portland, oregon; biography; based on true story; rivalry; figure skating; domestic violence; poverty; overbearing mother; ice skating; 1990s; winter sport; abusive mother",en,7.467,6272,7.5519,69183; 1079810; 506364; 315853; 510298; 510495; 510498; 1253511; 1453042; 1453069; 319096; 510558; 510559; 876797; 510575; 319284; 74026; 74035; 74127; 319377,33166; 437586; 515741; 577; 307081; 799546; 84116; 340666; 1158915; 87492; 1287322; 831395; 855263; 42881; 8092; 8999; 342737; 1033148; 68924; 396371,Whitney; Under Still Waters; Southpaw; Foxcatcher; Molly's Game,Margot Robbie; Sebastian Stan; Allison Janney; Julianne Nicholson; Paul Walter Hauser,2017-12-07,120,Craig Gillespie,,,,,2026-08-21,90,77,7.5,260119,1,0,0,0,46,126,Won 1 Oscar. 46 wins & 126 nominations total,2026-08-21,false,,,58,100,85,84,100,You've loved 1 title with Allison Janney before.
show:105169,I'm a Virgo,2023,show,Watched,170839,tt13649510,105169,7,2023-06-23T00:00:00.000Z,7,1970-01-01T00:00:00.000Z,7,caught-up,false,,,Comedy; Sci-Fi & Fantasy; Drama,"A coming-of-age joyride about Cootie, a 13ft tall young Black man in Oakland, CA. Having grown up hidden away, Cootie soon experiences the beauty and contradictions of the world for the first time. He forms friendships, finds love, navigates awkward situations, and encounters his idol, a real life superhero named The Hero.","race politics; cult; oakland, california; superhero; surrealism; coming of age; social satire; giant man; political satire; absurdist; sheltered; northern california; contemporary fantasy",en,6.765,66,8.7719,61474; 61432; 61461; 2190; 2197; 2213; 2274; 2287; 2253; 2344; 61384; 2159; 61407; 61408; 2224; 2230; 61538; 2327; 2328; 126453,31295; 1639; 84880; 86423; 4604; 47907; 93784; 79501; 158141; 67487; 71663; 90260; 205715; 1403; 62858; 110492; 39373; 75450; 91977; 34524,Jam; Stand Up!!; Heroes; Locke & Key; Tales from the Loop,Jharrel Jerome; Olivia Washington; Brett Gray; Kara Young; Allius Barnes,2023-06-22,,Boots Riley,,Canceled,1,7,2026-08-21,,,7.1,4250,0,0,0,0,0,0,1 win & 17 nominations,2026-08-21,false,,,37,85,41,,0,Fits your taste for Comedy / Drama.
show:90812,Industry,2020,show,Watched,154822,tt7671070,90812,8,2026-03-01T00:00:00.000Z,32,1970-01-01T00:00:00.000Z,32,caught-up,false,,,Drama,"In the cutthroat world of international finance, a group of young graduates compete for a limited set of permanent positions at a top investment bank in London. The boundaries between colleague, friend, lover, and enemy soon blur as they immerse themselves in a company culture defined as much by sex, drugs and ego as it is by deals and dividends.","london, england; banking; finance; excited",en,6.8,276,23.9452,208878; 2997; 241259; 241361; 306189; 31325; 62593; 2953; 95480; 3091; 62866; 209006; 128024; 31613; 3349; 3365; 121; 28196; 123443; 150,51537; 100575; 107365; 130842; 199001; 64383; 262848; 75379; 81829; 269; 127235; 90399; 226174; 204490; 213338; 116761; 207717; 39269; 153723; 208851,Baby Reindeer; Too Much; The Rise of the Qin Empire; Slow Horses; Kareinaru ichizoku,Myha'la,2020-11-09,,Mickey Down,,Returning Series,4,32,2026-08-21,,81,7.5,25273,0,0,0,0,8,8,Won 1 BAFTA Award8 wins & 8 nominations total,2026-08-21,false,,,36,90,55,81,24,Fits your taste for Drama.
show:127235,Invasion,2021,show,Watched,181803,tt9737326,127235,6,2025-10-24T00:00:00.000Z,30,1970-01-01T00:00:00.000Z,30,caught-up,false,,,Sci-Fi & Fantasy; Drama,Earth is visited by an alien species that threatens humanity's existence. Events unfold in real time through the eyes of five ordinary people across the globe as they struggle to make sense of the chaos unraveling around them.,space; alien invasion; excited,en,7.078,1204,27.579,208878; 2940; 2985; 306189; 241473; 95503; 3069; 3129; 63164; 62715; 3042; 3051; 31606; 3093; 63181; 3380; 164; 25; 121; 134,21494; 34967; 86374; 51704; 2203; 52814; 157239; 259886; 63639; 85723; 128839; 247721; 118663; 75893; 1972; 424; 62858; 114472; 111894; 80828,The Rise of the Qin Empire; Falling Skies; War of the Worlds; Alien: Earth; La Brea,Golshifteh Farahani; Shioli Kutsuna; Shamier Anderson; India Brown; Enver Gjokaj,2021-10-21,,Simon Kinberg,,Returning Series,3,30,2026-08-21,,72,6.2,56939,0,0,0,0,3,2,3 wins & 2 nominations total,2026-08-21,false,,,43,95,69,72,8,Titles you loved list this as similar or recommended (1 time).
movie:11652,Invincible,2006,movie,Watched,6726,tt0445990,11652,6,2026-08-21T15:16:16.000Z,1,2006-08-25T00:00:00.000Z,,,false,,,Drama; History,"Inspired by the true story of Vince Papale, a man with nothing to lose who ignored the staggering odds and made his dream come true. When the coach of Papale's beloved hometown football team hosted an unprecedented open tryout, the public consensus was that it was a waste of time – no one good enough to play professional football was going to be found this way.","philadelphia, pennsylvania; advancement; sports; american football; bad luck; based on true story",en,7.027,1059,3.3052,69183; 1079810; 510298; 510495; 510498; 510558; 510559; 876797; 318846; 73448; 73416; 73524; 73772; 876671; 73951; 1253773; 1084514; 876871; 510666; 74107,11170; 14534; 727306; 862557; 22881; 673309; 14325; 334531; 232679; 16103; 9918; 379441; 333596; 13416; 589612; 491480; 113294; 56601; 62441; 7214,The Big Short; Rudy; The Hill,Mark Wahlberg; Greg Kinnear; Elizabeth Banks; Kevin Conway; Michael Rispoli,2006-08-25,105,Ericson Core,,,,,2026-08-21,71,63,7,78970,0,0,0,0,0,0,2 nominations total,2026-08-21,false,,,59,95,68,67,0,You've loved 1 title with Mark Wahlberg before.
show:114471,Ironheart,2025,show,Watched,170565,tt13623126,114471,4,2025-07-01T00:00:00.000Z,6,1970-01-01T00:00:00.000Z,6,caught-up,false,,,Sci-Fi & Fantasy; Crime; Action & Adventure,"After the events of Black Panther: Wakanda Forever, technology is pitted against magic when Riri Williams, a young, genius inventor determined to make her mark on the world, returns to her hometown of Chicago. Her unique take on building iron suits is brilliant, but in pursuit of her ambitions, she finds herself wrapped up with the mysterious yet charming Parker Robbins aka ""The Hood.""",based on comic; spin off; marvel cinematic universe (mcu); woman director,en,5.31,489,14.5054,2277; 2284; 2287; 2263; 61387; 61389; 2228; 61550; 126725; 94523; 61811; 61889; 94372; 94305; 2373; 2391; 2458; 94712; 62125; 62126,138502; 67466; 69629; 80986; 241388; 114461; 88396; 68716; 1449; 114695; 62688; 98178; 1469; 33217; 4414; 92830; 15185; 128113; 226749; 111837,Marvel's Daredevil; Ahsoka; Supergirl,Dominique Thorne; Lyric Ross; Manny Montana; Matthew Elam; Anji White,2025-06-24,,Chinaka Hodge,,Ended,1,6,2026-08-21,,57,4.5,65475,0,0,0,0,0,0,7 nominations total,2026-08-21,false,,,28,90,60,57,0,"Similar to Marvel's Daredevil, which you loved."
movie:346364,It,2017,movie,Watched,242226,tt1396484,346364,6,2017-09-08T00:00:00.000Z,1,2017-09-08T00:00:00.000Z,,,false,,,Horror; Thriller; Drama,"In a small town in Maine, seven children known as The Losers Club come face to face with life problems, bullies and a monster that takes the shape of a clown called Pennywise.",small town; based on novel or book; haunted house; clown; bullying; abandoned house; coming of age; flashback; murder; balloon; maine; school; creature; fear; summer,en,7.24,20568,12.7826,1389255; 4951; 4958; 4990; 4995; 4997; 5038; 1567584; 1567594; 4970; 4976; 4977; 5062; 446104; 1009679; 265018; 446132; 265085; 627227,474350; 675531; 49365; 713364; 756999; 933090; 2654; 19971; 740925; 13549; 452507; 5876; 343674; 1081208; 1282980; 591273; 157825; 18256; 10657; 112454,Wonderland; Hard Miles; It Chapter Two; Lady in White,Jaeden Martell; Jeremy Ray Taylor; Sophia Lillis; Finn Wolfhard; Chosen Jacobs,2017-09-06,135,Andy Muschietti,It Collection,,,,2026-08-21,85,69,7.3,694027,0,0,0,0,12,49,12 wins & 49 nominations total,2026-08-21,false,,,50,100,96,77,73,You've loved 1 title with Finn Wolfhard before.
movie:474350,It Chapter Two,2019,movie,Watched,322000,tt7349950,474350,4,2019-09-06T00:00:00.000Z,1,2019-09-06T00:00:00.000Z,,,false,,,Horror; Thriller; Drama,"27 years after overcoming the malevolent supernatural entity Pennywise, the former members of the Losers' Club, who have grown up and moved away from Derry, are brought back together by a devastating phone call.",suicide; based on novel or book; haunted house; clown; carnival; sequel; maine; creature; fear; lgbt; 1980s; grim; ancient evil; creepy house; 2010s,en,6.832,9783,14.7353,2274; 2275; 2277; 2280; 2290; 2304; 2306; 2323; 1565907; 1565960; 1566001; 2370; 2376; 2429; 2443; 625430; 444483; 1194550; 444505; 1008048,346364; 713364; 1008042; 146015; 91586; 3594; 604079; 570670; 423108; 405774; 343674; 9378; 675531; 1081208; 1282980; 3035; 406563; 112454; 77949; 49018,Big; Topaz; It; The Number 23; Bird Box,Jessica Chastain; James McAvoy; Bill Hader; Isaiah Mustafa; Jay Ryan,2019-09-04,169,Andy Muschietti,It Collection,,,,2026-08-21,62,58,6.5,353654,0,0,0,0,7,34,7 wins & 34 nominations total,2026-08-21,false,,,42,100,89,60,48,You've loved 2 titles with Jessica Chastain before.
show:200875,IT: Welcome to Derry,2025,show,Watched,195268,tt19244304,200875,4,2026-07-29T00:13:23.000Z,8,1970-01-01T00:00:00.000Z,8,caught-up,false,,,Drama; Mystery,"In 1962, amid a spate of unexplained disappearances of local children, a group of misfit friends begin to suspect a long-buried ancient evil lurking. As the kids set out to determine what's really going on, a rising unease prompts several townspeople to work together to restore peace – all while a U.S. military operation seeks to exploit Derry for its own objectives.",based on novel or book; small town; clown; haunted house; great depression; prequel; disappearance; psychotic; dead children; questioning; 1960s; grim; 1930s; 1900s; creepy house,en,8.212,1597,42.9713,208883; 2928; 95341; 95344; 2999; 241372; 208921; 208923; 277439; 277445; 277453; 241275; 241361; 241290; 95269; 95279; 127641; 127651; 306189; 127865,19614; 66732; 54344; 46786; 80213; 124364; 257534; 67135; 62142; 10545; 79588; 84661; 109958; 71116; 63210; 1920; 61239; 210787; 120462; 219760,The Investigator; Shantaram; When One Day I Will Sleep; 56 Days; Rivals,Taylour Paige; Jovan Adepo; James Remar; Stephen Rider; Matilda Lawler,2025-10-26,,Andy Muschietti,,Returning Series,2,8,2026-08-21,,61,7.9,104447,0,0,0,0,3,10,3 wins & 10 nominations total,2026-08-21,false,,,54,95,72,61,16,You've loved 1 title with James Remar before.
show:2710,It's Always Sunny in Philadelphia,2005,show,Watched,2692,tt0472954,2710,9,2025-08-20T00:00:00.000Z,177,1970-01-01T00:00:00.000Z,179,in-progress,false,,,Comedy,"Four egocentric friends run a neighborhood Irish pub in Philadelphia and try to find their way through the adult world of work and relationships. Unfortunately, their warped views and precarious judgments often lead them to trouble, creating a myriad of uncomfortable situations that usually only get worse before they get better.","philadelphia, pennsylvania; sibling relationship; parent child relationship; male friendship; slacker; crude humor; dysfunctional family; dark comedy; family relationships; politically incorrect; sitcom; bar; pub; farcical; sincere",en,8.3,1388,86.4453,2898; 2904; 2905; 277315; 2933; 2987; 2996; 2998; 95182; 94951; 2635; 2647; 2652; 2656; 127712; 31184; 31243; 31244; 31245; 31305,112211; 4731; 1434; 1568; 71209; 815; 10420; 34435; 51345; 63522; 31497; 243316; 1229; 33922; 260458; 849; 380; 4483; 1915; 74204,Small Wonder; Cafe Americain; The Ropers; Ha Ha Maker; The Riches,Charlie Day; Glenn Howerton; Rob Mac; Kaitlin Olson; Danny DeVito,2005-08-04,,Rob Mac,,Returning Series,18,187,2026-08-21,,,8.8,279960,0,0,0,3,4,17,Nominated for 3 Primetime Emmys. 4 wins & 17 nominations total,2026-08-21,false,,,70,95,70,,49,You've loved 1 title from creator Rob Mac before.
movie:324552,John Wick: Chapter 2,2017,movie,Watched,205127,tt4425200,324552,7,2017-02-10T00:00:00.000Z,1,2017-02-10T00:00:00.000Z,,,false,,,Action; Thriller; Crime,"John Wick is forced out of retirement by a former associate looking to seize control of a shadowy international assassins’ guild. Bound by a blood oath to aid him, Wick travels to Rome and does battle against some of the world’s most dangerous killers.","martial arts; assassin; rome, italy; hitman; roof; secret organization; sequel; revenge; shootout; dog; code of honor; handshake; hand to hand combat; neo-noir; guns",en,7.344,14512,20.5977,263336; 263341; 263471; 4105; 4108; 4477; 4610; 1009636; 4141; 4147; 4349; 4413; 4437; 445498; 445507; 4270; 4235; 445571; 4550; 4551,603692; 458156; 242; 20721; 10651; 93828; 539885; 808023; 541671; 278924; 27579; 1127110; 697843; 4959; 245891; 647785; 818397; 102362; 926393; 241554,Irish Eyes; Game Night; John Wick: Chapter 4; John Wick: Chapter 3 - Parabellum; Ballerina,Keanu Reeves; Common; Laurence Fishburne; Riccardo Scamarcio; Ruby Rose,2017-02-08,122,Chad Stahelski,John Wick Collection,,,,2026-08-21,89,75,7.4,564980,0,0,0,0,4,10,4 wins & 10 nominations total,2026-08-21,false,,,50,100,93,82,18,Fits your taste for Action / Thriller.
movie:458156,John Wick: Chapter 3 - Parabellum,2019,movie,Watched,304278,tt6146586,458156,6,2019-05-17T00:00:00.000Z,1,2019-05-17T00:00:00.000Z,,,false,,,Action; Thriller; Crime,"Super-assassin John Wick returns with a $14 million price tag on his head and an army of bounty-hunting killers on his trail. After killing a member of the shadowy international assassin’s guild, the High Table, John Wick is excommunicado, but the world’s most ruthless hit men and women await his every turn.","new york city; martial arts; bratva (russian mafia); casablanca, morocco; secret society; secret organization; black humor; sahara desert; sequel; organized crime; one man army; code of honor; hand to hand combat; consequences; professional assassin",en,7.44,11976,13.8793,435; 436; 440; 466; 473; 479; 482; 502; 524; 534; 564; 559; 579; 580; 584; 682; 607; 608; 1005776; 754,603692; 324552; 1007734; 647785; 8909; 278924; 10027; 2019; 245891; 10431; 4824; 1103; 466081; 539885; 800158; 846433; 93828; 997120; 879444; 20721,Aliens vs Predator: Requiem; Shaft; Shaft; Terminator Salvation; Spider-Man 3,Keanu Reeves; Halle Berry; Ian McShane; Laurence Fishburne; Mark Dacascos,2019-05-15,131,Chad Stahelski,John Wick Collection,,,,2026-08-21,89,73,7.4,476412,0,0,0,0,18,29,18 wins & 29 nominations total,2026-08-21,false,,,56,100,91,81,65,You've loved 1 title with Halle Berry before.
movie:603692,John Wick: Chapter 4,2023,movie,Watched,448646,tt10366206,603692,6,2023-03-24T00:00:00.000Z,1,2023-03-24T00:00:00.000Z,,,false,,,Action; Thriller; Crime,"With the price on his head ever increasing, John Wick uncovers a path to defeating The High Table. But before he can earn his freedom, Wick must face off against a new enemy with powerful alliances across the globe and forces that turn old friends into foes.","new york city; martial arts; berlin, germany; paris, france; hitman; sequel; organized crime; osaka, japan; code of honor; blindness; aftercreditsstinger; hunted; hand to hand combat; consequences; professional assassin",en,7.712,8195,22.2139,315635; 73841; 73652; 74035; 73567; 1631275; 73414; 73587; 510276; 73603; 73749; 73751; 73754; 1453197; 325348; 325524; 518493; 325619; 82185; 518193,324552; 458156; 647785; 4959; 278924; 10027; 800158; 879444; 249070; 241554; 93828; 483906; 1620; 945937; 1007734; 539885; 10431; 245891; 808023; 10651,Spider-Man: Homecoming; Killer Joe; John Wick: Chapter 2; John Wick: Chapter 3 - Parabellum; Accident Man: Hitman's Holiday,Keanu Reeves; Donnie Yen; Bill Skarsgård; Ian McShane; Laurence Fishburne,2023-03-21,170,Chad Stahelski,John Wick Collection,,,,2026-08-21,94,78,7.6,405485,0,0,0,0,38,51,38 wins & 51 nominations total,2026-08-21,false,,,61,100,87,86,100,You've loved 1 title with Ian McShane before.
movie:475557,Joker,2019,movie,Watched,322988,tt7286456,475557,7,2019-10-04T00:00:00.000Z,1,2019-10-04T00:00:00.000Z,,,false,,,Crime; Thriller; Drama,"During the 1980s, a failed stand-up comedian is driven insane and turns to a life of crime and chaos in Gotham City while becoming an infamous psychopathic crime figure.",society; based on comic; social commentary; psychological thriller; criminal mastermind; mental illness; anarchy; character study; clown makeup; outsider; prophetic; social realism; tv host; 1980s; mother son relationship,en,8.1,28142,29.3178,1009724; 4513; 1010187; 263393; 1009740; 1009750; 813923; 4147; 4373; 445559; 1566988; 814193; 4547; 4552; 1388957; 1010138; 4887; 1567148; 1567351; 1567355,1359; 382322; 487680; 1020662; 68812; 395458; 24249; 617502; 645886; 801335; 1155324; 597208; 945937; 1128546; 274; 190955; 22021; 14576; 189; 1659087,American Psycho,Joaquin Phoenix; Robert De Niro; Zazie Beetz; Frances Conroy; Brett Cullen,2019-10-01,122,Todd Phillips,Joker Collection,,,,2026-08-21,68,59,8.3,1690149,2,0,0,0,120,247,Won 2 Oscars. 120 wins & 247 nominations total,2026-08-21,false,,,66,100,99,64,100,You've loved 1 title from director Todd Phillips before.
movie:274479,Joy,2015,movie,Watched,172318,tt2446980,274479,7,2015-12-25T00:00:00.000Z,1,2015-12-25T00:00:00.000Z,,,false,,,Drama,A story based on the life of a struggling Long Island single mom who became one of the country's most successful entrepreneurs.,factory; strong woman; inventor; biography; based on true story; new york state; entrepreneur; mop; 1990s; stolen patent,en,6.551,4322,4.8868,4997; 5001; 4975; 1009679; 446112; 3525; 3526; 3558; 3562; 626332; 5047; 4734; 815062; 4464; 4483; 264405; 626587; 626975; 264915; 4912,115782; 14914; 626332; 340027; 1212271; 28176; 461115; 82631; 610219; 339145; 491480; 382951; 1184495; 292011; 339380; 673309; 520318; 753336; 29193; 37799,Wonderland; Before Night Falls; Love Is the Devil: Study for a Portrait of Francis Bacon; Hard Miles; James Joyce's 'Ulysses',Jennifer Lawrence; Robert De Niro; Bradley Cooper; Edgar Ramírez; Diane Ladd,2015-12-24,124,David O. Russell,,,,,2026-08-21,61,56,6.6,149748,0,1,0,0,8,23,Nominated for 1 Oscar. 8 wins & 23 nominations total,2026-08-21,false,,,41,95,81,59,54,You've loved 1 title from director David O. Russell before.
movie:522212,Just Mercy,2019,movie,Watched,370437,tt4916630,522212,8,2019-12-25T00:00:00.000Z,1,2019-12-25T00:00:00.000Z,,,false,,,Drama; Crime; History,"The powerful true story of Harvard-educated lawyer Bryan Stevenson, who goes to Alabama to defend the disenfranchised and wrongly condemned — including Walter McMillian, a man sentenced to death despite evidence proving his innocence. Bryan fights tirelessly for Walter with the system stacked against them.",death penalty; judge; innocence; based on true story; lawyer; electric chair; racism; execution; justice; true crime; humiliation; injustice; 1980s; legal drama; earnest,en,7.844,2536,6.29,4995; 4997; 1009679; 3526; 814193; 3558; 4347; 4370; 626332; 3870; 4927; 4928; 4929; 4464; 4483; 814757; 264412; 626604; 1009221; 264578,11975; 9944; 292011; 31908; 9407; 11450; 413362; 589612; 20362; 28297; 4566; 13537; 21454; 854239; 320; 41214; 820; 28023; 26762; 26039,"Wonderland; Hard Miles; Frances; Girl, Interrupted; Flamin' Hot",Michael B. Jordan; Brie Larson; Jamie Foxx; O'Shea Jackson Jr.; Rafe Spall,2019-12-25,137,Destin Daniel Cretton,,,,,2026-08-21,85,68,7.6,81584,0,0,0,0,9,19,9 wins & 19 nominations total,2026-08-21,false,,,68,95,76,77,37,You've loved 3 titles with Michael B. Jordan before.
show:1436,Justified,2010,show,Watched,1427,tt1489428,1436,9,2015-04-14T00:00:00.000Z,78,1970-01-01T00:00:00.000Z,78,caught-up,false,,,Crime; Drama,"A character drama based on the 2001 Elmore Leonard short story ""Fire in the Hole."" Leonard's tale centers around U.S. Marshal Raylan Givens of Kentucky, a quiet but strong-willed official of the law. The tale covers his high-stakes job, as well as his strained relationships with his ex-wife and father.",gunslinger; kentucky; shootout; u.s. marshal; justice; lawman ; crime family; ex-con; family feud; neo-western; ex military; playful; marshal western,en,7.983,876,25.8653,2915; 277439; 95205; 240936; 208939; 95734; 63141; 3277; 209454; 123378; 57929; 303405; 205988; 124452; 59312; 938; 954; 1131; 1271; 304303,201304; 66025; 138971; 43901; 122235; 1401; 157732; 89498; 247718; 2562; 73586; 1406; 73467; 41727; 67384; 273247; 70384; 222766; 75666; 287238,Cape Fear; The Equalizer; Westside; The Bletchley Circle; The Rockford Files,Timothy Olyphant; Walton Goggins; Nick Searcy; Jere Burns; Joelle Carter,2010-03-16,,Graham Yost,,Ended,6,78,2026-08-21,,86,8.6,129664,0,0,2,0,14,86,Won 2 Primetime Emmys. 14 wins & 86 nominations total,2026-08-21,false,,,100,90,66,86,100,You've loved 1 title from creator Graham Yost before.
show:201304,Justified: City Primeval,2023,show,Watched,195285,tt14263564,201304,7,2023-08-29T00:00:00.000Z,8,1970-01-01T00:00:00.000Z,8,caught-up,false,,,Crime; Drama,"Having left the hollers of Kentucky 15 years ago, Raylan Givens is now based in Miami, balancing life as a marshal and part-time father of a 15-year-old girl. A chance encounter on a Florida highway sends him to Detroit and he crosses paths with Clement Mansell, aka The Oklahoma Wildman, a violent sociopath who’s already slipped through the fingers of Detroit’s finest once and wants to do so again.",gunslinger; based on novel or book; sequel; u.s. marshal; law enforcement,en,6.957,184,8.3605,124540; 124546; 92154; 124583; 124585; 124586; 124587; 124595; 274479; 238380; 799; 896; 918; 1024; 28913; 29004; 29055; 29063; 274639; 274640,1436; 131927; 138971; 273247; 76231; 1401; 119845; 213306; 157732; 287238; 67178; 67384; 45094; 222766; 219760; 68018; 66025; 108978; 40675; 60708,The Imperial Coroner; Lynley; Sherlock Holmes; The Jazz Age; Justified,Timothy Olyphant; Aunjanue Ellis-Taylor; Boyd Holbrook; Adelaide Clemens; Vondie Curtis-Hall,2023-07-18,,Dave Andron,,Ended,1,8,2026-08-21,,79,7.3,21122,0,0,0,0,0,0,3 nominations total,2026-08-21,false,,,77,85,51,79,0,You've loved 2 titles with Timothy Olyphant before.
show:99652,KEVIN CAN F**K HIMSELF,2021,show,Watched,153556,tt9257258,99652,7,2022-10-10T00:00:00.000Z,16,1970-01-01T00:00:00.000Z,16,caught-up,false,,,Comedy; Drama,"Explore the secret life of a woman we all grew up watching: the sitcom wife. The series looks to break television convention and ask what the world looks like through her eyes. Alternating between single-camera realism and multi-camera zaniness, the formats will inform one another as we imagine what happens when the sitcom wife escapes her confines, and takes the lead in her own life.",husband wife relationship; affectation; man woman relationship; marriage; egoism; dark comedy; neighbor; spoof; sitcom; complex; ambivalent; amused; appreciative; assertive; awestruck,en,6.949,148,7.6623,2898; 2904; 2905; 277315; 2947; 2987; 208921; 241257; 2996; 127751; 241166; 95182; 62474; 62475; 94951; 2635; 2647; 2652; 2656; 127712,197373; 42032; 1568; 67280; 87428; 154385; 126914; 243316; 62251; 211; 67883; 227139; 79410; 61118; 69555; 1088; 63522; 1433; 112211; 105,Small Wonder; Cafe Americain; The Ropers; Ha Ha Maker; Veep,Annie Murphy; Eric Petersen; Mary Hollis Inboden; Alex Bonifer; Brian Howe,2021-06-20,44,Valerie Armstrong,,Ended,2,16,2026-08-21,,,7.2,15810,0,0,0,0,3,3,3 wins & 3 nominations total,2026-08-21,false,,,44,85,49,,9,Titles you loved list this as similar or recommended (1 time).
movie:466420,Killers of the Flower Moon,2023,movie,Watched,313884,tt5537002,466420,7,2023-10-20T00:00:00.000Z,1,2023-10-20T00:00:00.000Z,,,false,,,Crime; History; Drama,"When oil is discovered in 1920s Oklahoma under Osage Nation land, the Osage people are murdered one by one—until the FBI steps in to unravel the mystery.",husband wife relationship; based on novel or book; war veteran; fbi; greed; oklahoma; manipulation; native american; based on true story; murder; colonisation; racism; series of murders; genocide; period drama,en,7.39,4278,15.2501,445120; 445122; 263341; 445262; 263371; 1566843; 1009679; 1388694; 813845; 1009772; 1195107; 4043; 4049; 4107; 4193; 263782; 263799; 263815; 263855; 4464,82633; 259695; 1082195; 615115; 18900; 465929; 11835; 877; 9361; 169917; 716594; 16056; 1632; 499932; 524; 9411; 457799; 9672; 438808; 500682,Hard Miles; Bloody Sunday; The Lindbergh Kidnapping Case; Seabiscuit; Lawless,Leonardo DiCaprio; Robert De Niro; Lily Gladstone; Jesse Plemons; Tantoo Cardinal,2023-10-18,206,Martin Scorsese,,,,,2026-08-21,93,89,7.5,302730,0,10,0,0,136,423,Nominated for 10 Oscars. 136 wins & 423 nominations total,2026-08-21,false,,,72,95,81,91,100,You've loved 1 title with Leonardo DiCaprio before.
show:72750,Killing Eve,2018,show,Watched,126924,tt7016936,72750,8,2022-04-10T00:00:00.000Z,32,1970-01-01T00:00:00.000Z,32,caught-up,false,,,Crime; Drama,"A security consultant hunts for a ruthless assassin. Equally obsessed with each other, they go head to head in an epic game of cat-and-mouse.","london, england; based on novel or book; obsession; psychopath; female protagonist; female assassin; lgbt; psycho killer; torture victim; spy story; psychological; sapphic; offbeat; thriller; arrogant",en,7.898,1535,21.6326,61498; 61459; 61511; 2184; 2215; 305250; 208146; 305253; 240150; 240151; 94143; 276355; 276357; 276389; 94277; 94285; 94292; 61338; 2134; 61421,241372; 78191; 72748; 16343; 1426; 218342; 97173; 213306; 81358; 40008; 287238; 61859; 95480; 66023; 96450; 70485; 10370; 85021; 46930; 225385,The Great Fire; Parasyte -the maxim-; Father Brown; Maude; Monarch of the Glen,Sandra Oh; Jodie Comer; Fiona Shaw; Kim Bodnia; Camille Cottin,2018-04-08,43,Phoebe Waller-Bridge,,Ended,4,32,2026-08-21,,75,8.1,151363,0,0,1,0,49,162,Won 1 Primetime Emmy. 49 wins & 162 nominations total,2026-08-21,false,,,64,95,71,75,100,You've loved 1 title with Fiona Shaw before.
movie:614917,King Richard,2021,movie,Watched,458405,tt9620288,614917,6,2026-08-21T15:16:10.000Z,1,2021-11-18T00:00:00.000Z,,,false,,,Drama; History,"The story of how Richard Williams served as a coach to his daughters Venus and Serena, who will soon become two of the most legendary tennis players in history.",sports; tennis; tennis player; father; based on true story; wimbledon; family; tennis pro; father daughter relationship; coaching; champions,en,7.597,2912,6.2251,2323; 2355; 2449; 2576; 1008163; 2977; 444808; 1387954; 263381; 2722; 2669; 444799; 813800; 2604; 813461; 1566110; 2567; 2734; 625872; 263782,7214; 804095; 462; 21291; 393457; 47697; 521; 964980; 441183; 574151; 1143508; 21887; 88875; 36464; 711; 347026; 13537; 44691; 532865; 159389,The Aviator; The Lindbergh Kidnapping Case; The Fabelmans; Air,Will Smith; Aunjanue Ellis-Taylor; Saniyya Sidney; Demi Singleton; Jon Bernthal,2021-11-18,144,Reinaldo Marcus Green,,,,,2026-08-21,90,76,7.5,169049,1,0,0,0,49,141,Won 1 Oscar. 49 wins & 141 nominations total,2026-08-21,false,,,57,95,77,83,100,You've loved 4 titles with Jon Bernthal before.
movie:546554,Knives Out,2019,movie,Watched,396788,tt8946378,546554,8,2019-11-27T00:00:00.000Z,1,2019-11-27T00:00:00.000Z,,,false,,,Comedy; Crime; Mystery,"When renowned crime novelist Harlan Thrombey is found dead at his estate just after his 85th birthday, the inquisitive and debonair Detective Benoit Blanc is mysteriously enlisted to investigate. From Harlan's dysfunctional family to his devoted staff, Blanc sifts through a web of red herrings and self-serving lies to uncover the truth behind Harlan's untimely death.",immigrant; detective; massachusetts; investigation; big family; mansion; whodunit; family home; murder mystery; neo-noir; privilege; suspenseful; excited,en,7.841,14350,17.527,2318; 2455; 625527; 263506; 2749; 2758; 2768; 1566337; 2897; 2907; 2924; 2993; 2654; 2666; 2832; 2392; 2539; 2721; 625790; 2644,744653; 10440; 766475; 11718; 15659; 21734; 16148; 6081; 21594; 14584; 661374; 514999; 14590; 42228; 11219; 582218; 1100795; 793425; 829280; 945729,15 Minutes; Around the World in 80 Days; Identity; Glass Onion: A Knives Out Mystery,Daniel Craig; Chris Evans; Ana de Armas; Jamie Lee Curtis; Michael Shannon,2019-11-27,131,Rian Johnson,Knives Out Collection,,,,2026-08-21,97,82,7.9,875016,0,1,0,0,52,114,Nominated for 1 Oscar. 52 wins & 114 nominations total,2026-08-21,false,,,65,100,93,90,100,You've loved 1 title with Jamie Lee Curtis before.
movie:293167,Kong: Skull Island,2017,movie,Watched,189952,tt3731562,293167,6,2017-03-10T00:00:00.000Z,1,2017-03-10T00:00:00.000Z,,,false,,,Action; Adventure; Fantasy,"Explore the mysterious and dangerous home of the king of the apes as a team of explorers ventures deep inside the treacherous, primordial island.",vietnam veteran; island; monster; 1970s; expedition; giant monster; giant spider; creature; spin off; u.s. soldier; giant animal; kaiju; aftercreditsstinger; giant ape; monster island,en,6.558,11291,21.0475,2284; 2312; 1565990; 1566314; 3107; 3115; 2669; 2787; 2929; 2969; 1008025; 2698; 440; 331; 441894; 442062; 563; 551; 648; 667,823464; 399566; 351286; 427641; 443791; 254; 258489; 580489; 268896; 118340; 76170; 1858; 653346; 458576; 284054; 1058537; 14611; 24428; 38356; 297802,Mr. Magorium's Wonder Emporium; Mountain King; Aliens vs Predator: Requiem; The Avengers,Tom Hiddleston; Samuel L. Jackson; John Goodman; Brie Larson; Jing Tian,2017-03-08,118,Jordan Vogt-Roberts,,,,,2026-08-21,75,62,6.7,371895,0,1,0,0,1,22,Nominated for 1 Oscar. 1 win & 22 nominations total,2026-08-21,false,,,37,100,91,69,39,Fits your taste for Action / Adventure.
movie:313369,La La Land,2016,movie,Watched,192932,tt3783958,313369,10,2016-12-25T00:00:00.000Z,1,2016-12-25T00:00:00.000Z,,,false,,,Comedy; Drama; Romance,"Mia, an aspiring actress, serves lattes to movie stars in between auditions and Sebastian, a jazz musician, scrapes by playing cocktail party gigs in dingy bars, but as success mounts they are faced with decisions that begin to fray the fragile fabric of their love affair, and the dreams they worked so hard to maintain in each other threaten to rip them apart.","dancing; dance; jazz; melancholy; musical; ambition; casting; romcom; coffee shop; jazz club; traffic jam; hollywood; los angeles, california; pianist; pier",en,7.896,18366,20.2544,811208; 1385583; 433; 451; 464; 476; 483; 507; 508; 509; 522; 524; 525; 535; 537; 541; 544; 546; 595; 599,114; 1321439; 42297; 5966; 9429; 19913; 1618945; 9410; 52338; 8976; 57157; 80585; 50646; 27397; 32489; 8488; 51828; 427900; 11337; 686142,Fall; Leaving Las Vegas; As It Is in Heaven; Drugstore Cowboy; Killing Zoe,Ryan Gosling; Emma Stone; John Legend; Rosemarie DeWitt; Finn Wittrock,2016-12-01,129,Damien Chazelle,,,,,2026-08-21,91,94,8,759966,6,0,0,0,246,313,Won 6 Oscars. 246 wins & 313 nominations total,2026-08-21,false,,,82,100,95,93,100,You've loved 2 titles from director Damien Chazelle before.
movie:391713,Lady Bird,2017,movie,Watched,259514,tt4925292,391713,8,2017-11-03T00:00:00.000Z,1,2017-11-03T00:00:00.000Z,,,false,,,Drama; Comedy,"Lady Bird McPherson, a strong willed, deeply opinionated, artistic 17 year old comes of age in Sacramento. Her relationship with her mother and her upbringing are questioned and tested as she plans to head off to college.",friendship; loss of virginity; coming of age; teen angst; high school graduation; teenage girl; best friend; loss of job; high school student; catholic school; first love; semi autobiographical; sacramento; woman director; father daughter relationship,en,7.2,9123,9.815,2280; 2302; 263271; 1565907; 263302; 1007791; 1007897; 2429; 2447; 444634; 444648; 263467; 2764; 2771; 263569; 1566314; 2891; 2898; 444707; 444808,337154; 804095; 15592; 555285; 583689; 37735; 1325678; 25062; 11091; 14662; 27458; 838; 121986; 612706; 221; 632666; 773; 537681; 374461; 15058,Big; As Good as It Gets; The Fabelmans; Frances Ha,Saoirse Ronan; Laurie Metcalf; Tracy Letts; Lucas Hedges; Timothée Chalamet,2017-09-01,94,Greta Gerwig,,,,,2026-08-21,99,93,7.4,363036,0,5,0,0,124,228,Nominated for 5 Oscars. 124 wins & 228 nominations total,2026-08-21,false,,,60,100,88,96,100,You've loved 1 title with Timothée Chalamet before.
show:157741,Landman,2024,show,Watched,174314,tt14186672,157741,10,2026-07-29T00:12:22.000Z,20,1970-01-01T00:00:00.000Z,20,caught-up,true,,,Drama,"Set in the proverbial boomtowns of West-Texas and a modern-day tale of fortune-seeking in the world of oil rigs, the series is an upstairs/downstairs story of roughnecks and wildcat billionaires that are fueling a boom so big it’s reshaping our climate, our economy and our geopolitics.",texas; oil industry; upstairs downstairs; oil boom; based on podcast; inspirational; western; dramatic; hilarious,en,8.166,612,46.3783,2170; 61378; 276254; 240316; 94607; 61865; 240558; 61664; 208397; 61932; 2692; 2875; 240993; 2786; 127354; 95210; 62474; 95249; 95057; 62521,244447; 67232; 112581; 240993; 59659; 118357; 107365; 41692; 243396; 201877; 1406; 246246; 60626; 64230; 299167; 62732; 1401; 57389; 106734; 128839,Cutter to Houston; Madam Secretary; My Name is Melek; When Calls the Heart; Sense8,Billy Bob Thornton; Demi Moore; Andy Garcia; Ali Larter; Jacob Lofland,2024-11-17,,Taylor Sheridan,,Returning Series,3,20,2026-08-21,,62,8.2,105265,0,0,0,0,3,21,3 wins & 21 nominations total,2026-08-21,false,,,89,90,62,62,27,You've loved 6 titles from creator Taylor Sheridan before.
show:262280,Legends,2026,show,Watched,253005,tt33265765,262280,8,2026-05-07T00:00:00.000Z,6,1970-01-01T00:00:00.000Z,6,caught-up,false,,,Action & Adventure; Crime; Drama,"As drugs flood the streets of '90s Britain, a team of civil servants is thrust undercover to topple the gangs behind it.",based on true story; drug trade; undercover operation,en,7.655,103,14.6761,205443; 90955; 205495; 236869; 28599; 273801; 91324; 91275; 303182; 274061; 273970; 303686; 206182; 206048; 91725; 91752; 91978; 58937; 1424; 124800,85021; 227318; 1973; 114922; 60855; 167; 46975; 61859; 4040; 66676; 285807; 18797; 129552; 63351; 1486; 95439; 111800; 108978; 67178; 287238,Unbelievable; Extraordinary Siamese Story: Eng and Chang; The Spy; Love & Death; Gangs of London,Tom Burke; Steve Coogan; Hayley Squires; Aml Ameen; Jasmine Blackborow,2026-05-07,,Neil Forsyth,,Ended,1,6,2026-08-21,,,7.9,11642,0,0,0,0,0,0,N/A,2026-08-21,false,,,66,85,45,,0,"Similar to Narcos, which you loved."
show:67195,Legion,2017,show,Watched,113656,tt5114356,67195,6,2026-07-29T00:58:04.000Z,27,2019-08-13T02:52:00.000Z,27,caught-up,false,,,Action & Adventure; Sci-Fi & Fantasy; Drama,"David Haller, AKA Legion, is a troubled young man who may be more than human. Diagnosed as schizophrenic, David has been in and out of psychiatric hospitals for years. But after a strange encounter with a fellow patient, he’s confronted with the possibility that the voices he hears and the visions he sees might be real.",mutant; superhero; based on comic; memory; mental institution; psychological thriller; super power; mental illness; reality vs fantasy; unreliable narrator,en,7.524,1583,18.5692,2901; 208891; 241315; 241372; 241388; 277439; 127635; 127753; 95057; 2847; 2640; 127828; 31295; 62688; 95396; 62643; 95499; 95503; 3001; 62798,88987; 71663; 1639; 93484; 38472; 60708; 66190; 205715; 1310; 4604; 79501; 71340; 34967; 158141; 62643; 231003; 48860; 79788; 1402; 1403,Mouse; 56 Days; Cape Fear; Superman & Lois; Supergirl,Dan Stevens; Rachel Keller; Aubrey Plaza; Jeremie Harris; Amber Midthunder,2017-02-08,50,Noah Hawley,,Ended,3,27,2026-08-21,,82,8.1,103929,0,0,0,1,2,32,Nominated for 1 Primetime Emmy. 2 wins & 32 nominations total,2026-08-21,false,,,69,95,71,82,44,You've loved 1 title from creator Noah Hawley before.
movie:718032,Licorice Pizza,2021,movie,Watched,560812,tt11271038,718032,7,2021-11-26T00:00:00.000Z,1,2021-11-26T00:00:00.000Z,,,false,,,Drama; Comedy; Romance,"The story of Gary Valentine and Alana Kane growing up, running around and going through the treacherous navigation of first love in the San Fernando Valley, 1973.",high school; california; jealousy; 1970s; bed; mattress shop; politician; coming of age; love; teenage love; former child star; young love; san fernando valley; pinball machine; self confidence,en,6.945,2743,9.4062,49213; 49214; 49232; 49350; 667316; 1057006; 1057023; 853800; 1608022; 486995; 487046; 1608032; 49511; 49517; 49520; 49524; 1233094; 853867; 853821; 667520,1020006; 339397; 11522; 84199; 22625; 1618945; 6620; 57157; 80585; 2028; 965; 16158; 50646; 13531; 2611; 5968; 4380; 4967; 2788; 1018754,R.I.P.D.; Yoh! Bestie,Alana Haim; Cooper Hoffman; Sean Penn; Tom Waits; Bradley Cooper,2021-11-26,133,Paul Thomas Anderson,,,,,2026-08-21,90,90,7.1,155060,0,3,0,0,61,197,Nominated for 3 Oscars. 61 wins & 197 nominations total,2026-08-21,false,,,65,95,77,90,100,You've loved 1 title from director Paul Thomas Anderson before.
show:113962,Lioness,2023,show,Watched,167187,tt13111078,113962,7,2024-12-15T00:00:00.000Z,16,1970-01-01T00:00:00.000Z,19,in-progress,false,,,Drama; War & Politics,"Cruz Manuelos, a rough-around-the-edges but passionate young Marine, is recruited to join the CIA's Lioness Engagement Team to help bring down a terrorist organization from within. Joe, the station chief of the Lioness program, is tasked with training, managing and leading her female undercover operatives.",central intelligence agency (cia); undercover agent; biting; us military; special ops; thoughtful; spy thriller,en,8.074,1384,336.7935,95205; 62688; 62760; 31556; 167; 237108; 28553; 124312; 274149; 274555; 274776; 59861; 1486; 1537; 238886; 60066; 1404; 1407; 1427; 207334,1407; 71146; 219971; 216082; 114922; 95205; 1973; 210916; 111800; 129552; 2321; 245927; 156819; 57276; 157080; 138624; 2046; 32868; 61933; 46533,The Equalizer; Supergirl; 21 Jump Street; Homeland; The Veil,Zoe Saldaña; Laysla De Oliveira; Dave Annable; Jill Wagner; LaMonica Garrett,2023-07-23,,Taylor Sheridan,,Returning Series,3,24,2026-08-21,,61,7.8,83433,0,0,0,1,6,15,Nominated for 1 Primetime Emmy. 6 wins & 15 nominations total,2026-08-21,false,,,97,95,70,61,35,You've loved 6 titles from creator Taylor Sheridan before.
show:95839,Lisey's Story,2021,show,Watched,153524,tt3319460,95839,6,2021-07-23T00:00:00.000Z,8,1970-01-01T00:00:00.000Z,8,caught-up,false,,,Mystery; Drama; Sci-Fi & Fantasy,This terrifying thriller follows widow Lisey Landon as a series of disturbing events revives memories of her marriage to author Scott Landon and the darkness that plagued him.,based on novel or book,en,6.063,136,10.7153,61511; 2171; 2215; 305250; 305253; 2332; 2340; 240150; 94143; 276355; 276357; 94277; 94285; 94292; 94251; 61395; 61338; 2118; 61431; 2229,253372; 70485; 155534; 93784; 85273; 108181; 130464; 241372; 131992; 256711; 83685; 125816; 12832; 1399; 64394; 62417; 125116; 1593; 254013; 3470,Father Brown; Cold Case; Monarch of the Glen; Sarawat Mae Luk On; Koet Pen Ka,Julianne Moore; Clive Owen; Jennifer Jason Leigh; Dane DeHaan; Joan Allen,2021-06-04,,Stephen King,,Ended,1,8,2026-08-21,,,5.9,7383,0,0,0,1,1,5,Nominated for 1 Primetime Emmy. 1 win & 5 nominations total,2026-08-21,false,,,47,85,48,,15,You've loved 1 title with Jennifer Jason Leigh before.
show:90257,Little Fires Everywhere,2020,show,Watched,157444,tt8089592,90257,8,2026-07-29T00:25:19.000Z,8,2020-04-22T05:06:00.000Z,8,caught-up,false,,,Drama,"The intertwined fates of the picture-perfect Richardson family and an enigmatic mother and daughter who upend their lives. Explore the weight of secrets, the nature of art and identity, the ferocious pull of motherhood – and the danger in believing that following the rules can avert disaster.",based on novel or book; single mother; family; motherhood; interracial adoption; neighborhood; 1990s; abandoned baby; mother daughter relationship; small town america; absurd,en,7.52,417,8.2528,277241; 2903; 208883; 95341; 95344; 241372; 208921; 208923; 277439; 241272; 241275; 241257; 241290; 95279; 127651; 127865; 127875; 306201; 95205; 62458,66292; 111141; 259702; 46786; 199001; 253376; 39468; 262848; 207411; 102904; 54344; 244244; 210787; 239826; 296523; 230225; 90399; 88324; 10545; 100010,The Investigator; Shantaram; When One Day I Will Sleep; 56 Days; Rivals,Kerry Washington; Reese Witherspoon; Joshua Jackson; Rosemarie DeWitt; Jade Pettyjohn,2020-03-18,,Liz Tigelaar,,Ended,1,8,2026-08-21,,69,7.6,60894,0,0,0,5,4,31,Nominated for 5 Primetime Emmys. 4 wins & 31 nominations total,2026-08-21,false,,,43,90,59,69,79,You've loved 1 title with Rosemarie DeWitt before.
show:244321,Lockerbie: A Search for Truth,2025,show,Watched,220874,tt31029686,244321,8,2026-08-07T14:20:28.000Z,5,2025-01-30T21:49:00.000Z,5,caught-up,false,,,Drama,"Dr Jim Swire tragically loses his daughter when Pan Am Flight 103 exploded over a small town on 21 December 1988. Travelling across continents and political divides, Swire embarks on a relentless journey that not only jeopardises his stability, family and life, but completely overturns his trust in the justice system. As the truth shifts under his feet, Swire's view of the world is left forever sullied.",bomb; based on novel or book; disaster; miniseries; terrorism; 1980s; plane crash; lockerbie,en,7.157,89,5.1531,61428; 61498; 61511; 208071; 2215; 305250; 208146; 305253; 240085; 240144; 240150; 94143; 276355; 276357; 94277; 94285; 94292; 61380; 61393; 61338,87108; 156820; 248416; 223313; 4607; 46518; 130464; 108181; 244243; 244244; 87049; 147050; 220801; 129680; 284605; 80213; 208921; 109958; 40675; 155534,Cilla; The Great Fire; Father Brown; The Althea Tapes; Monarch of the Glen,Colin Firth; Catherine McCormack; Ardalan Esmaili; Sam Troughton; Jemma Carlton,2025-01-02,,David Harrower,,Ended,1,5,2026-08-21,,66,7.4,8930,0,0,0,0,1,5,1 win & 5 nominations total,2026-08-21,false,,,57,85,44,66,7,"Similar to Chernobyl and Lost, which you loved."
show:84958,Loki,2021,show,Watched,146535,tt9140554,84958,8,2023-11-09T00:00:00.000Z,12,1970-01-01T00:00:00.000Z,12,caught-up,false,,,Drama; Sci-Fi & Fantasy,"After stealing the Tesseract during the events of “Avengers: Endgame,” an alternate version of Loki is brought to the mysterious Time Variance Authority, a bureaucratic organization that exists outside of time and space and monitors the timeline. They give Loki a choice: face being erased from existence due to being a “time variant” or help fix the timeline and stop a greater threat.",secret organization; time; time travel; superhero; based on comic; spin off; marvel cinematic universe (mcu); alternate timeline; woman director; multiverse,en,8.173,12630,56.7437,891; 934; 936; 1023; 1026; 1057; 206476; 206344; 206402; 238458; 59427; 1028; 1029; 274922; 1180; 1149; 1153; 1157; 1213; 1225,4562; 80986; 67466; 6343; 88396; 1449; 14956; 138502; 69629; 60735; 2407; 33217; 85271; 66786; 114461; 92749; 125474; 226749; 95057; 62688,Amazing Stories; Kamen Rider Jeanne & Kamen Rider Aguilera with Girls Remix; Holby City; Ashes to Ashes; Flash Gordon,Tom Hiddleston; Sophia Di Martino; Wunmi Mosaku; Eugene Cordero; Ke Huy Quan,2021-06-09,,Michael Waldron,,Ended,2,12,2026-08-21,,70,8.2,470715,0,0,0,9,16,97,Nominated for 9 Primetime Emmys. 16 wins & 97 nominations total,2026-08-21,false,,,56,100,92,70,100,You've loved 1 title with Wunmi Mosaku before.
show:244628,Long Bright River,2025,show,Watched,221187,tt8332798,244628,7,2025-05-01T00:00:00.000Z,8,1970-01-01T00:00:00.000Z,8,caught-up,false,,,Drama; Crime; Mystery,"A police officer patrols a Philadelphia neighborhood hard-hit by the opioid crisis. When a series of murders begins in the neighborhood, Mickey realizes that her personal history might be related to the case.","philadelphia, pennsylvania; based on novel or book; miniseries; single mother; police officer; missing relative; opioid crisis; mystery; thriller",en,6.9,116,8.8658,124518; 124540; 124546; 124548; 92154; 124578; 124583; 124585; 124586; 124587; 124595; 238251; 238253; 274479; 124800; 238380; 274559; 799; 886; 887,88055; 115004; 244243; 220801; 241372; 218342; 80213; 1405; 209876; 1486; 210787; 259731; 278178; 123192; 91746; 72748; 71769; 46786; 2171; 108181,The Temptation Of Happiness; More than Blue: The Series; The Imperial Coroner; Segunda muerte; El dentista,Amanda Seyfried; Nicholas Pinnock; Ashleigh Cummings; Callum Vinson; John Doman,2025-03-13,,Liz Moore,,Ended,1,8,2026-08-21,,66,6.8,11384,0,0,0,0,0,0,5 nominations total,2026-08-21,false,,,55,85,46,66,0,"Similar to Dexter, which you loved."
show:4607,Lost,2004,show,Watched,4583,tt0411008,4607,10,2026-07-29T01:21:29.000Z,118,2010-05-24T02:45:00.000Z,118,caught-up,true,,,Mystery; Action & Adventure; Drama,"Stripped of everything, the survivors of a horrific plane crash must work together to stay alive. But the island holds many secrets.",island; airplane crash; uncharted,en,7.962,5254,97.7841,127758; 95041; 62707; 63089; 31375; 95851; 3207; 90; 205382; 205456; 58810; 896; 1204; 93154; 304412; 1732; 93649; 60807; 60682; 126660,270572; 283297; 215522; 195822; 113367; 61345; 117488; 43020; 262352; 1412; 90259; 7354; 129680; 34967; 131992; 79696; 95839; 130464; 194583; 147050,The Stranded; Professor T; The Wilds; Z Nation; Yellowjackets,Matthew Fox; Evangeline Lilly; Terry O'Quinn; Josh Holloway; Michael Emerson,2004-09-22,,J.J. Abrams,,Ended,6,118,2026-08-21,80,,8.3,657937,0,0,10,0,118,418,Won 10 Primetime Emmys. 118 wins & 418 nominations total,2026-08-21,false,,,67,100,83,80,100,You've loved 1 title from creator J.J. Abrams before.
show:75758,Lost in Space,2018,show,Watched,128262,tt5232792,75758,7,2021-12-01T00:00:00.000Z,28,1970-01-01T00:00:00.000Z,28,caught-up,false,,,Sci-Fi & Fantasy; Action & Adventure; Drama,"After crash-landing on an alien planet, the Robinson family fights against all odds to survive and escape. But they're surrounded by hidden dangers.",spacecraft; space colony; black hole; flashback; space; survival; robot; family; crash landing; deep space; near future; cautionary; awestruck,en,7.497,1907,16.6967,2903; 241315; 2985; 127651; 127736; 95041; 306352; 240942; 240921; 240975; 2641; 127828; 31235; 241384; 62614; 241473; 62683; 95403; 95465; 95513,5148; 4271; 580; 2985; 114461; 1437; 14141; 83867; 62688; 92830; 71365; 106159; 2723; 70513; 4695; 8607; 239770; 85271; 4624; 112162,Mouse; The Witch's Diner; The Stranded; L.I.F.E. Anthologies; Doubt,Toby Stephens; Molly Parker; Maxwell Jenkins; Taylor Russell; Mina Sundwall,2018-04-13,56,Irwin Allen,,Ended,3,28,2026-08-21,,,7.3,111568,0,0,0,3,8,31,Nominated for 3 Primetime Emmys. 8 wins & 31 nominations total,2026-08-21,false,,,56,95,73,,71,You've loved 1 title with Molly Parker before.
show:73200,Loudermilk,2017,show,Watched,119281,tt5957766,73200,8,2023-11-16T00:00:00.000Z,30,1970-01-01T00:00:00.000Z,30,caught-up,false,,,Comedy; Drama,"Sam Loudermilk is a recovering alcoholic and substance abuse counselor with an extremely bad attitude about, well, everything. He is unapologetically uncensored, and manages to piss off everyone in his life. Although he has his drinking under control, Loudermilk discovers that when your life is a complete mess, getting clean is the easy part.",support group; sponsorship; alcoholism; dark comedy; counselor; recovering alcoholic; sobriety; recovery; dysfunctional relationship; roommate issues; addiction recovery,en,7.198,124,7.6443,89; 63; 186; 123279; 123496; 202; 205; 292; 357; 407; 430; 90970; 91043; 719; 91445; 205715; 895; 909; 28751; 809,1215; 136311; 61637; 61118; 136739; 154385; 197373; 67697; 67280; 42878; 126914; 42282; 4292; 260458; 36994; 1480; 815; 81357; 79410; 65454,Weeds; Made For Love; Gen V; Murder Most Horrid; Californication,Ron Livingston; Will Sasso; Anja Savcic; Brian Regan; Ricky Blitt,2017-10-17,30,Bobby Mort,,Ended,3,30,2026-08-21,,76,7.8,23142,0,0,0,0,3,6,3 wins & 6 nominations total,2026-08-21,false,,,77,85,47,76,12,You've loved 1 title with Ron Livingston before.
show:53606,Love,2016,show,Watched,104465,tt4061080,53606,10,2026-07-29T00:27:22.000Z,34,2018-03-09T17:37:00.000Z,34,caught-up,false,,,Comedy; Drama,Rebellious Mickey and good-natured Gus navigate the thrills and agonies of modern relationships.,"love; romcom; romance; hollywood; los angeles, california; couple; addict; opposites attract; millennials; irreverent; witty; romantic",en,7.103,344,10.0976,61492; 61459; 207907; 207961; 207965; 207976; 61512; 208060; 208067; 2179; 2192; 2213; 2279; 2268; 208115; 305248; 305250; 208133; 208146; 305253,42032; 197373; 250923; 63161; 1568; 42282; 243316; 154385; 67280; 99610; 96734; 105; 80006; 61871; 227139; 203614; 61118; 247767; 36994; 100883,"Parasyte -the maxim-; Scent of Love; Quincy, M.E.; Stand Up!!; Relativity",Gillian Jacobs; Paul Rust; Chris Witaske; Claudia O'Doherty,2016-02-19,32,Judd Apatow,,Ended,3,34,2026-08-21,,,7.6,47415,0,0,0,0,1,2,1 win & 2 nominations total,2026-08-21,false,,,74,90,57,,4,You've loved 2 titles from creator Judd Apatow before.
show:99353,Love is Blind,2020,show,Watched,157822,tt11704040,99353,6,2026-03-11T00:00:00.000Z,136,1970-01-01T00:00:00.000Z,136,caught-up,false,,,Reality,"Nick and Vanessa Lachey host this social experiment where single men and women look for love and get engaged, all before meeting in person.",blind date; engagement; single; love; wedding; falling in love; dating show; social experiment; single ladies; single men,en,6.246,112,16.8391,61535; 305379; 61841; 94785; 127623; 208752; 277010; 305952; 240971; 241140; 62289; 62470; 62483; 62545; 275146; 1359; 1562; 206948; 1576; 207461,262469; 169588; 218521; 102085; 67385; 90521; 85904; 207461; 233816; 116250; 87387; 97083; 5583; 248984; 8514; 4940; 75383; 105689; 215943; 65854,Unlocked: A Jail Experiment,Nick Lachey; Vanessa Lachey,2020-02-13,,Chris Coelen,,Returning Series,10,135,2026-08-21,,60,6.2,12986,0,0,0,7,1,12,Nominated for 7 Primetime Emmys. 1 win & 12 nominations total,2026-08-21,false,,,21,85,46,60,70,Real award recognition (Nominated for 7 Primetime Emmys. 1 win & 12 nominations total).
show:102316,Love Life,2020,show,Watched,156752,tt10380768,102316,7,2021-06-24T00:00:00.000Z,20,1970-01-01T00:00:00.000Z,20,caught-up,false,,,Comedy; Drama,"A romantic comedy anthology series which follows a different protagonist each season on the journey from first love to last love, with each half-hour episode chronicling one of their relationships.",love; anthology; romance; bittersweet; intimate,en,6.943,114,8.5823,2913; 277369; 277404; 277406; 95341; 95344; 95346; 241373; 208906; 208913; 208931; 277414; 277415; 241259; 241276; 241348; 241361; 277486; 127652; 127668,131142; 91602; 251608; 10370; 78950; 67780; 73607; 41875; 90705; 99270; 126914; 96734; 61118; 61637; 240667; 207717; 116450; 99610; 107119; 105,The Moon on a Rainy Night; The Dangerous Affair; Obsessed; Shantaram; When One Day I Will Sleep,William Jackson Harper; Jessica Williams; Chris Powell; Punkie Johnson; Keith David,2020-05-27,30,Sam Boyd,,Canceled,2,20,2026-08-21,,61,7.5,17221,0,0,0,0,1,8,1 win & 8 nominations total,2026-08-21,false,,,34,85,46,61,10,You've loved 1 title with Jessica Williams before.
show:210239,Lucky Hank,2023,show,Watched,199744,tt19785210,210239,7,2023-05-07T00:00:00.000Z,8,1970-01-01T00:00:00.000Z,8,caught-up,false,,,Drama,A mid-life crisis tale about the unlikely chairman of the English department in a badly underfunded college in the Pennsylvania rust belt.,based on novel or book; mid-life crisis,en,6.667,81,4.2787,896; 28913; 1024; 274260; 29063; 206118; 91586; 28672; 273866; 273941; 274047; 124067; 303572; 918; 799; 29004; 91470; 29055; 206037; 237475,273240; 217211; 130464; 116761; 90399; 239826; 80213; 107365; 72787; 199001; 100575; 241372; 226174; 51537; 10370; 130842; 207717; 256711; 156473; 67384,Romance in the Alley; The Jazz Age; Winning Time: The Rise of the Lakers Dynasty; Sherlock Holmes; Off Campus,Bob Odenkirk; Mireille Enos; Cedric Yarbrough; Diedrich Bader; Olivia Scott Welch,2023-03-19,,Paul Lieberstein,,Canceled,1,8,2026-08-21,,70,6.8,7534,0,0,0,0,3,1,3 wins & 1 nomination total,2026-08-21,false,,,43,85,43,70,7,You've loved 1 title with Bob Odenkirk before.
movie:76341,Mad Max: Fury Road,2015,movie,Watched,56360,tt1392190,76341,4,2015-05-15T00:00:00.000Z,1,2015-05-15T00:00:00.000Z,,,false,,,Action; Adventure; Science Fiction,"An apocalyptic story set in the furthest reaches of our planet, in a stark desert landscape where humanity is broken, and most everyone is crazed fighting for the necessities of life. Within this world exist two rebels on the run who just might be able to restore order.",rescue; australia; dystopia; sandstorm; post-apocalyptic future; sequel; survival; on the run; peak oil; dark future; intense; desert wasteland; convoy attack; high-speed chase; freedom quest,en,7.636,24443,46.1122,1009640; 3688; 1567021; 626393; 1196162; 4923; 4437; 445978; 1196067; 4917; 3598; 3509; 13155; 13204; 453571; 13256; 13282; 634649; 13317; 13335,9355; 507244; 8810; 270771; 786892; 294254; 7737; 1577; 310135; 534; 605; 13282; 9922; 15785; 624860; 156717; 21512; 37420; 496704; 2362,The Mitchells vs. the Mitchells; Terminator Salvation,Tom Hardy; Charlize Theron; Nicholas Hoult; Hugh Keays-Byrne; Josh Helman,2015-05-13,121,George Miller,Mad Max Collection,,,,2026-08-21,97,90,8.1,1198396,6,0,0,0,245,234,Won 6 Oscars. 245 wins & 234 nominations total,2026-08-21,false,,,51,100,98,94,100,Fits your taste for Action / Adventure.
show:1104,Mad Men,2007,show,Watched,1099,tt0804503,1104,9,2015-05-17T00:00:00.000Z,92,1970-01-01T00:00:00.000Z,92,caught-up,false,,,Drama,"Set in 1960-1970 New York, this sexy, stylized and provocative drama follows the lives of the ruthlessly competitive men and women of Madison Avenue advertising.",work; marketing; marriage; workplace; period drama; advertising; historical; advertising agency; executive; madison avenue; 1960s; sexual attitudes; dark; workplace harassment; understated,en,8.127,1567,83.5923,92090; 124549; 124587; 124595; 92135; 274476; 124817; 274561; 799; 814; 59149; 59215; 59312; 274570; 238469; 59599; 1037; 274897; 29398; 92637,130842; 116799; 90870; 51537; 90399; 65817; 138455; 246246; 216089; 226174; 46533; 228528; 58937; 83605; 79622; 67384; 61664; 69541; 4040; 61933,Blade of the Immortal; The Imperial Coroner; Rise of the Great Wall; Faith Makes Great; Love in the Moonlight,Jon Hamm; Elisabeth Moss; Vincent Kartheiser; January Jones; Christina Hendricks,2007-07-19,,Matthew Weiner,,Ended,7,92,2026-08-21,,86,8.7,287075,0,0,16,0,167,450,Won 16 Primetime Emmys. 167 wins & 450 nominations total,2026-08-21,false,,,94,95,71,86,100,You've loved 1 title from creator Matthew Weiner before.
show:90970,Made For Love,2021,show,Watched,154279,tt7808566,90970,7,2022-04-28T00:00:00.000Z,16,1970-01-01T00:00:00.000Z,16,caught-up,false,,,Sci-Fi & Fantasy; Drama; Comedy,"Thirty-something Hazel Green tries to escape a suffocating marriage — until she realizes her tech billionaire husband has implanted a revolutionary tracking device, the Made for Love, in her brain.",based on novel or book; dark comedy; sex doll; marital problem; tracking device; father daughter relationship; tech company,en,6.699,216,6.8126,208883; 95341; 95344; 241337; 241372; 208921; 208923; 277439; 241272; 241275; 241257; 241290; 2996; 95279; 127651; 127865; 127875; 306201; 95044; 62458,62822; 93289; 73411; 102621; 91977; 39510; 96734; 42009; 125116; 1639; 90228; 100771; 69478; 56570; 241554; 85273; 93784; 68421; 6323; 95839,The Investigator; Shantaram; When One Day I Will Sleep; 56 Days; Rivals,Cristin Milioti; Billy Magnussen; Dan Bakkedahl; Noma Dumezweni; Caleb Foote,2021-04-01,30,Patrick Somerville,,Canceled,2,16,2026-08-21,,68,6.9,13618,0,0,0,1,1,5,Nominated for 1 Primetime Emmy. 1 win & 5 nominations total,2026-08-21,false,,,44,90,52,68,15,You've loved 1 title with Cristin Milioti before.
movie:523607,Maestro,2023,movie,Watched,371754,tt5535276,523607,5,2023-11-22T00:00:00.000Z,1,2023-11-22T00:00:00.000Z,,,false,,,Drama; Romance; Music,"A towering and fearless love story chronicling the lifelong relationship between Leonard Bernstein and Felicia Montealegre Cohn Bernstein. A love letter to life and art, Maestro at its core is an emotionally epic portrayal of family and love.",husband wife relationship; show business; conductor; marriage; biography; based on true story; love; historical; lgbt; 1940s; cerebral; intimate; tortured genius,en,6.241,866,3.518,2282; 2288; 2289; 2302; 2304; 2306; 263259; 2355; 2370; 2378; 2379; 2381; 2428; 2433; 2438; 2447; 625430; 2457; 444483; 625572,14061; 814338; 851; 4148; 364733; 75900; 27804; 354743; 1092506; 17450; 119675; 111473; 2288; 10497; 15237; 391714; 28029; 12537; 1713; 4478,Topaz; Revolutionary Road; Blind; The Thing Called Love; Pennies from Heaven,Carey Mulligan; Bradley Cooper; Matt Bomer; Vincenzo Amato; Greg Hildreth,2023-11-22,129,Bradley Cooper,,,,,2026-08-21,,77,6.5,67592,0,7,0,0,27,180,Nominated for 7 Oscars. 27 wins & 180 nominations total,2026-08-21,false,,,66,90,66,77,100,You've loved 1 title from director Bradley Cooper before.
show:111141,Maid,2021,show,Watched,166129,tt11337908,111141,8,2021-10-01T00:00:00.000Z,10,1970-01-01T00:00:00.000Z,10,caught-up,false,,,Drama,"After fleeing an abusive relationship, a young mother finds a job cleaning houses as she fights to provide for her child and build them a better future.",underdog; based on novel or book; homelessness; based on true story; domestic abuse; poverty; maid; based on memoir or autobiography; custody; fight the system; social issues,en,8,972,13.7976,896; 28913; 1024; 274230; 274260; 29063; 206118; 206048; 91586; 206182; 28672; 273866; 273941; 274047; 274061; 124067; 303572; 303686; 918; 799,71715; 90257; 90399; 199001; 66292; 116761; 259702; 287527; 225634; 102904; 107365; 72787; 131142; 82883; 126280; 4275; 13796; 10370; 248416; 202162,Romance in the Alley; The Jazz Age; Extraordinary Siamese Story: Eng and Chang; Winning Time: The Rise of the Lakers Dynasty; Sherlock Holmes,Margaret Qualley; Nick Robinson; Andie MacDowell; Rylea Nevaeh Whittet,2021-09-30,,Molly Smith Metzler,,Ended,1,10,2026-08-21,,82,8.3,115584,0,0,0,3,7,37,Nominated for 3 Primetime Emmys. 7 wins & 37 nominations total,2026-08-21,false,,,54,90,67,82,75,Titles you loved list this as similar or recommended (1 time).
movie:334541,Manchester by the Sea,2016,movie,Watched,225133,tt4034228,334541,8,2016-11-18T00:00:00.000Z,1,2016-11-18T00:00:00.000Z,,,false,,,Drama,"After his older brother passes away, Lee Chandler is forced to return home to care for his 16-year-old nephew. There he is compelled to deal with a tragic past that separated him from his family and the community where he was born and raised.","funeral; boston, massachusetts; brother; boat; sadness; massachusetts; melancholy; loss; dysfunctional family; grief; hospital; house fire; death; nephew; ex-wife",en,7.553,6508,10.285,1056939; 299391; 1057077; 49456; 853867; 49689; 1608482; 487301; 853710; 49314; 49367; 1430200; 49787; 46989; 1230368; 1054284; 47062; 1605122; 1426927; 484222,261; 15867; 4787; 1999; 336000; 27585; 10740; 254172; 21291; 72213; 806368; 312804; 345938; 216156; 21634; 382614; 253331; 273059; 374461; 576069,,Casey Affleck; Lucas Hedges; Michelle Williams; Kyle Chandler; C.J. Wilson,2016-11-17,138,Kenneth Lonergan,,,,,2026-08-21,96,96,7.8,352390,2,0,0,0,128,268,Won 2 Oscars. 128 wins & 268 nominations total,2026-08-21,false,,,59,100,85,96,100,You've loved 1 title with Kyle Chandler before.
show:155533,Manhunt,2024,show,Watched,192561,tt16912512,155533,8,2024-04-26T00:00:00.000Z,7,1970-01-01T00:00:00.000Z,7,caught-up,false,,,Drama; Crime,A conspiracy thriller about one of the best known but least understood crimes in history. This is the astonishing story of the hunt for John Wilkes Booth in the aftermath of Abraham Lincoln's assassination—as the fate of the country hangs in the balance.,based on novel or book; asthma; miniseries; political assassination; american civil war; manhunt; political conspiracy,en,6.879,95,9.9669,208883; 277387; 95341; 95344; 241372; 208921; 208923; 277439; 241275; 241363; 241290; 95279; 127651; 127735; 127865; 127875; 306201; 95041; 95210; 62458,245219; 222766; 220801; 248416; 108181; 213306; 278178; 287238; 61859; 64464; 220056; 158083; 245927; 71146; 244243; 129552; 40675; 240740; 278624; 280511,The Investigator; Ramona; Shantaram; When One Day I Will Sleep; 56 Days,Tobias Menzies; Anthony Boyle; Lovie Simone; Will Harrison; Brandon Flynn,2024-03-14,,Monica Beletsky,,Ended,1,7,2026-08-21,,,7.2,9322,0,0,0,0,0,0,4 nominations total,2026-08-21,false,,,55,85,44,,0,You've loved 1 title with Tobias Menzies before.
show:73411,Maniac,2018,show,Watched,134593,tt5580146,73411,7,2026-07-29T00:58:28.000Z,10,2018-09-21T07:47:00.000Z,10,caught-up,false,,,Comedy; Drama; Sci-Fi & Fantasy,"Two strangers are drawn to a mysterious pharmaceutical trial that will, they're assured, with no complications or side-effects whatsoever, solve all of their problems, permanently. Things do not go as planned.",schizophrenia; computer; surrealism; dark comedy; psychiatric hospital; miniseries; mental disorders; drug trial; psychedelic drug; mother son relationship; brother brother relationship; science fiction,en,7.344,1030,13.2736,886; 887; 890; 895; 903; 931; 1042; 205988; 206013; 206014; 206118; 28672; 28804; 123856; 124077; 303525; 909; 809; 29004; 28751,42009; 228878; 102621; 93784; 67195; 197548; 225171; 84880; 257519; 39525; 136738; 66309; 241554; 95396; 97645; 61746; 62687; 61664; 125116; 88987,Space Race; Neon Genesis Evangelion; Murder Most Horrid; Revolutionary Girl Utena; Black Mirror,Emma Stone; Jonah Hill; Sonoya Mizuno; Justin Theroux; Sally Field,2018-09-21,,Patrick Somerville,,Ended,1,10,2026-08-21,,,7.6,91594,0,0,0,0,2,14,2 wins & 14 nominations total,2026-08-21,false,,,73,95,67,,18,You've loved 1 title with Emma Stone before.
show:79696,Manifest,2018,show,Watched,133259,tt8421350,79696,7,2023-06-02T00:00:00.000Z,62,1970-01-01T00:00:00.000Z,62,caught-up,false,,,Sci-Fi & Fantasy; Mystery; Drama,"After landing from a turbulent but routine flight, the crew and passengers of Montego Air Flight 828 discover five years have passed in what seemed like a few hours. As their new realities become clear, a deeper mystery unfolds and some of the returned passengers soon realize they may be meant for something greater than they ever thought possible.",new york city; time travel; investigation; presumed dead; passengers; airplane flight,en,7.613,1839,33.4759,124595; 124613; 274479; 124814; 917; 1026; 29068; 206476; 206344; 994; 92246; 59410; 1180; 29405; 1144; 92739; 1085; 92599; 92602; 92647,67683; 69061; 424; 21561; 60948; 131992; 47640; 43020; 81322; 4607; 1593; 128839; 83135; 1705; 111894; 64464; 60741; 197125; 3725; 253372,The Imperial Coroner; Pride: The Series; Lynley; Kate & Allie; Amazing Stories,Melissa Roxburgh; Josh Dallas; J.R. Ramirez; Luna Blaise; Parveen Kaur,2018-09-24,42,Jeff Rake,,Ended,4,62,2026-08-21,,55,7,103401,0,0,0,0,1,6,1 win & 6 nominations total,2026-08-21,false,,,52,95,73,55,8,"Similar to Lost, which you loved."
show:115004,Mare of Easttown,2021,show,Watched,153275,tt10155688,115004,8,2021-05-30T00:00:00.000Z,7,1970-01-01T00:00:00.000Z,7,caught-up,false,,,Drama; Crime; Mystery,A detective in a small Pennsylvania town investigates a local murder while trying to keep her life from falling apart.,"detective; drug abuse; pennsylvania, usa; small town; therapist; investigation; alcoholism; murder; dysfunctional family; miniseries; whodunit; divorcee; death; female detective; mysterious disappearance",en,8.176,1727,11.8686,61428; 61498; 61459; 61465; 208006; 61511; 208071; 2171; 2204; 2210; 208146; 208155; 2332; 2338; 2343; 2301; 240085; 240144; 240166; 94277,2171; 259731; 244628; 87784; 60585; 46316; 133813; 218342; 246461; 247518; 88055; 244243; 106349; 34415; 100010; 84661; 1486; 70453; 202308; 203744,Cilla; The Great Fire; Parasyte -the maxim-; Deadly Sins: No Forgiveness; Father Brown,Kate Winslet; Jean Smart; Julianne Nicholson; Angourie Rice; Evan Peters,2021-04-18,,Brad Ingelsby,,Ended,1,7,2026-08-21,,81,8.4,218467,0,0,4,0,27,67,Won 4 Primetime Emmys. 27 wins & 67 nominations total,2026-08-21,false,,,87,95,72,81,100,You've loved 1 title from creator Brad Ingelsby before.
movie:492188,Marriage Story,2019,movie,Watched,339283,tt7653254,492188,8,2026-08-21T15:21:17.000Z,1,2019-11-15T00:00:00.000Z,,,false,,,Drama,"A stage director and an actress struggle through a grueling, coast-to-coast divorce that pushes them to their personal extremes.","infidelity; new york city; husband wife relationship; parent child relationship; theatre group; theater director; lawyer; los angeles, california; divorce; divorce lawyer; thoughtful; complex; intense",en,7.732,7520,8.4748,436; 439; 442; 451; 453; 457; 458; 459; 465; 466; 468; 469; 473; 482; 490; 492; 499; 502; 511; 513,839369; 855263; 653712; 11457; 39210; 15660; 52109; 753; 17443; 468735; 518452; 157851; 13250; 18190; 371462; 7090; 328425; 974292; 27033; 50875,Popular Music; Leaving Las Vegas; A Beautiful Mind; My Own Private Idaho; Stranger Than Paradise,Adam Driver; Scarlett Johansson; Laura Dern; Alan Alda; Ray Liotta,2019-09-28,137,Noah Baumbach,,,,,2026-08-21,95,94,7.9,369658,1,0,0,0,129,269,Won 1 Oscar. 129 wins & 269 nominations total,2026-08-21,false,,,60,100,87,95,100,You've loved 1 title with Adam Driver before.
movie:1317288,Marty Supreme,2025,movie,Watched,1076665,tt32916440,1317288,9,2025-12-25T00:00:00.000Z,1,2025-12-25T00:00:00.000Z,,,false,,,Drama; Thriller,"Marty Mauser, a young man with a dream no one respects, goes to hell and back in pursuit of greatness.",new york city; sports; capitalism; hustler; narcissism; ping pong; scheming; 1950s; dedication; american businessman; table tennis; amused; bewildered,en,7.366,2093,22.9617,2280; 2291; 2313; 2323; 2370; 2371; 2749; 2898; 3109; 2649; 2657; 2820; 2971; 3033; 444539; 2604; 813461; 2731; 2639; 3116,717980; 1578; 504562; 1175351; 1359; 473033; 396371; 928270; 489243; 184341; 20857; 11873; 50839; 103; 760329; 241239; 9566; 1429; 1013601; 1607,Big; Jacob's Ladder; Prime; Topaz; 15 Minutes,"Timothée Chalamet; Gwyneth Paltrow; Odessa A'zion; Kevin O'Leary; Tyler, The Creator",2025-12-19,150,Josh Safdie,,,,,2026-08-21,93,89,7.7,164546,0,9,0,0,44,287,Nominated for 9 Oscars. 44 wins & 287 nominations total,2026-08-21,false,,,72,95,74,91,100,You've loved 1 title from director Josh Safdie before.
show:61889,Marvel's Daredevil,2015,show,Watched,77938,tt3322312,61889,9,2018-10-19T00:00:00.000Z,39,1970-01-01T00:00:00.000Z,39,caught-up,false,,,Crime; Drama; Action & Adventure,Lawyer-by-day Matt Murdock uses his heightened senses from being blinded as a young boy to fight crime at night on the streets of Hell’s Kitchen as Daredevil.,new york city; corruption; secret identity; secret organization; vigilante; superhero; based on comic; lawyer; blind; marvel cinematic universe (mcu),en,8.172,5333,54.4058,124613; 124825; 888; 891; 917; 29068; 274671; 206476; 92369; 124643; 206402; 238458; 59427; 274922; 1153; 1157; 1213; 1225; 1259; 1269,62285; 202555; 1412; 1403; 62126; 125909; 75450; 67178; 79788; 114922; 60855; 4619; 62643; 71663; 195868; 1411; 88987; 4040; 1409; 68018,Pride: The Series; Second Chance; Kate & Allie; For the People; Heart's Decree,Charlie Cox; Deborah Ann Woll; Elden Henson; Vincent D'Onofrio; Jay Ali,2015-04-10,,Drew Goddard,,Canceled,3,39,2026-08-21,,,8.6,524092,0,0,0,5,10,43,Nominated for 5 Primetime Emmys. 10 wins & 43 nominations total,2026-08-21,false,,,95,100,83,,100,You've loved 1 title from creator Drew Goddard before.
show:38472,Marvel's Jessica Jones,2015,show,Watched,79385,tt2357547,38472,6,2026-07-29T00:56:25.000Z,39,2019-06-14T07:56:00.000Z,39,caught-up,false,,,Sci-Fi & Fantasy; Drama,"After a tragic ending to her short-lived super hero stint, Jessica Jones is rebuilding her personal life and career as a detective who gets pulled into cases involving people with extraordinary abilities in New York City.",detective; mind control; superhero; based on comic; female protagonist; super power; private detective; marvel cinematic universe (mcu); masked superhero; neo-noir,en,7.485,2682,23.3867,61474; 61459; 61461; 61465; 61511; 2171; 2184; 2287; 2253; 2338; 2309; 94277; 61384; 61333; 2142; 2159; 61421; 61423; 61438; 61440,42531; 48860; 1403; 1639; 66190; 62285; 67195; 61889; 93484; 71663; 60858; 62126; 88987; 89247; 79501; 75450; 205715; 60708; 202555; 220102,Parasyte -the maxim-; Father Brown; Cold Case; Maude; Woodpecker Detective's Office,Krysten Ritter; Rachael Taylor; Eka Darville; Benjamin Walker; Carrie-Anne Moss,2015-11-20,,Melissa Rosenberg,,Ended,3,39,2026-08-21,,,7.8,237839,0,0,1,0,12,27,Won 1 Primetime Emmy. 12 wins & 27 nominations total,2026-08-21,false,,,53,95,77,,71,"Similar to Marvel's Daredevil, which you loved."
show:46518,Masters of the Air,2024,show,Watched,46248,tt2640044,46518,8,2024-03-15T00:00:00.000Z,9,1970-01-01T00:00:00.000Z,9,caught-up,false,,,Drama; War & Politics,"During World War II, airmen risk their lives with the 100th Bomb Group, a brotherhood forged by courage, loss, and triumph.",world war ii; aerial combat; miniseries; bomber pilot; army air force; cliché; pretentious,en,7.782,632,22.4955,232; 235; 28159; 123478; 213; 260; 28140; 28208; 28330; 28196; 28293; 273307; 205272; 90919; 352; 425; 450; 505; 57981; 58168,32675; 4613; 16997; 155421; 32868; 93870; 233256; 2321; 71789; 138624; 11095; 61933; 32573; 120911; 114922; 113962; 17035; 280511; 108181; 129612,Romance; The Rhinemann Exchange; Jude the Obscure; Coming Home; War and Remembrance,Austin Butler; Callum Turner; Anthony Boyle; Nate Mann; Stephen Campbell Moore,2024-01-25,,John Orloff,,Ended,1,9,2026-08-21,,72,7.8,69272,0,0,1,0,9,25,Won 1 Primetime Emmy. 9 wins & 25 nominations total,2026-08-21,false,,,60,90,63,72,63,"Similar to Band of Brothers, which you loved."
show:97951,Mayor of Kingstown,2021,show,Watched,165410,tt11712058,97951,10,2026-07-29T00:18:59.000Z,40,1970-01-01T00:00:00.000Z,40,caught-up,true,,,Drama; Crime,"In a small Michigan town where the business of incarceration is the only thriving industry, the McClusky family are the power brokers between the police, criminals, inmates, prison guards and politicians in a city completely dependent on prisons and the prisoners they contain.",prison; corruption; detective; michigan; drug dealer; prison guard; organized crime; brother brother relationship,en,7.955,662,43.7172,25599; 25718; 25499; 26101; 26867; 55377; 55270; 55851; 55925; 330131; 232557; 330860; 57033; 57134; 54650; 27827; 232647; 232766; 233324; 233325,2288; 101591; 1908; 155537; 286709; 44856; 194764; 1438; 97890; 47318; 79086; 112693; 60574; 1409; 66676; 76231; 249039; 4040; 47600; 125949,Power; Prison Break; BMF; Miami Vice; Black Bird,Jeremy Renner; Hugh Dillon; Tobi Bamtefa; Taylor Handley; Necar Zadegan,2021-11-14,,Taylor Sheridan,,Returning Series,4,40,2026-08-21,,55,8.2,71375,0,0,0,0,0,0,4 nominations total,2026-08-21,false,,,100,90,63,55,0,You've loved 6 titles from creator Taylor Sheridan before.
movie:70,Million Dollar Baby,2004,movie,Watched,41,tt0405159,70,8,2026-08-21T15:16:34.000Z,1,2004-12-15T00:00:00.000Z,,,false,,,Drama,"Despondent over a painful estrangement from his daughter, trainer Frankie Dunn isn't prepared for boxer Maggie Fitzgerald to enter his life. But Maggie's determined to go pro and to convince Dunn and his cohort to help her.",dying and death; transporter; strong woman; stroke of fate; advancement; sports; fight; suicide attempt; boxer; training; tragedy; female protagonist; brutality; boxing trainer; unlikely friendship,en,7.953,10520,11.1534,1056939; 1057001; 667585; 1057265; 1233208; 1233179; 47115; 297278; 297327; 1427318; 46817; 487291; 854179; 667717; 49824; 1057977; 50114; 50225; 50077; 1608585,307081; 1578; 1287322; 8489; 19348; 332979; 184341; 1215798; 41240; 22164; 821881; 348893; 606870; 391757; 70006; 809140; 59440; 28528; 760329; 556501,Southpaw; Raging Bull; Bleed for This; Hands of Stone; The Cut,Clint Eastwood; Hilary Swank; Morgan Freeman; Jay Baruchel; Mike Colter,2004-12-05,132,Clint Eastwood,,,,,2026-08-21,90,86,8.1,765230,4,0,0,0,68,86,Won 4 Oscars. 68 wins & 86 nominations total,2026-08-21,false,,,56,100,90,88,100,Titles you loved list this as similar or recommended (2 times).
show:67744,Mindhunter,2017,show,Watched,116965,tt5290382,67744,9,2019-08-16T00:00:00.000Z,19,1970-01-01T00:00:00.000Z,19,caught-up,false,,,Drama; Crime,An agent in the FBI's Elite Serial Crime Unit develops profiling techniques as he pursues notorious serial killers and rapists.,prison; based on novel or book; 1970s; fbi; psychology; interview; psychopath; serial killer; murderer; true crime; rapist; police investigation; virginia; mysterious; quantico,en,8.134,3058,45.756,277244; 277316; 208883; 277387; 277404; 277406; 2929; 95341; 95344; 241315; 241372; 95302; 95326; 241194; 208921; 208923; 208932; 277439; 241259; 241275,287238; 91875; 40008; 71769; 155537; 2651; 39852; 1405; 70485; 78191; 45094; 277439; 4057; 213306; 239826; 286709; 1426; 278178; 6322; 3322,Cold Case Files: The Grim Sleeper; The Investigator; Ramona; The Dangerous Affair; Obsessed,Jonathan Groff; Holt McCallany; Anna Torv; Stacey Roca,2017-10-13,,Joe Penhall,,Canceled,2,19,2026-08-21,,80,8.6,391041,0,0,0,2,5,34,Nominated for 2 Primetime Emmys. 5 wins & 34 nominations total,2026-08-21,false,,,94,95,78,80,60,You've loved 1 title from creator Joe Penhall before.
show:118303,Minx,2022,show,Watched,178543,tt11947418,118303,7,2024-02-23T00:00:00.000Z,18,1970-01-01T00:00:00.000Z,18,caught-up,false,,,Comedy; Drama,An earnest young feminist joins forces with a low-rent publisher to make the world's first erotic magazine for women.,1970s; porn industry; workplace comedy; workplace romance; feminist activism,en,6.805,119,11.1095,971; 867; 903; 29004; 124641; 59541; 59579; 1189; 1231; 29398; 238588; 1076; 1108; 238553; 1320; 275202; 275140; 125242; 1456; 1460,69630; 100444; 39702; 154385; 119181; 116450; 246246; 247767; 62117; 78950; 70964; 63522; 69555; 70573; 87049; 1424; 114925; 18614; 67280; 4275,WKRP in Cincinnati; The Bold Type; BEEF; And Just Like That…; The Studio,Ophelia Lovibond; Jake Johnson; Jessica Lowe; Oscar Montoya; Lennon Parham,2022-03-17,,Ellen Rapoport,,Canceled,2,18,2026-08-21,,75,7.6,12826,0,0,0,0,6,5,6 wins & 5 nominations total,2026-08-21,false,,,36,85,46,75,17,Fits your taste for Comedy / Drama.
movie:14292,Miracle,2004,movie,Watched,8583,tt0349825,14292,6,2026-08-21T15:16:54.000Z,1,2004-02-06T00:00:00.000Z,,,false,,,Drama; History,"When college coach Herb Brooks is hired to helm the 1980 U.S. men's Olympic hockey team, he brings a unique and brash style to the ice. After assembling a team of hot-headed college all-stars, who are humiliated in an early match, Brooks unites his squad against a common foe: the heavily-favored Soviet team.","sports; olympic games; based on true story; ice hockey; milwaukee wisconsin; saint paul, minnesota; gas rationing; lake placid new york; aftercreditsstinger; duringcreditsstinger",en,7.125,691,3.0145,4951; 4958; 4988; 4997; 1009679; 3526; 3558; 264098; 264185; 626332; 4964; 4982; 4985; 4464; 4483; 264915; 814215; 264304; 264337; 3580,1211472; 58882; 760336; 44691; 980489; 471616; 461115; 198185; 245698; 763144; 292011; 653851; 9443; 136797; 418879; 522241; 13554; 719256; 911430; 9912,"Wonderland; Hard Miles; Frances; Girl, Interrupted; Flamin' Hot",Kurt Russell; Patricia Clarkson; Noah Emmerich; Sean McCann; Kenneth Welsh,2004-02-06,135,Gavin O'Connor,,,,,2026-08-21,80,68,7.5,64173,0,0,0,0,2,4,2 wins & 4 nominations total,2026-08-21,false,,,53,90,63,74,8,You've loved 1 title from director Gavin O'Connor before.
show:247718,MobLand,2025,show,Watched,228595,tt31510819,247718,8,2026-07-29T00:52:15.000Z,10,2025-06-01T07:55:00.000Z,10,caught-up,false,,,Crime; Drama,Two mob families clash in a war that threatens to topple empires and lives.,"london, england; drug trafficking; gang war; gangster; family business ; murder; betrayal; crime family; fixer; corrupt cop; intense; brutal violence",en,8.345,788,54.2536,124511; 92137; 274479; 124800; 844; 873; 1023; 59183; 59254; 59312; 29004; 274633; 92246; 206385; 303824; 59599; 1180; 1167; 1204; 1274,85021; 60574; 112693; 194764; 93544; 255570; 63351; 1414; 66025; 79086; 54650; 228305; 97890; 1409; 101591; 1438; 75666; 262280; 119845; 66676,ZeroZeroZero; Lynley; Love & Death; Columbo; The Bletchley Circle,Tom Hardy; Pierce Brosnan; Paddy Considine; Joanne Froggatt; Lara Pulver,2025-03-30,,Ronan Bennett,,Returning Series,2,20,2026-08-21,,60,8.3,107610,0,0,0,0,0,0,7 nominations total,2026-08-21,false,,,83,90,65,60,0,"Similar to Six Feet Under and Peaky Blinders, which you loved."
movie:396371,Molly's Game,2017,movie,Watched,239250,tt4209788,396371,8,2017-12-25T00:00:00.000Z,1,2017-12-25T00:00:00.000Z,,,false,,,Drama; Crime,"Molly Bloom, a young skier and former Olympic hopeful becomes a successful entrepreneur (and a target of an FBI investigation) when she establishes a high-stakes, international poker game.",new york city; court; poker; gambling; bratva (russian mafia); olympic games; fbi; biography; arrest; based on true story; celebrity; trial; beating; lawyer; female protagonist,en,7.155,4086,6.8995,2275; 2291; 2313; 2321; 2370; 2371; 2381; 2428; 2576; 2749; 2759; 2768; 2771; 2898; 2977; 444808; 1194892; 3111; 3087; 813917,10220; 524; 64689; 47504; 2001; 1429; 2034; 9366; 243935; 14786; 186; 7304; 10337; 247; 1013601; 21219; 1607; 13641; 8052; 10861,Jacob's Ladder; Prime; Married to the Mob; Topaz; 15 Minutes,Jessica Chastain; Idris Elba; Kevin Costner; Michael Cera; Jeremy Strong,2017-12-07,141,Aaron Sorkin,,,,,2026-08-21,82,71,7.4,199224,0,1,0,0,8,51,Nominated for 1 Oscar. 8 wins & 51 nominations total,2026-08-21,false,,,80,95,81,77,82,You've loved 2 titles from director Aaron Sorkin before.
show:49011,Mom,2013,show,Watched,48704,tt2660806,49011,7,2021-05-06T00:00:00.000Z,170,1970-01-01T00:00:00.000Z,170,caught-up,false,,,Comedy; Drama,"Aan irreverent and outrageous take on true family love‐and dysfunction. Newly sober single mom Christy struggles to raise two children in a world full of temptations and pitfalls. Testing her sobriety is her formerly estranged mother, now back in Christy's life and eager to share passive-aggressive insights into her daughter's many mistakes.",california; dysfunctional family; family; recovering alcoholic; sitcom; alcoholic mother; mother daughter relationship,en,7.311,644,43.0259,61473; 2219; 2174; 2180; 2184; 2190; 2191; 2206; 2207; 2211; 2278; 2283; 2291; 2292; 2293; 2295; 2248; 2251; 2254; 2262,1693; 1566; 2191; 4241; 1530; 10118; 4239; 4589; 69017; 61381; 2586; 3308; 5911; 2398; 32962; 39354; 67117; 3690; 4599; 2016,Maude; One Day at a Time; 'Allo 'Allo!; The Loop; The War at Home,Allison Janney; Jaime Pressly; Mimi Kennedy; Kristen Johnston; Beth Hall,2013-09-23,23,Eddie Gorodetsky,,Ended,8,170,2026-08-21,,69,7.4,43439,0,0,2,0,13,45,Won 2 Primetime Emmys. 13 wins & 45 nominations total,2026-08-21,false,,,43,90,63,69,100,You've loved 1 title with Allison Janney before.
show:71446,Money Heist,2017,show,Watched,118572,tt6468322,71446,8,2021-12-03T00:00:00.000Z,41,1970-01-01T00:00:00.000Z,41,caught-up,false,,,Crime; Drama,"To carry out the biggest heist in history, a mysterious man called The Professor recruits a band of eight robbers who have a single characteristic: none of them has anything to lose. Five months of seclusion - memorizing every step, every detail, every probability - culminate in eleven days locked up in the National Coinage and Stamp Factory of Spain, surrounded by police forces and with dozens of hostages in their power, to find out whether their suicide wager will lead to everything or nothing.",stockholm syndrome; spain; perfect crime; robbery; professor; flashback; heist; sexual tension; bank robbery; hostage situation; tunnel; time jump,es,8.2,19639,29.0596,2305; 61260; 126660; 30430; 2366; 94167; 93972; 61839; 62099; 94696; 94837; 94830; 240692; 208591; 240975; 127651; 275277; 1414; 1437; 125949,218351; 209876; 64199; 61056; 132016; 156902; 308014; 285807; 236449; 72306; 67384; 87773; 231681; 153657; 104555; 100354; 85310; 227975; 277752; 74428,Professor T; Knock Out; The Witch's Diner; The Shield; We Own This City,Úrsula Corberó; Itziar Ituño; Álvaro Morte; Pedro Alonso; Miguel Herrán,2017-05-02,,Álex Pina,,Ended,3,41,2026-08-21,,80,8.2,604616,0,0,0,0,37,47,37 wins & 47 nominations total,2026-08-21,false,,,78,100,96,80,100,"Similar to The Shield and We Own This City, which you loved."
movie:60308,Moneyball,2011,movie,Watched,43154,tt1210166,60308,10,2026-08-21T14:52:26.000Z,1,2011-09-23T00:00:00.000Z,,,false,,,Drama,"The story of Oakland Athletics general manager Billy Beane's successful attempt to put together a baseball team on a budget, by employing computer-generated analysis to draft his players.","underdog; california; sports; baseball; based on true story; oakland, california; job transfer; oakland athletics; talent manager; statistics; 2000s; major league baseball (mlb); inspirational; sports industry",en,7.3,5921,8.2152,1009679; 4107; 263782; 4464; 4483; 814215; 1389137; 626332; 4133; 4169; 4383; 445456; 1195534; 1195100; 4195; 626901; 1567355; 4639; 4901; 1010338,1143508; 232679; 862557; 14534; 673309; 198185; 56601; 11170; 334531; 200505; 11393; 1144932; 878361; 627725; 11652; 21887; 759054; 115782; 38557; 220,Hard Miles; Bloody Sunday; The Lindbergh Kidnapping Case; Seabiscuit; The Return of Martin Guerre,Brad Pitt; Jonah Hill; Philip Seymour Hoffman; Robin Wright; Chris Pratt,2011-09-23,134,Bennett Miller,,,,,2026-08-21,94,87,7.6,504163,0,6,0,0,29,82,Nominated for 6 Oscars. 29 wins & 82 nominations total,2026-08-21,false,,,63,100,84,91,100,You've loved 1 title from director Bennett Miller before.
movie:376867,Moonlight,2016,movie,Watched,240880,tt4975722,376867,6,2016-10-21T00:00:00.000Z,1,2016-10-21T00:00:00.000Z,,,false,,,Drama,"The tender, heartbreaking story of a young man’s struggle to find himself, told across three defining chapters in his life as he experiences the ecstasy, pain, and beauty of falling in love, while grappling with his own sexuality.","drug dealer; high school; florida; drug abuse; miami, florida; parent child relationship; fight; homophobia; drug addiction; ghetto; restaurant; bullying; coming of age; male homosexuality; lgbt",en,7.356,7641,11.9813,1079803; 506364; 315696; 1627818; 1250007; 510391; 510315; 510495; 1084439; 73820; 73906; 510548; 510559; 876757; 1084611; 510589; 510607; 510610; 74018; 73652,394117; 9517; 458220; 451915; 1028196; 468; 499566; 3116; 84892; 84316; 50032; 524635; 371462; 641; 11703; 63287; 259695; 839369; 2742; 33762,My Own Private Idaho,Trevante Rhodes; André Holland; Janelle Monáe; Ashton Sanders; Jharrel Jerome,2016-10-21,111,Barry Jenkins,,,,,2026-08-21,98,99,7.4,349429,3,0,0,0,235,310,Won 3 Oscars. 235 wins & 310 nominations total,2026-08-21,false,,,55,100,87,99,100,Fits your taste for Drama.
show:70485,Mr. Mercedes,2017,show,Watched,118343,tt4354880,70485,8,2026-08-13T12:52:09.000Z,30,2019-11-13T03:58:00.000Z,30,caught-up,false,,,Mystery; Sci-Fi & Fantasy; Drama,"A demented serial killer taunts a retired police detective with a series of lurid letters and emails, forcing the ex-cop to undertake a private, and potentially felonious, crusade to bring the killer to justice before he can strike again.",based on novel or book; serial killer; intense,en,7.143,415,21.1388,61511; 2215; 305250; 305253; 2340; 240150; 94143; 276355; 276357; 94277; 94285; 94292; 61338; 2118; 61431; 305276; 126560; 126572; 126576; 30301,95839; 253372; 213306; 83685; 65784; 241372; 1386; 93784; 108181; 323411; 220801; 278178; 91962; 256711; 254013; 12832; 113036; 83135; 95396; 4346,Father Brown; Monarch of the Glen; Sarawat Mae Luk On; Koet Pen Ka; Fourever You,Brendan Gleeson; Jharrel Jerome; Holland Taylor; Breeda Wool; Justine Lupe,2017-08-09,,David E. Kelley,,Ended,3,30,2026-08-21,,72,7.7,37318,0,0,0,0,1,11,1 win & 11 nominations total,2026-08-21,false,,,72,90,58,72,13,You've loved 3 titles from creator David E. Kelley before.
show:62560,Mr. Robot,2015,show,Watched,93720,tt4158110,62560,9,2019-12-22T00:00:00.000Z,45,1970-01-01T00:00:00.000Z,45,caught-up,false,,,Crime; Drama,"A young programmer, Elliot, suffers from a debilitating anti-social disorder and decides that he can only connect to people by hacking them. He wields his skills as a weapon to protect the people that he cares about. Elliot finds himself in the intersection between a cybersecurity firm he works for and the underworld organizations that are recruiting him to bring down corporate America.",hacker; secret society; childhood trauma; psychological thriller; social anxiety; nature of reality,en,8.271,5517,37.8717,61459; 126698; 61863; 62097; 2397; 305591; 127022; 61986; 2634; 240692; 127527; 240920; 1405; 1407; 1411; 1426; 304372; 60293; 239618; 126254,93166; 42009; 64199; 100414; 81358; 61664; 245927; 68421; 287167; 75450; 1411; 10370; 158083; 72750; 216082; 95558; 3322; 225634; 66025; 135868,Parasyte -the maxim-; Bloodline; Dexter; Homeland; Luther,Rami Malek; Christian Slater; Carly Chaikin,2015-06-24,,Sam Esmail,,Ended,4,45,2026-08-21,,80,8.5,462430,0,0,3,0,23,86,Won 3 Primetime Emmys. 23 wins & 86 nominations total,2026-08-21,false,,,100,100,84,80,100,You've loved 1 title from creator Sam Esmail before.
show:197548,Mrs. Davis,2023,show,Watched,194750,tt14759574,197548,8,2023-06-08T00:00:00.000Z,8,1970-01-01T00:00:00.000Z,8,caught-up,false,,,Comedy; Drama; Sci-Fi & Fantasy,"Sister Simone partners with her ex-boyfriend on a globe-spanning journey to destroy Mrs. Davis, a powerful artificial intelligence.",holy grail; artificial intelligence (a.i.); nun; miniseries; candid; thoughtful; playful; cautionary; serene; dramatic; suspenseful; sentimental; witty; hilarious; cheerful,en,6.795,190,9.6554,124518; 124578; 124723; 124800; 124814; 274555; 814; 877; 886; 887; 1042; 59186; 59149; 29004; 206485; 206510; 303914; 238337; 238339; 206402,73411; 241554; 93784; 132188; 136738; 257519; 100883; 66573; 42009; 67198; 2566; 246992; 102621; 97645; 203413; 194704; 127948; 112581; 39373; 71915,More than Blue: The Series; Love & Death; Hornblower; Caprica; Space Race,Betty Gilpin; Jake McDorman; Andy McQueen,2023-04-20,,Tara Hernandez,,Ended,1,8,2026-08-21,,78,7.3,14445,0,0,0,1,1,8,Nominated for 1 Primetime Emmy. 1 win & 8 nominations total,2026-08-21,false,,,46,85,51,78,18,"Similar to Black Mirror, which you loved."
show:76178,My Next Guest Needs No Introduction With David Letterman,2018,show,Watched,126697,tt7829834,76178,10,2026-07-29T00:21:07.000Z,29,2025-12-16T08:49:00.000Z,29,caught-up,false,,,Talk; Comedy,Late-night TV legend David Letterman hosts an intimate talk show featuring insightful conversations and fun-filled excursions with notable figures.,talk show; interview; social commentary; late-night show; political; intimate; witty,en,7,74,7.4467,155; 44; 47; 259; 28327; 58058; 57978; 91147; 302; 319; 346; 498; 519; 236909; 28585; 273801; 724; 562; 909; 919,4573; 59717; 72025; 4787; 82193; 1915; 42021; 75127; 56590; 4419; 83519; 62238; 77076; 80730; 30072; 43822; 46653; 76345; 4546; 90877,3rd Rock from the Sun; American Dragon: Jake Long; Comedians in Cars Getting Coffee; The Larry Sanders Show; The Eric Andre Show,David Letterman,2018-01-12,,,,Returning Series,6,29,2026-08-21,,70,7.8,6488,0,0,1,0,2,9,Won 1 Primetime Emmy. 2 wins & 9 nominations total,2026-08-21,false,,,56,70,42,70,33,You've loved 1 title with David Letterman before.
show:63351,Narcos,2015,show,Watched,94630,tt2707408,63351,9,2017-09-01T00:00:00.000Z,30,1970-01-01T00:00:00.000Z,30,caught-up,false,,,Crime; Drama,A gritty chronicle of the war against Colombia's infamously violent and powerful drug cartels.,cocaine; drug dealer; outlaw; based on true story; drug cartel; conflict; drugs; drug lord; illegal drugs; dea; narcotics; angry; cartel; 1980s; escobar,en,8.078,3406,37.481,124548; 92137; 238251; 238253; 124800; 92391; 900; 92369; 92246; 59504; 59579; 59648; 274978; 1180; 92739; 92443; 238549; 1104; 92602; 206674,80968; 66676; 137893; 247718; 262280; 71694; 85021; 194764; 1396; 95439; 211169; 119845; 54650; 262388; 101591; 1414; 66025; 287238; 204490; 255570,The Temptation Of Happiness; ZeroZeroZero; Segunda muerte; El dentista; Love & Death,Pedro Pascal; Matias Varela; Damián Alcázar; Francisco Denis; Alberto Ammann,2015-08-28,,Chris Brancato,,Ended,3,30,2026-08-21,,77,8.7,522089,0,0,0,3,8,22,Nominated for 3 Primetime Emmys. 8 wins & 22 nominations total,2026-08-21,false,,,100,95,79,77,62,You've loved 1 title from creator Chris Brancato before.
show:80968,Narcos: Mexico,2018,show,Watched,136732,tt8714904,80968,8,2021-11-05T00:00:00.000Z,30,1970-01-01T00:00:00.000Z,30,caught-up,false,,,Drama; Crime,See the rise of the Guadalajara Cartel as an American DEA agent learns the danger of targeting narcos in 1980s Mexico.,corruption; mexico; cocaine; tiger; usa–mexico border; based on true story; drug cartel; marijuana; mariachi; drug lord; dea; 1980s; dark; narcos; el chapo,en,7.9,1533,23.4798,277387; 277404; 277406; 2929; 95341; 241372; 241194; 208921; 208932; 241259; 241279; 241257; 241363; 62301; 62458; 62459; 306142; 306213; 306235; 240942,63351; 137893; 1396; 66676; 262388; 71694; 194764; 101591; 128904; 95439; 211169; 262280; 54650; 66025; 119845; 287238; 71715; 64199; 1425; 286709,Ramona; The Dangerous Affair; Obsessed; Time Bomb 9/11; Shantaram,Scoot McNairy; José María Yázpik; Alejandro Edda; Luis Gerardo Méndez; Matt Letscher,2018-11-16,,Chris Brancato,,Ended,3,30,2026-08-21,,80,8.3,100243,0,0,0,0,4,15,4 wins & 15 nominations total,2026-08-21,false,,,91,95,71,80,23,You've loved 1 title from creator Chris Brancato before.
show:58957,Nathan for You,2013,show,Watched,69722,tt2297757,58957,8,2026-07-29T00:23:34.000Z,31,2017-11-10T04:24:00.000Z,31,caught-up,false,,,Comedy; Documentary,"Self-proclaimed business expert, writer, director and comedian Nathan Fielder helps real small businesses turn a profit with marketing tactics that no ordinary consultant would dare to attempt. From driving foot traffic to an off-the-strip souvenir shop by using Hollywood flair and a Johnny Depp impersonator, to creating a rebate that can only be redeemed by climbing a mountain, to founding a coffee shop called ""Dumb Starbucks,” Nathan has always gone to the limit to make his ideas come to life. With his unorthodox approach to problem solving, Nathan’s genuine efforts to do good often draw the real people he encounters into an experience far beyond what they signed up for.",prank; mockumentary; cringe,en,8.237,321,6.2445,277438; 241356; 2996; 62611; 209100; 62815; 3111; 63032; 306520; 3138; 31375; 57980; 214; 273408; 479; 237466; 205798; 58557; 59186; 908,204284; 243; 14188; 110971; 15826; 83109; 102905; 316898; 69763; 238179; 226135; 88401; 216315; 318880; 76307; 316992; 283367; 320472; 236406; 71373,Office Joe; The Office; The Rehearsal; How To with John Wilson,Nathan Fielder,2013-02-28,21,Nathan Fielder,,Ended,4,31,2026-08-21,,90,8.9,49289,0,0,0,0,3,7,3 wins & 7 nominations total,2026-08-21,false,,,50,90,56,90,13,Fits your taste for Comedy / Documentary.
show:1420,New Girl,2011,show,Watched,1411,tt1826940,1420,8,2026-07-29T00:26:30.000Z,146,2018-05-16T01:52:00.000Z,146,caught-up,false,,,Comedy,"Jessica Day is an offbeat and adorable girl in her late 20s who, after a bad breakup, moves in with three single guys. Goofy, positive, vulnerable and honest to a fault, Jess has faith in people, even when she shouldn't. Although she's dorky and awkward, she's comfortable in her own skin. More prone to friendships with women, she's not used to hanging with the boys—especially at home.",roommates; friends; apartment building; group of friends; twenty something; sitcom,en,7.351,1716,48.6768,61499; 2219; 2174; 2180; 2184; 2190; 2191; 2206; 2207; 2211; 2283; 2291; 2292; 2295; 2248; 2251; 2262; 2269; 2331; 2339,2686; 32829; 40505; 2755; 61725; 4454; 33; 1418; 1786; 39331; 115; 75; 1869; 62819; 4438; 4238; 2730; 42272; 32294; 634,Maude; One Day at a Time; 'Allo 'Allo!; The Loop; The War at Home,Zooey Deschanel; Jake Johnson; Max Greenfield; Lamorne Morris; Hannah Simone,2011-09-20,22,Elizabeth Meriwether,,Ended,7,146,2026-08-21,,67,7.8,261736,0,0,0,5,11,85,Nominated for 5 Primetime Emmys. 11 wins & 85 nominations total,2026-08-21,false,,,47,95,72,67,100,You've loved 1 title with Lamorne Morris before.
movie:6977,No Country for Old Men,2007,movie,Watched,3798,tt0477348,6977,9,2026-08-21T15:16:24.000Z,1,2007-11-09T00:00:00.000Z,,,false,,,Crime; Thriller; Western,"Llewelyn Moss stumbles upon dead bodies, $2 million and a hoard of heroin in a Texas desert, but methodical killer Anton Chigurh comes looking for it, with local sheriff Ed Tom Bell hot on his trail. The roles of prey and predator blur as the violent pursuit of money and justice collide.",vietnam veteran; sheriff; trailer park; based on novel or book; hitman; psychopath; drug trafficking; texas; motel; usa–mexico border; drug cartel; fate; desert; modern-day western; neo-western,en,7.949,13641,20.1594,69163; 69165; 315636; 69321; 69409; 315829; 73840; 73861; 319221; 876802; 510698; 319287; 74026; 691018; 74198; 74215; 510242; 73529; 318922; 73567,504172; 20287; 843380; 395817; 1433719; 12146; 31283; 1293162; 27331; 76640; 8398; 9333; 1293286; 1082195; 12690; 1480; 754452; 500682; 152748; 64689,The Clairvoyant; Pretty Maids All in a Row; Aalwar; A Serbian Film; Fantômas,Javier Bardem; Tommy Lee Jones; Josh Brolin; Woody Harrelson; Kelly Macdonald,2007-11-09,122,Joel Coen,,,,,2026-08-21,93,92,8.2,1177271,4,0,0,0,165,139,Won 4 Oscars. 165 wins & 139 nominations total,2026-08-21,false,,,79,100,92,93,100,You've loved 1 title from director Joel Coen before.
movie:615457,Nobody,2021,movie,Watched,458837,tt7888964,615457,7,2021-03-26T00:00:00.000Z,1,2021-03-26T00:00:00.000Z,,,false,,,Action; Thriller,"Hutch Mansell, a suburban dad, overlooked husband, nothing neighbor — a ""nobody."" When two thieves break into his home one night, Hutch's unknown long-simmering rage is ignited and propels him on a brutal path that will uncover dark secrets he fought to leave behind.",assassin; double life; midlife crisis; bratva (russian mafia); secret organization; thief; one man army; home invasion; family; brawl; duringcreditsstinger; hidden past; gunfights; violent retaliation; family protection,en,7.867,8599,15.2797,438; 479; 500; 507; 572; 575; 682; 617; 699; 787; 1005860; 442249; 657; 658; 660; 680; 681; 646; 260346; 24,21407; 8374; 10431; 9569; 7516; 395990; 186; 14172; 534490; 3432; 538207; 59; 696822; 13054; 325348; 10394; 630586; 27342; 71677; 14362,Cube Zero; Shaft; Killing Zoe; The Experiment; The Man with the Golden Gun,Bob Odenkirk; Aleksey Serebryakov; Connie Nielsen; Christopher Lloyd; Michael Ironside,2021-03-18,91,Ilya Naishuller,Nobody Collection,,,,2026-08-21,83,64,7.4,391880,0,0,0,0,5,18,5 wins & 18 nominations total,2026-08-21,false,,,56,100,88,74,28,You've loved 1 title with Bob Odenkirk before.
show:250923,Nobody Wants This,2024,show,Watched,233797,tt26933824,250923,8,2025-10-22T00:00:00.000Z,20,1970-01-01T00:00:00.000Z,20,caught-up,false,,,Comedy; Drama,"An agnostic sex podcaster and a newly single rabbi fall in love, but can their relationship survive their wildly different lives and meddling families?","rabbi; romcom; romance; los angeles, california; opposites attract; agnostic; podcaster; heartfelt; offbeat; romantic",en,7.32,291,21.5331,61492; 61459; 207907; 207961; 207965; 207976; 61512; 208060; 208067; 2179; 2213; 2279; 2268; 208115; 305248; 305250; 208133; 208146; 305253; 208155,53606; 126914; 105; 100883; 197373; 42032; 4546; 116450; 227139; 64254; 63161; 203614; 154385; 99610; 133342; 70964; 61118; 119181; 61871; 226285,"Parasyte -the maxim-; Scent of Love; Quincy, M.E.; Stand Up!!; Relativity",Kristen Bell; Adam Brody; Justine Lupe; Timothy Simons; Jackie Tohn,2024-09-26,,Erin Foster,,Returning Series,3,30,2026-08-21,,69,7.7,81339,0,0,0,3,4,43,Nominated for 3 Primetime Emmys. 4 wins & 43 nominations total,2026-08-21,false,,,65,90,55,69,75,"Similar to Love and Curb Your Enthusiasm, which you loved."
movie:581734,Nomadland,2021,movie,Watched,430483,tt9770150,581734,7,2020-12-04T00:00:00.000Z,1,2020-12-04T00:00:00.000Z,,,false,,,Drama,"A woman in her sixties embarks on a journey through the western United States after losing everything in the Great Recession, living as a van-dwelling modern-day nomad.",factory worker; van; based on novel or book; nevada; recession; homelessness; road trip; unemployment; recreational vehicle; road movie; death of husband; western usa; woman director; nomad; reflective,en,7.159,3446,5.3843,445201; 263341; 263358; 263371; 263442; 3875; 3877; 263569; 1009679; 813845; 4049; 4193; 263794; 263799; 263815; 263819; 263821; 263837; 263838; 263855,596; 1241983; 51802; 1947; 655; 1127625; 615643; 14168; 345938; 3877; 581; 32395; 404; 57120; 1956; 403; 42701; 1217690; 374473; 1402,Things We Lost in the Fire; Hard Miles,Frances McDormand; David Strathairn; Linda May; Swankie; Gay DeForest,2021-01-29,108,Chloé Zhao,,,,,2026-08-21,93,87,7.3,216384,3,0,0,0,253,155,Won 3 Oscars. 253 wins & 155 nominations total,2026-08-21,false,,,51,95,79,90,100,Fits your taste for Drama.
show:89905,Normal People,2020,show,Watched,154829,tt9059760,89905,8,2020-04-29T00:00:00.000Z,12,1970-01-01T00:00:00.000Z,12,caught-up,false,,,Drama,"Marianne and Connell weave in and out of each other's lives in this exploration of sex, power and the desire to love and be loved.","based on novel or book; small town; dublin, ireland; high school; rich woman poor man; romance; coming of age; university; ireland; first love; opposites attract; bittersweet; heartfelt; psychological drama; frustrated",en,8.119,1373,13.5731,208883; 277369; 277404; 277406; 95341; 95344; 95346; 241372; 208906; 208913; 208921; 208923; 208931; 277439; 277414; 277415; 241275; 241257; 241348; 241361,199001; 194766; 240667; 260592; 107365; 88324; 51537; 130842; 250988; 273240; 207717; 87049; 211180; 116761; 241257; 108171; 248394; 72787; 90399; 131142,The Investigator; The Moon on a Rainy Night; The Dangerous Affair; Obsessed; Shantaram,Paul Mescal; Daisy Edgar-Jones,2020-04-26,30,,,Ended,1,12,2026-08-21,,82,8.4,107750,0,0,0,4,18,50,Nominated for 4 Primetime Emmys. 18 wins & 50 nominations total,2026-08-21,false,,,55,80,70,82,100,You've loved 1 title with Paul Mescal before.
movie:1214931,Nuremberg,2025,movie,Watched,979297,tt29567915,1214931,6,2026-08-21T14:26:49.000Z,1,2025-11-07T00:00:00.000Z,,,false,,,History; Drama,"In postwar Germany, an American psychiatrist must determine whether Nazi prisoners are fit to go on trial for war crimes, and finds himself in a complex battle of intellect and ethics with Hermann Göring, Hitler's right-hand man.","based on novel or book; world war ii; nuremberg trials; based on true story; nuremberg, germany; post world war ii; historical drama; 1940s; hermann göring",en,7.595,1343,16.2294,49225; 49249; 1429715; 1232827; 49391; 49360; 486946; 1057006; 299416; 1429922; 1429926; 853842; 853869; 853872; 854037; 854040; 49502; 1429912; 853888; 854007,1443940; 1419826; 12900; 15192; 31169; 493551; 424; 491926; 96399; 848439; 25318; 13922; 16241; 615115; 15497; 832964; 13935; 289222; 18516; 686548,Age of Consent; Kill Your Darlings; So Evil My Love; Twelve O'Clock High,Rami Malek; Russell Crowe; Michael Shannon; Leo Woodall; John Slattery,2025-11-06,149,James Vanderbilt,,,,,2026-08-21,72,61,7.4,84314,0,0,0,0,4,17,4 wins & 17 nominations total,2026-08-21,false,,,65,95,70,67,25,You've loved 1 title with Rami Malek before.
movie:1339713,Obsession,2026,movie,Watched,1095879,tt37287335,1339713,10,2026-08-21T15:27:00.000Z,1,2026-05-15T00:00:00.000Z,,,false,,,Horror; Thriller,"After breaking the mysterious ""One Wish Willow"" to win his crush's heart, a hopeless romantic finds himself getting exactly what he asked for but soon discovers that some desires come at a dark, sinister price.",obsession; supernatural; possession; wish; unrequited love; couple; absurdism; self-harm; supernatural horror; psychological; independent film; psychological horror; cursed object; bewildered,en,8.229,4886,235.136,466; 467; 482; 565; 561; 694; 1192411; 745; 766; 791; 811592; 1192496; 442152; 623504; 622; 653; 680; 1192794; 260266; 77,24740; 814889; 1483; 930600; 426063; 1368314; 91586; 632357; 882598; 11033; 1251717; 23827; 460885; 1160003; 345911; 1426297; 1063877; 423108; 571384; 9003,Shaft; Constantine; One Shot; Pulp Fiction; The Entity,Michael Johnston; Inde Navarrette; Cooper Tomlinson; Megan Lawless; Andy Richter,2026-05-13,109,Curry Barker,,,,,2026-08-21,94,77,7.9,291494,0,0,0,0,7,15,7 wins & 15 nominations total,2026-08-21,false,,,71,95,82,86,29,You've loved 1 title from director Curry Barker before.
movie:11635,Old School,2003,movie,Watched,6711,tt0302886,11635,10,2026-08-21T14:12:35.000Z,1,2003-02-21T00:00:00.000Z,,,true,,,Comedy,Three friends attempt to recapture their glory days by opening up a fraternity near their alma mater.,infidelity; group sex; college; male friendship; beer; fraternity; dean; sex doll; streaking; mouth to mouth resuscitation; wild party,en,6.619,2174,9.868,49466; 49584; 297336; 49981; 1430362; 53117; 53532; 53685; 53358; 1238954; 56374; 56153; 305391; 56837; 1437175; 281229; 833591; 28387; 28692; 1213812,8469; 295699; 9285; 325133; 1511057; 949838; 107811; 296100; 1008953; 1052280; 595931; 16094; 505600; 8386; 1398050; 146304; 187017; 12309; 14425; 1493859,Goodbye Lover; Everybody Wants Some!!; Neighbors 2: Sorority Rising; 21 & Over; Incoming,Luke Wilson; Will Ferrell; Vince Vaughn; Jeremy Piven; Ellen Pompeo,2003-02-21,92,Todd Phillips,,,,,2026-08-21,60,54,7,255772,0,0,0,0,0,0,5 nominations total,2026-08-21,false,,,45,95,75,57,0,You've loved 1 title from director Todd Phillips before.
movie:466272,Once Upon a Time... in Hollywood,2019,movie,Watched,313464,tt7131622,466272,8,2019-07-26T00:00:00.000Z,1,2019-07-26T00:00:00.000Z,,,false,,,Comedy; Drama; Thriller,"Los Angeles, 1969. TV star Rick Dalton, a struggling actor specializing in westerns, and stuntman Cliff Booth, his best friend, try to survive in a constantly changing movie industry. Dalton is the neighbor of the young and promising actress and model Sharon Tate, who has just married the prestigious Polish director Roman Polanski…","movie business; male friendship; cult; based on true story; celebrity; fame; hollywood; los angeles, california; historical fiction; period drama; buddy; filmmaking; struggling actor; satanic cult; revisionist history",en,7.419,15117,17.6317,4951; 4959; 4995; 4997; 5002; 1009679; 446120; 3526; 3558; 264139; 4348; 445583; 626743; 445629; 1195342; 626332; 4964; 4982; 264999; 4781,528888; 188222; 371638; 290; 4995; 680; 581600; 615777; 74306; 106646; 379; 920125; 52936; 22021; 537996; 1359; 436288; 82682; 1037113; 629,"Wonderland; Hard Miles; Frances; Girl, Interrupted; Flamin' Hot",Leonardo DiCaprio; Brad Pitt; Margot Robbie; Emile Hirsch; Margaret Qualley,2019-07-24,162,Quentin Tarantino,Once Upon a Time... in Hollywood Collection,,,,2026-08-21,86,84,7.6,959546,2,0,0,0,148,378,Won 2 Oscars. 148 wins & 378 nominations total,2026-08-21,false,,,61,100,93,85,100,You've loved 1 title with Leonardo DiCaprio before.
movie:1054867,One Battle After Another,2025,movie,Watched,848797,tt30144839,1054867,9,2025-09-26T00:00:00.000Z,1,2025-09-26T00:00:00.000Z,,,false,,,Thriller; Crime; Comedy,"Washed-up revolutionary Bob exists in a state of stoned paranoia, surviving off-grid with his spirited, self-reliant daughter, Willa. When his evil nemesis resurfaces after 16 years and she goes missing, the former radical scrambles to find her, father and daughter both battling the consequences of his past.",rebellion; based on novel or book; resistance; usa–mexico border; riot; interracial relationship; on the run; xenophobia; aftercreditsstinger; missing daughter; white supremacy; anti-fascism; father daughter relationship; revolutionaries; african american,en,7.339,4113,26.5546,49225; 49302; 1429715; 486935; 1608020; 49502; 49519; 49530; 299474; 1233122; 49691; 487297; 49332; 49334; 49712; 47003; 297171; 46911; 46927; 47157,1196573; 798362; 413846; 625568; 801335; 393; 1007427; 1245993; 127521; 479; 11896; 30941; 20411; 346685; 497814; 1128377; 574060; 878183; 27004; 273481,Age of Consent; Kill Your Darlings; Siltalan pehtoori; So Evil My Love; The Croods,Leonardo DiCaprio; Sean Penn; Chase Infiniti; Benicio del Toro; Regina Hall,2025-09-23,162,Paul Thomas Anderson,,,,,2026-08-21,94,95,7.7,397927,6,0,0,0,282,495,Won 6 Oscars. 282 wins & 495 nominations total,2026-08-21,false,,,89,95,81,95,100,You've loved 1 title from director Paul Thomas Anderson before.
show:240667,One Day,2024,show,Watched,216038,tt16283804,240667,8,2024-02-08T00:00:00.000Z,14,1970-01-01T00:00:00.000Z,14,caught-up,false,,,Drama,"After spending graduation night together, Emma and Dexter go their separate ways — but their lives remain intertwined.",based on novel or book; romance; miniseries; bittersweet; intimate,en,7.686,325,10.309,58726; 886; 887; 896; 899; 28913; 1024; 205874; 274230; 274285; 274260; 205988; 29117; 29063; 91538; 206118; 206057; 91630; 91586; 91565,285739; 223313; 99747; 273240; 118947; 108181; 199001; 123192; 207717; 72787; 61816; 248416; 95556; 323903; 2595; 109377; 260592; 241372; 253376; 89905,Space Race; Romance in the Alley; The Jazz Age; Obsession; Conversations with Friends,Ambika Mod; Leo Woodall,2024-02-08,,Nicole Taylor,,Ended,1,14,2026-08-21,,,8,61338,0,0,0,0,5,17,Nominated for 3 BAFTA 5 wins & 17 nominations total,2026-08-21,false,,,44,90,56,,27,Fits your taste for Drama.
movie:872585,Oppenheimer,2023,movie,Watched,698292,tt15398776,872585,10,2023-07-21T00:00:00.000Z,1,2023-07-21T00:00:00.000Z,,,false,,,Drama; History,The story of J. Robert Oppenheimer's role in the development of the atomic bomb during World War II.,husband wife relationship; based on novel or book; atomic bomb; patriotism; new mexico; world war ii; atomic bomb test; physics; biography; based on true story; antisemitism; interrogation; guilt; historical event; nuclear weapons,en,8.023,12282,43.4333,1389255; 4946; 4958; 4995; 4997; 5000; 5001; 4973; 4975; 5062; 446104; 1009679; 446112; 446132; 3526; 3538; 3558; 264099; 3573; 3594,16850; 24559; 10176; 38199; 1214931; 600583; 340613; 467952; 326285; 660353; 644583; 15497; 301502; 1419826; 347629; 17365; 1026880; 466420; 10435; 13813,Wonderland; Before Night Falls; Under the Sand; Love Is the Devil: Study for a Portrait of Francis Bacon; Hard Miles,Cillian Murphy; Emily Blunt; Matt Damon; Robert Downey Jr.; Florence Pugh,2023-07-19,181,Christopher Nolan,,,,,2026-08-21,93,90,8.2,1024033,7,0,0,0,370,378,Won 7 Oscars. 370 wins & 378 nominations total,2026-08-21,false,,,83,100,91,92,100,You've loved 2 titles from director Christopher Nolan before.
show:109939,Our Flag Means Death,2022,show,Watched,168238,tt11000902,109939,8,2023-11-21T00:00:00.000Z,18,1970-01-01T00:00:00.000Z,18,caught-up,false,,,Comedy; Action & Adventure; Drama,"After trading in the seemingly charmed life of a gentleman for one of a swashbuckling buccaneer, Stede Bonnet becomes captain of the pirate ship Revenge. Struggling to earn the respect of his potentially mutinous crew, Stede’s fortunes change after a fateful run-in with the infamous Captain Blackbeard. Stede and crew attempt to get their ship together and survive life on the high seas.",romcom; pirate; period drama; swashbuckler; 18th century,en,7.527,364,12.5931,61498; 208067; 208155; 276349; 61379; 61431; 61444; 61457; 61534; 30295; 94000; 239993; 305455; 94167; 276525; 61679; 240437; 240445; 240411; 61567,47665; 271855; 222766; 219760; 126914; 96734; 120911; 95439; 68006; 236235; 117327; 72710; 1412; 94244; 114922; 63333; 247732; 71663; 156390; 272418,The Great Fire; Black Sails; The Day of the Jackal; The Terminal List: Dark Wolf; With Love,Rhys Darby; Taika Waititi; Ewen Bremner; Joel Fry; Samson Kayo,2022-03-03,,David Jenkins,,Canceled,2,18,2026-08-21,,72,7.8,46687,0,0,0,0,3,24,3 wins & 24 nominations total,2026-08-21,false,,,43,90,57,72,30,Fits your taste for Comedy / Drama.
show:113985,Outer Range,2022,show,Watched,170118,tt11685912,113985,4,2026-08-13T13:32:22.000Z,15,2024-05-17T01:01:00.000Z,15,caught-up,false,,,Drama; Mystery; Sci-Fi & Fantasy,"A rancher fighting for his land and family stumbles upon an unfathomable mystery at the edge of Wyoming’s wilderness, forcing a confrontation with the Unknown in ways both intimate and cosmic in the untamable American West.","wyoming, usa; wilderness; time travel; time hole; time loop; multiple time frames; family feud; land war; alternative reality; anomaly; buffalo herd; land struggle; parallel universe; rancher",en,6.885,417,11.5195,2973; 62693; 62643; 62783; 95717; 306481; 277762; 241560; 62715; 3137; 62911; 95826; 95842; 128107; 127973; 3184; 95851; 209238; 209477; 128319,124364; 53425; 67683; 103768; 248852; 86382; 43020; 93784; 112581; 50825; 128839; 1920; 69061; 247721; 1705; 79240; 60948; 79680; 21561; 95396,DC's Legends of Tomorrow; Babylon 5; FROM; Tales from the Loop; La Brea,Josh Brolin; Imogen Poots; Lili Taylor; Tom Pelphrey; Tamara Podemski,2022-04-14,,Brian Watkins,,Canceled,2,15,2026-08-21,,63,7.1,45635,0,0,0,0,0,0,N/A,2026-08-21,false,,,57,90,59,63,0,You've loved 4 titles with Josh Brolin before.
show:3322,Oz,1997,show,Watched,3300,tt0118421,3322,10,2026-07-29T01:19:58.000Z,56,2003-02-24T03:38:00.000Z,56,caught-up,false,,,Crime; Drama,"The daily lives of prisoners in Emerald City, an experimental unit of the Oswald Maximum Security Prison where ingroups - Muslims, Latinos, Italians, Aryans - stick close to their mutual friends and terrorize their mutual enemies.",prison; experiment; dystopia; revenge; betrayal; racism; drugs; inmate; catholicism; aryan; prison life; abuse of power,en,8.051,866,40.9264,2204; 2288; 240085; 276357; 61306; 240060; 240067; 305294; 2364; 2366; 94112; 61374; 305347; 305377; 276270; 94384; 276525; 276609; 276618; 61611,44856; 67744; 158083; 4275; 39852; 2288; 72039; 97951; 119845; 39358; 62560; 62858; 40008; 156473; 278178; 60708; 66276; 71694; 66025; 121710,Brotherhood; Prison Break; Out There; The Dark Crown; Wentworth,Lee Tergesen; Harold Perrineau; Dean Winters; Eamonn Walker; Ernie Hudson,1997-07-12,60,Tom Fontana,,Ended,6,56,2026-08-21,,73,8.7,115936,0,0,0,2,16,56,Nominated for 2 Primetime Emmys. 16 wins & 56 nominations total,2026-08-21,false,,,100,90,66,73,100,You've loved 1 title from creator Tom Fontana before.
show:69740,Ozark,2017,show,Watched,119913,tt5071412,69740,8,2022-04-29T00:00:00.000Z,44,1970-01-01T00:00:00.000Z,44,caught-up,false,,,Crime; Drama,"A financial adviser drags his family from Chicago to the Missouri Ozarks, where he must launder $500 million in five years to appease a drug boss.",money laundering; investigation; missouri; drug cartel; biting; kingpin; ozarks; bearer bonds; financial advisor; fbi agent; financial investor; bold,en,8.198,2878,33.1067,208883; 208906; 277488; 127865; 95041; 62459; 127948; 240942; 127896; 95467; 95485; 95558; 62983; 62984; 306625; 209001; 62727; 3050; 62933; 128095,66676; 1409; 76231; 1438; 54650; 101591; 71715; 119845; 194764; 97951; 61859; 1436; 66310; 287238; 249039; 262280; 46952; 45094; 97890; 278624,The Investigator; The Chestnut Man; The Stranded; 1992; Doubt,Jason Bateman; Laura Linney; Sofia Hublitz; Skylar Gaertner; Julia Garner,2017-07-21,,Bill Dubuque,,Ended,4,44,2026-08-21,,69,8.4,387946,0,0,4,0,24,176,Won 4 Primetime Emmys. 24 wins & 176 nominations total,2026-08-21,false,,,74,95,77,69,100,"Similar to Sons of Anarchy and The Wire, which you loved."
show:110382,Pachinko,2022,show,Watched,153532,tt8888462,110382,8,2024-10-11T00:00:00.000Z,16,1970-01-01T00:00:00.000Z,16,caught-up,false,,,Drama,This sweeping saga chronicles the hopes and dreams of a Korean immigrant family across four generations as they leave their homeland in an indomitable quest to survive and thrive.,"gambling; based on novel or book; immigrant; family history; melancholy; osaka, japan; east asian lead; nostalgic; immigrant family; korean american; busan, south korea; japanese occupation of korea; zainichi; korean; serious",en,7.9,268,14.4843,896; 28913; 1024; 274260; 29063; 206118; 91586; 28672; 273866; 273941; 274047; 124067; 303572; 918; 799; 29004; 91470; 29055; 206037; 237475,259702; 67136; 90399; 66025; 1274; 139628; 80335; 73607; 39852; 64199; 126118; 80968; 71715; 67679; 72844; 227114; 199001; 93716; 61986; 2595,Romance in the Alley; The Jazz Age; Winning Time: The Rise of the Lakers Dynasty; Sherlock Holmes; Ambitions,Youn Yuh-jung; Soji Arai; Jin Ha; Jung Eun-chae; Kim Min-ha,2022-03-24,,Soo Hugh,,Canceled,2,16,2026-08-21,,87,8.4,16684,0,0,0,3,15,24,Nominated for 3 Primetime Emmys. 15 wins & 24 nominations total,2026-08-21,false,,,63,90,54,87,78,"Similar to Six Feet Under, which you loved."
show:158083,Painkiller,2023,show,Watched,184898,tt11816814,158083,8,2026-07-29T00:49:50.000Z,6,2023-08-10T08:00:00.000Z,6,caught-up,false,,,Drama; Crime,"The causes and consequences of America's opioid epidemic unfold in this drama following its perpetrators, victims and an investigator seeking the truth.",,en,7.213,218,7.2867,,100414; 2850; 86588; 67384; 241372; 213306; 119845; 287238; 226174; 4170; 10370; 126167; 138108; 262352; 156473; 280511; 278178; 220801; 64836; 64199,Goliath; 56 Days; Cross; Power Book IV: Force; Furious,Uzo Aduba; Matthew Broderick; Taylor Kitsch; Dina Shihabi; West Duchovny,2023-08-10,,,,Ended,1,6,2026-08-21,,56,7.4,34374,0,0,0,0,2,4,2 wins & 4 nominations total,2026-08-21,false,,,58,75,52,56,8,You've loved 1 title with Taylor Kitsch before.
show:114925,Pam & Tommy,2022,show,Watched,171029,tt13659418,114925,7,2022-03-09T00:00:00.000Z,8,1970-01-01T00:00:00.000Z,8,caught-up,false,,,Comedy; Drama,This comedic series takes on the true story behind the release of the first ever viral video in history — the sex tape of Pamela Anderson and Tommy Lee.,based on true story; biting; sex tape; celebrity sextape; 1990s,en,7.203,318,8.1065,124800; 29117; 59504; 59579; 274978; 92443; 124861; 1358; 238814; 60042; 92785; 206706; 206903; 93168; 1424; 207411; 207418; 93536; 304842; 60772,197373; 97084; 1229; 118303; 81356; 92628; 900; 247767; 105; 58937; 243861; 71199; 33922; 76345; 116450; 246246; 130567; 211; 46157; 67697,"Love & Death; Tim and Eric Awesome Show, Great Job!; Minx; Skins; The Studio",Lily James; Sebastian Stan; Seth Rogen; Nick Offerman; Taylor Schilling,2022-02-02,,Robert D. Siegel,,Ended,1,8,2026-08-21,,70,7.2,42995,0,0,1,0,9,37,Won 1 Primetime Emmy. 9 wins & 37 nominations total,2026-08-21,false,,,45,90,56,70,75,You've loved 1 title with Seth Rogen before.
show:245927,Paradise,2025,show,Watched,225096,tt27444205,245927,10,2026-07-29T00:12:24.000Z,16,1970-01-01T00:00:00.000Z,16,caught-up,true,,,Crime; Drama,"The tranquility in a serene, wealthy community inhabited by some of the world's most prominent individuals explodes when a shocking murder occurs and a high stakes investigation unfolds.",usa president; post-apocalyptic future; murder; flashback; u.s. secret service agent; isolated community; science fiction; thriller; intense,en,7.511,514,40.4619,277316; 277387; 277404; 277406; 2929; 241315; 241372; 95302; 241194; 208932; 241279; 241257; 241363; 95272; 31331; 127651; 127865; 306142; 306235; 306352,245219; 1973; 222766; 129552; 262352; 287238; 158083; 256317; 61859; 213306; 71146; 155533; 86588; 113962; 216082; 111800; 220801; 62560; 108978; 1425,Cold Case Files: The Grim Sleeper; Ramona; The Dangerous Affair; Obsessed; Time Bomb 9/11,Sterling K. Brown; Julianne Nicholson; Sarah Shahi; Nicole Brydon Bloom; Krys Marshall,2025-01-26,,Dan Fogelman,,Returning Series,2,16,2026-08-21,,,7.9,75840,0,0,0,4,10,31,Nominated for 4 Primetime Emmys. 10 wins & 31 nominations total,2026-08-21,false,,,92,90,61,,83,You've loved 1 title from creator Dan Fogelman before.
movie:496243,Parasite,2019,movie,Watched,343180,tt6751668,496243,9,2019-10-11T00:00:00.000Z,1,2019-10-11T00:00:00.000Z,,,false,,,Comedy; Thriller; Drama,"All unemployed, Ki-taek's family takes peculiar interest in the wealthy and glamorous Parks for their livelihood until they get entangled in an unexpected incident.","dark comedy; con artist; social commentary; working class; infiltration; psychological thriller; class differences; family; unemployed; domestic worker; wealthy family; south korea; introspective; caste violence; seoul, south korea",ko,8.491,21131,36.7441,1565807; 1565990; 2355; 2433; 2449; 2457; 625579; 2527; 2576; 2757; 2769; 1008163; 2897; 2977; 1008246; 1194778; 1387954; 3112; 3092; 444372,1161617; 639988; 27834; 480001; 12520; 601666; 646376; 973628; 829774; 41479; 157099; 59058; 1077280; 467905; 37094; 402897; 473033; 395458; 32075; 1056360,Mountain King; We Die Alone; This Man Must Die; Around the World in 80 Days; Table Top Shots,Song Kang-ho; Lee Sun-kyun; Cho Yeo-jeong; Choi Woo-shik; Park So-dam,2019-05-30,133,Bong Joon Ho,,,,,2026-08-21,99,97,8.5,1148210,4,0,0,0,309,261,Won 4 Oscars. 309 wins & 261 nominations total,2026-08-21,false,,,82,100,97,98,100,You've loved 1 title from director Bong Joon Ho before.
show:8592,Parks and Recreation,2009,show,Watched,8546,tt1266020,8592,9,2015-02-24T00:00:00.000Z,122,1970-01-01T00:00:00.000Z,122,caught-up,false,,,Comedy,"In an attempt to beautify her town — and advance her career — Leslie Knope, a mid-level bureaucrat in the Parks and Recreation Department of Pawnee, Indiana, takes on bureaucrats, cranky neighbors, and single-issue fanatics whose weapons are lawsuits, the jumble of city codes, and the democratic process she loves so much.","indiana, usa; politics; satire; female protagonist; mockumentary; employer employee relationship; political satire; office romance; sitcom; workplace comedy",en,8.041,1892,52.8099,2219; 2174; 2180; 2184; 2187; 2190; 2191; 2197; 2206; 2207; 2211; 2283; 2291; 2292; 2295; 2248; 2251; 2262; 2269; 2331,251941; 71209; 4546; 112211; 244623; 2947; 69555; 60783; 57815; 4507; 33922; 63593; 129502; 58460; 36994; 138089; 247522; 2190; 1568; 31497,Maude; Reno 911!; One Day at a Time; Jam; 'Allo 'Allo!,Amy Poehler; Aziz Ansari; Nick Offerman; Aubrey Plaza; Chris Pratt,2009-04-09,22,Michael Schur,,Ended,7,122,2026-08-21,,67,8.6,312382,0,0,0,14,36,182,Nominated for 14 Primetime Emmys. 36 wins & 182 nominations total,2026-08-21,false,,,92,95,73,67,100,You've loved 2 titles from creator Michael Schur before.
movie:274870,Passengers,2016,movie,Watched,172700,tt1355644,274870,8,2016-12-21T00:00:00.000Z,1,2016-12-21T00:00:00.000Z,,,false,,,Drama; Romance; Science Fiction,"A spacecraft traveling to a distant colony planet and transporting thousands of people has a malfunction in its sleep chambers. As a result, two passengers are awakened 90 years early.",android; spacecraft; asteroid; isolation; shower; hibernation; swimming pool; automation; space; robot; space station; lying; gravity; trapped in space; shocking,en,7,14427,8.914,2277; 2362; 2900; 2909; 1007801; 2652; 2655; 625651; 2927; 2963; 3065; 2386; 2462; 3082; 3116; 2605; 625599; 436; 152; 174,2103; 17431; 586707; 49047; 157336; 301875; 218425; 370097; 644; 1023915; 818750; 565743; 636; 522402; 167; 441183; 419704; 559581; 840; 227156,,Jennifer Lawrence; Chris Pratt; Michael Sheen; Laurence Fishburne; Andy Garcia,2016-12-21,116,Morten Tyldum,,,,,2026-08-21,30,41,7,488312,0,2,0,0,2,12,Nominated for 2 Oscars. 2 wins & 12 nominations total,2026-08-21,false,,,46,100,93,36,46,You've loved 2 titles with Chris Pratt before.
movie:666277,Past Lives,2023,movie,Watched,500028,tt13238346,666277,7,2023-06-02T00:00:00.000Z,1,2023-06-02T00:00:00.000Z,,,false,,,Drama; Romance,"After decades apart, childhood friends Nora and Hae Sung are reunited in New York for one fateful weekend as they confront notions of destiny, love, and the choices that make a life.",new york city; immigrant; friendship; nostalgia; woman between two men; interracial marriage; fate; playwright; married woman; childhood friends; semi autobiographical; woman director; korean american; childhood sweethearts; memories,en,7.696,2418,12.0685,445201; 263358; 263442; 263467; 3875; 3877; 263569; 4012; 4032; 1388996; 263794; 263819; 263821; 263837; 263838; 263855; 4474; 4475; 4476; 4477,508791; 467909; 167073; 47760; 239571; 23169; 14834; 1241921; 10641; 10056; 615643; 16659; 3061; 22625; 913851; 35690; 940139; 1136867; 554908; 275060,Things We Lost in the Fire; Brooklyn,Greta Lee; Teo Yoo; John Magaro; Moon Seung-ah; Leem Seung-min,2023-06-02,106,Celine Song,,,,,2026-08-21,95,94,7.8,171844,0,2,0,0,83,240,Nominated for 2 Oscars. 83 wins & 240 nominations total,2026-08-21,false,,,62,95,76,95,100,You've loved 1 title with Greta Lee before.
movie:388399,Patriots Day,2016,movie,Watched,230554,tt4572514,388399,6,2016-12-21T00:00:00.000Z,1,2016-12-21T00:00:00.000Z,,,false,,,Action; Crime; Drama; History; Thriller,"In the aftermath of an unspeakable act of terror, Police Sergeant Tommy Saunders joins courageous survivors, first responders and investigators in a race against the clock to hunt down the Boston Marathon bombers before they strike again.","boston, massachusetts; massachusetts; police chief; based on true story; terrorism; reflective; manhunt; boston marathon",en,7.067,2901,6.9576,1232827; 486946; 1057006; 1429926; 1429912; 854015; 49622; 49688; 1232882; 299440; 49367; 299714; 46976; 46995; 297017; 297055; 46934; 296917; 484638; 47044,92272; 292011; 27899; 4169; 17585; 44691; 522241; 320; 2502; 848791; 15613; 137094; 26039; 228968; 649394; 2503; 343611; 42807; 9944; 257088,The Passion of Ayn Rand; Breach,Mark Wahlberg; John Goodman; J.K. Simmons; Kevin Bacon; Michelle Monaghan,2016-12-12,133,Peter Berg,,,,,2026-08-21,80,69,7.3,121450,0,0,0,0,2,3,2 wins & 3 nominations total,2026-08-21,false,,,60,95,77,75,7,You've loved 1 title with Mark Wahlberg before.
show:60574,Peaky Blinders,2013,show,Watched,60158,tt2442560,60574,9,2022-04-03T00:00:00.000Z,36,1970-01-01T00:00:00.000Z,36,caught-up,false,,,Drama; Crime,"A gangster family epic set in 1919 Birmingham, England and centered on a gang who sew razor blades in the peaks of their caps, and their fierce boss Tommy Shelby, who means to move up in the world.",england; gypsy; corruption; gangster; outlaw; murder; drugs; criminal; period drama; historical; british history; protection racket; illegal gambling; historical drama; bookmaker,en,8.524,11305,81.4916,277316; 2933; 2942; 95329; 95341; 241372; 95302; 208923; 241272; 241278; 95272; 127865; 62458; 62459; 62474; 306352; 240940; 240942; 240975; 241092,247718; 1621; 85021; 46930; 79086; 1409; 67384; 76231; 96450; 64836; 112693; 75666; 138108; 101591; 286709; 119845; 2850; 218351; 65708; 54650,Cold Case Files: The Grim Sleeper; The Riches; Shantaram; 56 Days; Stalkers Who Kill,Cillian Murphy; Paul Anderson; Sophie Rundle; Natasha O'Keeffe,2013-09-12,,Steven Knight,,Ended,6,36,2026-08-21,,77,8.7,771795,0,0,0,0,25,56,Won 1 BAFTA Award. 25 wins & 56 nominations total,2026-08-21,false,,,100,100,91,77,100,You've loved 1 title from creator Steven Knight before.
show:85853,Perry Mason,2020,show,Watched,147025,tt2077823,85853,8,2023-04-24T00:00:00.000Z,16,1970-01-01T00:00:00.000Z,16,caught-up,false,,,Drama; Mystery; Crime,"Set in 1932 Los Angeles, the series focuses on the origin story of famed defense lawyer Perry Mason. Living check-to-check as a low-rent private investigator, Mason is haunted by his wartime experiences in France and suffering the effects of a broken marriage. L.A. is booming while the rest of the country recovers from the Great Depression — but a kidnapping gone very wrong leads to Mason exposing a fractured city as he uncovers the truth of the crime.","based on novel or book; investigation; lawyer; private investigator; los angeles, california; neo-noir; 1930s; origin story",en,7.209,388,16.8501,2919; 277316; 208883; 2928; 95341; 95344; 2999; 241372; 208906; 208921; 208923; 277439; 241275; 241290; 95279; 277488; 127651; 127814; 127865; 127875,203744; 72748; 400; 239826; 220102; 213306; 96450; 220801; 137127; 256317; 3476; 81922; 71769; 60585; 256711; 116799; 80213; 1450; 240740; 4920,Burn Notice; Cold Case Files: The Grim Sleeper; The Investigator; Shantaram; When One Day I Will Sleep,Matthew Rhys; Juliet Rylance; Chris Chalk; Justin Kirk; Diarra Kilpatrick,2020-06-21,,Rolin Jones,,Canceled,2,16,2026-08-21,,,7.6,30795,0,0,0,6,4,44,Nominated for 6 Primetime Emmys. 4 wins & 44 nominations total,2026-08-21,false,,,77,90,58,,100,You've loved 1 title with Matthew Rhys before.
movie:114150,Pitch Perfect,2012,movie,Watched,79928,tt1981677,114150,10,2026-08-21T14:13:41.000Z,1,2012-09-28T00:00:00.000Z,,,false,,,Comedy; Music; Romance,"College student Beca knows she does not want to be part of a clique, but that's exactly where she finds herself after arriving at her new school. Thrust in among mean gals, nice gals and just plain weird gals, Beca finds that the only thing they have in common is how well they sing together. She takes the women of the group out of their comfort zone of traditional arrangements and into a world of amazing harmonic combinations in a fight to the top of college music competitions.",competition; roommates; college; female friendship; misfit; hazing; university; audition; group of friends; dorm room; bickering; dj; singing competition; film score; young adult,en,7.266,6959,9.5772,69262; 690661; 690753; 690761; 74018; 690886; 319293; 73407; 318922; 318753; 1084018; 73495; 73496; 73582; 73604; 690495; 319130; 319210; 73935; 73937,254470; 531454; 612706; 55059; 37725; 8872; 10314; 272693; 353616; 15143; 551806; 1321439; 9293; 611213; 22538; 16899; 1618945; 12182; 11452; 583083,Kill Your Friends; The Big Year; Pitch Perfect 2; Wayne's World; The Wrong Paris,Anna Kendrick; Anna Camp; Brittany Snow; Skylar Astin; Rebel Wilson,2012-09-28,112,Jason Moore,Pitch Perfect Collection,,,,2026-08-21,81,66,7.1,346142,0,0,0,0,9,20,9 wins & 20 nominations total,2026-08-21,false,,,67,100,86,74,38,You loved Pitch Perfect — this is another entry in the same Pitch Perfect franchise.
show:112211,Platonic,2023,show,Watched,168898,tt13366604,112211,8,2026-07-29T00:19:22.000Z,20,2025-10-01T01:40:00.000Z,20,caught-up,false,,,Comedy,A platonic pair of former best friends approaching midlife reconnect after a long rift. The duo’s friendship becomes more consuming—and destabilizes their lives in a hilarious way.,romcom; brewery; sitcom; social comedy; casual; hilarious; amused; sarcastic,en,6.925,219,14.1335,208067; 2219; 2174; 2180; 2184; 2190; 2191; 2206; 2207; 2211; 2283; 2287; 2291; 2292; 2295; 2248; 2251; 2262; 2269; 208155,33922; 203614; 849; 1229; 1915; 610; 380; 10420; 1568; 4483; 90877; 88728; 815; 11163; 4415; 1551; 4556; 60783; 713; 36994,Maude; One Day at a Time; 'Allo 'Allo!; The Loop; The War at Home,Rose Byrne; Seth Rogen; Luke Macfarlane; Carla Gallo,2023-05-23,,Nicholas Stoller,,Returning Series,3,20,2026-08-21,,77,7.2,24960,0,0,0,0,0,0,4 nominations total,2026-08-21,false,,,57,90,52,77,0,You've loved 1 title with Seth Rogen before.
show:225171,Pluribus,2025,show,Watched,206790,tt22202452,225171,10,2026-07-29T00:10:00.000Z,9,2025-12-24T02:58:00.000Z,9,caught-up,true,,,Drama; Sci-Fi & Fantasy,The most miserable person on Earth must save the world from happiness.,"new mexico; dystopia; alone; loneliness; dark comedy; virus; albuquerque, new mexico; disturbed; strange; immunity; lesbian; miserable; helpfulness; happiness; collective",en,7.929,1056,39.0999,238419; 890; 304078; 1274; 92588; 92537; 92621; 1097; 125014; 1396; 239000; 60059; 125383; 92939; 206828; 304367; 1429; 239268; 60424; 1413,9045; 79501; 42009; 138505; 1396; 86382; 103768; 84647; 86550; 90972; 61664; 61345; 119279; 60948; 68315; 94305; 134865; 60059; 1402; 91977,Killer Soup; Neon Genesis Evangelion; Skelly; Six Feet Under; Generation Z,Rhea Seehorn; Karolina Wydra; Carlos-Manuel Vesga,2025-11-06,,Vince Gilligan,,Returning Series,1,9,2026-08-21,,87,8,146632,0,0,0,0,10,24,Nominated for 1 BAFTA Award. 10 wins & 24 nominations total,2026-08-21,false,,,100,95,68,87,44,You've loved 3 titles from creator Vince Gilligan before.
show:120998,Poker Face,2023,show,Watched,187032,tt14269590,120998,8,2026-07-29T00:51:35.000Z,22,2025-07-10T07:43:00.000Z,22,caught-up,false,,,Crime; Mystery,"Follow Charlie Cale, a woman with an extraordinary ability to tell when someone is lying, as she hits the road and, at every stop, encounters a new cast of characters and crimes she can't help but solve.",road trip; female protagonist; whodunit; american; criminal investigation; lie detection; lying; somber; desperate; special ability; cliché; pretentious,en,7.45,532,18.5331,2181; 2343; 2150; 61457; 61565; 126728; 61299; 61618; 61811; 61863; 2583; 2593; 208691; 208834; 60129; 1414; 1419; 1431; 60726; 126167,242054; 46952; 107113; 87773; 133813; 4057; 100010; 46648; 72748; 39852; 4860; 1911; 8358; 64433; 64513; 4920; 80213; 287238; 85853; 60855,Lewis; The Brokenwood Mysteries; The Shield; Forever; Only Murders in the Building,Natasha Lyonne,2023-01-26,,Rian Johnson,,Canceled,2,22,2026-08-21,,84,7.8,67156,0,0,1,0,12,60,Won 1 Primetime Emmy. 12 wins & 60 nominations total,2026-08-21,false,,,67,90,61,84,100,You've loved 1 title with Natasha Lyonne before.
movie:792307,Poor Things,2023,movie,Watched,628026,tt14230458,792307,8,2023-12-08T00:00:00.000Z,1,2023-12-08T00:00:00.000Z,,,false,,,Science Fiction; Romance; Comedy,"Brought back to life by an unorthodox scientist, a young woman runs off with a lawyer on a whirlwind adventure across the continents. Free from the prejudices of her times, she grows steadfast in her purpose to stand for equality and liberation.","ship; london, england; experiment; paris, france; based on novel or book; obsession; lisbon, portugal; crooked lawyer; love; domestic abuse; female protagonist; doctor; prostitution; cruelty; scientist",en,7.6,5669,13.2203,362204; 441023; 441031; 1384732; 1191856; 810223; 1562979; 1004926; 1191610; 365517; 365240; 365710; 928687; 928745; 379508; 1296888; 1297016; 1297446; 168478; 168496,55106; 506407; 365756; 51942; 46641; 9051,,Emma Stone; Mark Ruffalo; Willem Dafoe; Ramy Youssef; Christopher Abbott,2023-12-07,141,Yorgos Lanthimos,,,,,2026-08-21,92,88,7.7,391223,4,0,0,0,121,427,Won 4 Oscars. 121 wins & 427 nominations total,2026-08-21,false,,,72,100,84,90,100,You've loved 1 title from director Yorgos Lanthimos before.
show:156933,Presumed Innocent,2024,show,Watched,193143,tt17677860,156933,7,2024-07-24T00:00:00.000Z,8,1970-01-01T00:00:00.000Z,8,caught-up,false,,,Drama; Mystery,A horrific murder upends the Chicago Prosecuting Attorney's Office when one of its own is suspected of the crime—leaving the accused fighting to keep his family together.,"chicago, illinois; based on novel or book; infidelity; female lover; remake; murder; courtroom; prosecutor; courtroom drama; married man; legal thriller; homicide investigation",en,7.837,658,27.8503,302921; 273274; 90872; 236903; 11203; 11219; 11259; 11267; 11296; 12188; 12207; 12472; 12284; 12512; 12517; 12572; 39549; 39618; 39758; 39852,106388; 241372; 87784; 256711; 83851; 69158; 213306; 4920; 257534; 67384; 85853; 203744; 259731; 227975; 58841; 130464; 220801; 116799; 67993; 88055,999 Days of Begging; The Sinner; Shining Girls; 56 Days; Defending Jacob,Jake Gyllenhaal; Ruth Negga; Bill Camp; O-T Fagbenle; Chase Infiniti,2024-06-11,,David E. Kelley,,Returning Series,1,8,2026-08-21,,64,7.7,88364,0,0,0,4,0,0,Nominated for 4 Primetime Emmys. 21 nominations total,2026-08-21,false,,,96,90,63,64,32,You've loved 3 titles from creator David E. Kelley before.
show:137252,Primo,2023,show,Watched,191223,tt14584394,137252,10,2026-07-28T19:30:05.000Z,8,2023-05-18T04:28:00.000Z,8,caught-up,false,,,Comedy,"A coming-of-age comedy about a Mexican-American teenager balancing college aspirations, societal expectations, and a hectic home life anchored by his single mom and five uncles.",coming of age; sitcom,en,6.8,19,2.0589,964; 971; 977; 981; 92152; 92153; 92139; 124740; 92417; 274546; 846; 847; 805; 809; 815; 817; 848; 867; 868; 869,3690; 634; 39357; 2191; 154827; 3497; 4327; 3089; 981; 67117; 1825; 61381; 203614; 202304; 531; 2016; 3308; 71771; 654; 192,WKRP in Cincinnati; Peep Show; Suburgatory; One Day at a Time; Moesha,Christina Vidal Mitchell; Ignacio Diaz-Silverio; Carlos Santos; Henri Esteve; Johnny Rey Diaz,2023-05-18,,Shea Serrano,,Canceled,1,8,2026-08-21,,,8,2458,0,0,0,0,2,3,2 wins & 3 nominations total,2026-08-21,false,,,48,80,29,,7,You've loved 1 title from creator Shea Serrano before.
movie:582014,Promising Young Woman,2020,movie,Watched,430518,tt9620292,582014,9,2020-12-25T00:00:00.000Z,1,2020-12-25T00:00:00.000Z,,,false,,,Thriller; Crime; Drama,"A young woman, traumatized by a tragic event in her past, seeks out vengeance against those who crossed her path.",psychopath; coffee shop; ohio; sociopath; revenge; predator turns victim; childhood friends; rape and revenge; woman director; medical school; pediatrician; barista; sexual predator; nice guy; prosocial psychopath,en,7.375,3793,8.6811,445201; 263336; 263358; 263442; 263471; 3875; 3877; 263569; 263794; 263819; 263821; 263837; 263838; 263855; 4475; 4477; 4481; 814132; 4499; 445651,68812; 102362; 399057; 1211776; 799546; 445040; 351901; 1710; 1598; 27526; 9061; 1659087; 30618; 55846; 22171; 33408; 615115; 11349; 645886; 16056,Irish Eyes; Things We Lost in the Fire; The Crush; Cape Fear,Carey Mulligan; Bo Burnham; Alison Brie; Clancy Brown; Jennifer Coolidge,2020-12-13,114,Emerald Fennell,,,,,2026-08-21,90,72,7.5,248919,1,0,0,0,116,196,Won 1 Oscar. 116 wins & 196 nominations total,2026-08-21,false,,,67,95,80,81,100,You've loved 1 title from director Emerald Fennell before.
show:156819,Rabbit Hole,2023,show,Watched,193078,tt5822112,156819,7,2023-05-14T00:00:00.000Z,8,1970-01-01T00:00:00.000Z,8,caught-up,false,,,Drama; Mystery,"Nothing is what it seems when John Weir, a master of deception in the world of corporate espionage, is framed for murder by powerful forces with the ability to influence and control populations.",spy thriller; surveillance state; personal data,en,7.113,247,8.9811,61859; 61933; 127425; 238886; 1465; 207334; 93891; 2046; 62681; 237108; 91016; 167; 274776; 210916; 34639; 63646; 96676; 129398; 64396; 68033,93166; 61859; 1407; 262352; 220801; 147050; 114922; 219971; 203744; 91962; 4046; 253376; 213306; 233256; 46533; 95396; 246461; 39358; 129552; 1486,The Night Manager; X Company; The Veil; Alias; Counterpart,Kiefer Sutherland; Meta Golding; Enid Graham; Rob Yang; Walt Klink,2023-03-26,,Glenn Ficarra,,Canceled,1,8,2026-08-21,,66,7.4,23779,0,0,0,0,0,0,1 nomination total,2026-08-21,false,,,73,90,53,66,0,"Similar to Homeland and The Agency, which you loved."
show:240993,Ransom Canyon,2025,show,Watched,216613,tt28088031,240993,7,2026-08-13T13:32:59.000Z,10,2025-04-17T08:53:00.000Z,18,in-progress,false,,,Drama; Western,"Passions run deep in a small Texas town, as three ranching dynasties fight for their land, their legacies and the people they love.",based on novel or book; texas; ranch; romance; family; playful; inspirational; western,en,7.296,125,18.3306,124540; 124546; 124549; 92154; 92182; 124583; 124585; 124586; 124587; 124595; 238249; 238250; 124764; 124800; 124812; 124825; 92414; 238360; 238380; 274559,118357; 41692; 73586; 2562; 201877; 122235; 204999; 62732; 157744; 5742; 243396; 299167; 1401; 124800; 43901; 60626; 1406; 138971; 215866; 99346,The Imperial Coroner; Love & Death; Second Chance; 1883; Lonesome Dove,Josh Duhamel; Minka Kelly; Lizzy Greene; Garrett Wareing; Marianly Tejada,2025-04-17,,April Blair,,Returning Series,2,18,2026-08-21,,58,6.8,10653,0,0,0,0,1,2,1 win & 2 nominations total,2026-08-21,false,,,71,85,47,58,4,"Similar to 1883 and Yellowstone, which you loved."
show:1423,Ray Donovan,2013,show,Watched,1414,tt2249007,1423,8,2020-02-09T00:00:00.000Z,82,1970-01-01T00:00:00.000Z,82,caught-up,false,,,Drama,"Set in the sprawling mecca of the rich and famous, Ray Donovan does the dirty work for LA's top power players, and makes their problems disappear. His father's unexpected release from prison sets off a chain of events that shakes the Donovan family to its core.","california; outlaw; los angeles, california; fixer",en,7.498,851,34.0707,2933; 62829; 63161; 62927; 3159; 3284; 3381; 93; 186; 50; 337; 480; 303124; 509; 400; 303633; 732; 578; 586; 58810,259453; 203744; 66025; 80006; 85853; 239826; 107365; 400; 5606; 71694; 67119; 76231; 39269; 18797; 79086; 153657; 2595; 130464; 1409; 88324,The Riches; Crazy Ex-Girlfriend; Weeds; Lou Grant; Shark,Liev Schreiber; Eddie Marsan; Dash Mihok; Pooch Hall; Kerris Dorsey,2013-06-30,,Ann Biderman,,Canceled,7,82,2026-08-21,,74,8.3,98652,0,0,1,0,4,42,Won 1 Primetime Emmy. 4 wins & 42 nominations total,2026-08-21,false,,,65,90,65,74,70,You've loved 1 title with Liev Schreiber before.
show:108978,Reacher,2022,show,Watched,155536,tt9288030,108978,8,2025-04-10T00:00:00.000Z,24,1970-01-01T00:00:00.000Z,28,in-progress,false,,,Action & Adventure; Crime,"Jack Reacher, a veteran military police investigator, has just recently entered civilian life. Reacher is a drifter, carrying no phone and the barest of essentials as he travels the country and explores the nation he once served.",assassin; based on novel or book; gun; espionage; police; newfoundland and labrador; conspiracy; agent; blunt; reboot,en,8.085,3099,659.7644,19; 123443; 50; 28136; 28196; 303124; 57954; 365; 430; 474; 289; 485; 509; 512; 520; 530; 90923; 273566; 586; 237232,61859; 111800; 68006; 120911; 222766; 1973; 213306; 287238; 95480; 67116; 262280; 225385; 241882; 67178; 129552; 256317; 60855; 85021; 40675; 131927,Planet of the Apes; Kareinaru ichizoku; The Night Manager; The Old Man; The Terminal List,Alan Ritchson; Agnez Mo; Sydelle Noel; Anggun; Christopher Rodriguez Marquette,2022-02-03,,Nick Santora,,Returning Series,4,32,2026-08-21,,75,8,291841,0,0,0,0,3,13,3 wins & 13 nominations total,2026-08-21,false,,,54,95,78,75,19,Titles you loved list this as similar or recommended (1 time).
movie:333339,Ready Player One,2018,movie,Watched,214279,tt1677720,333339,7,2018-03-29T00:00:00.000Z,1,2018-03-29T00:00:00.000Z,,,false,,,Adventure; Action; Science Fiction,"When the creator of a popular video game system dies, a virtual contest is created to compete for his fortune.","future; based on novel or book; video game; virtual reality; dystopia; nostalgia; love; film in film; evil corporation; quest; 1980s; 2040s; based on young adult novel; virtual game; columbus, ohio",en,7.588,17259,21.2865,445048; 445195; 263341; 4515; 4537; 4588; 4614; 445651; 4153; 4460; 4296; 4546; 4407; 4722; 4723; 626918; 4732; 4909; 4917; 4923,412656; 97; 353491; 101299; 123025; 158852; 487186; 2114; 428078; 696806; 777443; 11884; 2135; 75612; 9543; 157350; 70160; 262504; 12244; 695721,The Sum of All Fears; The Hunger Games: The Ballad of Songbirds & Snakes,Tye Sheridan; Olivia Cooke; Ben Mendelsohn; Lena Waithe; T.J. Miller,2018-03-28,140,Steven Spielberg,,,,,2026-08-21,71,64,7.4,540503,0,1,0,0,11,58,Nominated for 1 Oscar. 11 wins & 58 nominations total,2026-08-21,false,,,52,100,95,68,95,You've loved 1 title with T.J. Miller before.
movie:646097,Rebel Ridge,2024,movie,Watched,483193,tt11301886,646097,9,2026-08-21T14:26:17.000Z,1,2024-09-06T00:00:00.000Z,,,false,,,Crime; Action; Thriller; Drama,A former Marine confronts corruption in a small town when local law enforcement unjustly seizes the bag of cash he needs to post his cousin's bail.,small town; corruption; police chief; louisiana; rogue cop; police corruption; ex-marine; social issues; abuse of power; police misconduct; exciting; community pressure; power imbalance; money seizure; explosive tension,en,6.96,1694,6.4359,1627835; 506467; 1453069; 74107; 318973; 325699; 81541; 82140; 325373; 82825; 82649; 1094291; 82545; 82628; 82633; 82796; 82776; 82485; 326697; 326576,578189; 4911; 10877; 11028; 26185; 24411; 13153; 1242332; 1039690; 10633; 1266; 9040; 11018; 325173; 438674; 668489; 25473; 421473; 11699; 98357,Temper; Kahaani; Lawless; Black and Blue; Dark Blue,Aaron Pierre; Don Johnson; AnnaSophia Robb; Emory Cohen; David Denman,2024-08-27,131,Jeremy Saulnier,,,,,2026-08-21,95,76,6.8,99463,0,0,1,0,10,23,Won 1 Primetime Emmy. 10 wins & 23 nominations total,2026-08-21,false,,,66,95,72,86,63,You've loved 1 title from director Jeremy Saulnier before.
movie:1330021,Remarkably Bright Creatures,2026,movie,Watched,1088230,tt33100314,1330021,7,2026-08-21T14:29:14.000Z,1,2026-05-08T00:00:00.000Z,,,false,,,Drama; Mystery,"Through unlikely bonds formed during night shifts at a local aquarium, Tova, an elderly widow, learns of a life-changing discovery that may bring her joy and wonder once again.",aquarium; octopus; british columbia; complex; washington; loss of child; based on young adult novel; adoring; fictional town,en,8.453,850,17.4242,595; 768; 623521; 77; 1384993; 126; 144; 2274; 447682; 8197; 8204; 8326; 8327; 8688; 8489; 8512; 9779; 449176; 9821; 449459,12837; 3766; 1242669; 84175; 254172; 302528; 973778; 1999; 1310568; 616651; 11005; 575094; 62837; 514439; 1241983; 749395; 44603; 1945; 249164; 37257,,Sally Field; Lewis Pullman; Colm Meaney; Alfred Molina; Joan Chen,2026-05-07,114,Olivia Newman,,,,,2026-08-21,,57,7.8,11826,0,0,0,0,0,0,2 nominations total,2026-08-21,false,,,52,90,65,57,0,Fits your taste for Drama / Mystery.
show:95215,Reservation Dogs,2021,show,Watched,154900,tt13623580,95215,8,2023-09-27T00:00:00.000Z,28,1970-01-01T00:00:00.000Z,28,caught-up,false,,,Drama; Comedy,"Four Indigenous teenagers in rural Oklahoma steal, rob and save in order to get to the exotic, mysterious and faraway land of California.",oklahoma; native american; native american reservation; web mini series,en,7.919,335,12.9896,2147; 61971; 277032; 93748; 58346; 4396; 4628; 67232; 128904; 128790; 64555; 66737; 35585; 284224; 251751; 11099; 39077; 319343; 319917; 48564,100883; 122226; 2595; 211288; 80336; 240993; 201124; 128904; 126914; 900; 5721; 81357; 65495; 85727; 10370; 2562; 186; 199001; 197434; 87382,Dark Winds; Never Have I Ever; Ransom Canyon; With Love; Skins,Devery Jacobs; D'Pharaoh Woon-A-Tai; Lane Factor; Paulina Alexis,2021-08-09,,Taika Waititi,,Ended,3,28,2026-08-21,,89,8.3,27486,0,0,0,5,19,84,Nominated for 5 Primetime Emmys. 19 wins & 84 nominations total,2026-08-21,false,,,70,90,56,89,100,"Similar to Atlanta and Weeds, which you loved."
movie:4148,Revolutionary Road,2008,movie,Watched,2440,tt0959337,4148,8,2026-08-21T15:21:32.000Z,1,2008-12-19T00:00:00.000Z,,,false,,,Drama; Romance,A young couple living in a Connecticut suburb during the mid-1950s struggle to come to terms with their personal problems while trying to raise their two children. Based on a novel by Richard Yates.,adultery; infidelity; career; jealousy; husband wife relationship; based on novel or book; marriage crisis; american dream; housewife; connecticut; suburbia; free spirit; unhappiness; getaway; aspiring actor,en,6.985,4174,7.5042,263341; 263371; 813845; 4049; 4111; 4193; 263799; 263815; 4464; 4476; 4478; 4481; 4483; 4497; 4507; 4537; 4580; 4584; 4614; 1195543,2251; 619979; 1259; 68924; 75900; 12723; 1440; 364733; 391714; 851; 18190; 14; 1920; 210577; 111839; 27033; 8092; 340613; 12537; 42634,Seabiscuit; The Return of Martin Guerre; The Sum of All Fears; Blind; Gone Girl,Leonardo DiCaprio; Kate Winslet; Kathy Bates; Michael Shannon; Kathryn Hahn,2008-12-19,119,Sam Mendes,,,,,2026-08-21,67,69,7.3,234616,0,3,0,0,20,73,Nominated for 3 Oscars. 20 wins & 73 nominations total,2026-08-21,false,,,40,95,81,68,100,You've loved 1 title with Leonardo DiCaprio before.
show:94028,RIPLEY,2024,show,Watched,155523,tt11016042,94028,8,2024-04-04T00:00:00.000Z,8,1970-01-01T00:00:00.000Z,8,caught-up,false,,,Drama,"A grifter in 1960s New York is hired to convince a wealthy man's son to return home from Italy and begins a life of deceit, fraud and murder.",italy; based on novel or book; fraud; miniseries; black and white; grifter; con game; 1960s; psychological; suspenseful; thriller,en,7.924,420,10.3355,124518; 124540; 124546; 124548; 92154; 124578; 124583; 124585; 124586; 124587; 124595; 238251; 238253; 124800; 238380; 274555; 274561; 799; 886; 887,72742; 64199; 248416; 287238; 278624; 270734; 209876; 156902; 277439; 218351; 90399; 1621; 132016; 71715; 225634; 220801; 10305; 79086; 226174; 108181,The Temptation Of Happiness; More than Blue: The Series; The Imperial Coroner; Segunda muerte; El dentista,Andrew Scott; Dakota Fanning; Johnny Flynn,2024-04-04,,Steven Zaillian,,Ended,1,8,2026-08-21,,76,8.1,66175,0,0,4,0,23,57,Won 4 Primetime Emmys. 23 wins & 57 nominations total,2026-08-21,false,,,56,90,59,76,100,"Similar to Boardwalk Empire, which you loved."
movie:504608,Rocketman,2019,movie,Watched,352153,tt2066051,504608,8,2019-05-31T00:00:00.000Z,1,2019-05-31T00:00:00.000Z,,,false,,,Music; Drama,"The story of Elton John's life, from his years as a prodigy at the Royal Academy of Music through his influential and enduring musical partnership with Bernie Taupin.","london, england; drug abuse; pop star; 1970s; musical; biography; based on true story; alcoholism; singer; rock music; los angeles, california; pianist; lgbt; rise to fame; 1960s",en,7.31,5052,4.3695,1079810; 506364; 315686; 315696; 1627818; 1627835; 506425; 1250007; 315853; 510391; 510298; 510495; 1253511; 690661; 73820; 319075; 319096; 510548; 510558; 510559,10537; 799766; 27857; 499566; 14299; 327528; 239566; 1808; 12271; 16620; 528761; 14882; 1450257; 402529; 1401281; 1677; 10474; 24679; 615667; 451915,Whitney; The Doors; Better Man; Ray,Taron Egerton; Jamie Bell; Richard Madden; Bryce Dallas Howard; Gemma Jones,2019-05-17,121,Dexter Fletcher,,,,,2026-08-21,,69,7.3,207025,1,0,0,0,25,87,Won 1 Oscar. 25 wins & 87 nominations total,2026-08-21,false,,,60,100,83,69,100,Titles you loved list this as similar or recommended (1 time).
movie:264644,Room,2015,movie,Watched,163360,tt3170832,264644,8,2015-10-23T00:00:00.000Z,1,2015-10-23T00:00:00.000Z,,,false,,,Drama; Thriller,"Held captive for 7 years in an enclosed space, a woman and her young son finally gain their freedom, allowing the boy to experience the outside world for the first time.",based on novel or book; escape; isolation; carpet; kidnapping; imprisonment; grandparents; hospital; dog; captive; children's perspectives; skylight; complex; mother son relationship; depressing,en,7.988,9795,6.5625,260081; 1384769; 810190; 1384598; 1005017; 1563292; 810223; 914857; 363987; 363992; 116575; 364150; 364324; 364327; 115686; 115725; 543596; 115831; 363606; 1663421,9559; 245703; 14574; 8470; 28313; 14748; 382614; 336000; 15397; 85350; 127373; 9770; 11532; 75889; 9960; 558915; 492613; 339984; 203833; 15794,,Brie Larson; Jacob Tremblay; Joan Allen; Sean Bridgers; Tom McCamus,2015-10-16,118,Lenny Abrahamson,,,,,2026-08-21,93,86,8.1,477769,1,0,0,0,108,143,Won 1 Oscar. 108 wins & 143 nominations total,2026-08-21,false,,,59,100,89,90,100,You've loved 1 title with Joan Allen before.
show:244623,Running Point,2025,show,Watched,221851,tt14879018,244623,6,2026-07-29T00:13:53.000Z,20,1970-01-01T00:00:00.000Z,20,caught-up,false,,,Comedy,A reformed party girl must prove herself as a businesswoman when she's unexpectedly put in charge of her family's pro basketball team.,sports; basketball team; workplace comedy; sports comedy,en,7.288,158,15.2365,2996; 94951; 95011; 31184; 31245; 2962; 62704; 62649; 95517; 209100; 3111; 62865; 63071; 63088; 95526; 62725; 62897; 31370; 3166; 3253,94951; 71209; 60783; 69555; 112211; 36994; 90877; 18614; 94252; 4415; 1320; 1229; 610; 8592; 203614; 33922; 1795; 1434; 138089; 1915,The Office; Mythic Quest; Dear Phoebe; Farrington of the F.O.; Ballers,Kate Hudson; Drew Tarver; Scott MacArthur; Brenda Song; Fabrizio Guido,2025-02-27,,Mindy Kaling,,Returning Series,2,20,2026-08-21,,64,7.3,23456,0,0,0,0,1,3,1 win & 3 nominations total,2026-08-21,false,,,56,85,49,64,5,You've loved 1 title with Kate Hudson before.
show:84977,Russian Doll,2019,show,Watched,141548,tt7520794,84977,10,2026-07-29T00:25:30.000Z,15,2022-04-20T07:33:00.000Z,15,caught-up,false,,,Comedy; Drama,Nadia keeps dying and reliving her 36th birthday party. She's trapped in a surreal time loop -- and staring down the barrel of her own mortality.,dark comedy; family relationships; time loop; death; homeless man; mysterious; dramedy; candid; philosophical; abusive mother; complex; rubber reality; offbeat; witty,en,7.358,1042,10.2161,97317; 243083; 35348; 35229; 131260; 97198; 64631; 64708; 64565; 310272; 281519; 97400; 35437; 64783; 64800; 131037; 243303; 282041; 7869; 212076,67070; 186; 81357; 1274; 62117; 69470; 693; 67280; 67697; 39525; 1906; 136311; 117581; 79410; 67883; 71199; 154385; 69555; 74577; 78950,Fleabag; Weeds; Dead to Me; Six Feet Under; Younger,Natasha Lyonne; Charlie Barnett; Greta Lee; Chloë Sevigny; Elizabeth Ashley,2019-02-01,,Natasha Lyonne,,Ended,2,15,2026-08-21,,84,7.7,115670,0,0,3,0,11,56,Won 3 Primetime Emmys. 11 wins & 56 nominations total,2026-08-21,false,,,99,95,67,84,100,You've loved 1 title from creator Natasha Lyonne before.
show:72792,Safe,2018,show,Watched,127074,tt7902072,72792,8,2026-07-27T14:51:42.000Z,8,2026-07-27T14:51:00.000Z,8,caught-up,false,,,Drama; Crime; Mystery,"After his daughter goes missing, a widower begins uncovering the dark secrets of the people closest to him.",daughter; missing child; 2010s; dark; slow burn; gritty; suspenseful; thriller,en,6.881,402,6.6931,277387; 277404; 277406; 2929; 241372; 241194; 208932; 277414; 241259; 241279; 241257; 241363; 241303; 95269; 127641; 306142; 306235; 306352; 240942; 208942,244244; 210787; 218342; 262352; 203744; 201408; 253321; 278178; 246461; 241372; 259731; 220801; 157061; 244243; 213306; 34415; 80213; 99002; 125366; 126167,Ramona; The Dangerous Affair; Obsessed; Time Bomb 9/11; 56 Days,Michael C. Hall; Amy James-Kelly; Amanda Abbington; Freddie Thorp; Marc Warren,2018-05-10,,Harlan Coben,,Ended,1,8,2026-08-21,,,7.2,58232,0,0,0,0,0,0,N/A,2026-08-21,false,,,49,90,58,,0,You've loved 3 titles with Michael C. Hall before.
show:93870,SAS: Rogue Heroes,2022,show,Watched,176599,tt10405370,93870,8,2024-12-11T00:00:00.000Z,12,1970-01-01T00:00:00.000Z,12,caught-up,false,,,Drama; War & Politics; Action & Adventure,"The dramatised account of how the world’s greatest Special Forces unit, the SAS, was formed under extraordinary circumstances in the darkest days of World War Two.",cairo; based on novel or book; world war ii; special air service (sas); inspirational; vibrant,en,7.795,212,12.2631,277267; 2908; 208883; 2928; 95341; 95344; 241372; 208921; 208923; 277439; 241275; 241290; 95279; 127651; 127809; 127865; 127872; 127875; 306201; 95057,32573; 120911; 4613; 222766; 46518; 113962; 71789; 114922; 2321; 240459; 66871; 47665; 157368; 219760; 1407; 347; 138624; 32675; 222405; 111800,The Investigator; Shantaram; When One Day I Will Sleep; 56 Days; Rivals,Connor Swindells; Jack O'Connell; Sofia Boutella; Corin Silva; Theo Barklem-Biggs,2022-10-30,60,Steven Knight,,Returning Series,2,12,2026-08-21,,,8.2,36373,0,0,0,0,2,9,Nominated for 1 BAFTA Award2 wins & 9 nominations total,2026-08-21,false,,,82,90,52,,13,You've loved 1 title from creator Steven Knight before.
show:240740,Scarpetta,2026,show,Watched,216188,tt14786934,240740,8,2026-03-11T00:00:00.000Z,8,1970-01-01T00:00:00.000Z,8,caught-up,false,,,Drama; Crime; Mystery,"Renowned forensic pathologist Dr. Kay Scarpetta returns to her position as Virginia's Chief Medical Examiner, where she investigates a haunting murder with eerie reminders from her first big case decades ago. In 1998, Scarpetta works alongside Detective Pete Marino and FBI Agent Benton Wesley as they investigate a series of brutal stranglings. Based on the best-selling novels by Patricia Cornwell.",based on novel or book; medical examiner; virginia; procedural; thriller; baffled,en,6.515,136,35.0991,124540; 124546; 124548; 92154; 124583; 124585; 124586; 124587; 124595; 238251; 238253; 274479; 238380; 799; 896; 918; 1024; 28913; 29004; 29055,77947; 241372; 259731; 213306; 72748; 262352; 220801; 203744; 137127; 218342; 278178; 147050; 85853; 108181; 244243; 123192; 246461; 1405; 244628; 4920,The Temptation Of Happiness; The Imperial Coroner; Segunda muerte; El dentista; Lynley,Nicole Kidman; Jamie Lee Curtis; Bobby Cannavale; Simon Baker; Rosy McEwen,2026-03-11,,Elizabeth Sarnoff,,Returning Series,1,8,2026-08-21,,53,6,14872,0,0,0,0,0,0,N/A,2026-08-21,false,,,55,85,48,53,0,You've loved 1 title with Nicole Kidman before.
movie:646385,Scream,2022,movie,Watched,483615,tt11245972,646385,4,2022-01-14T00:00:00.000Z,1,2022-01-14T00:00:00.000Z,,,false,,,Horror; Mystery,"Twenty-five years after a streak of brutal murders shocked the quiet town of Woodsboro, a new killer has donned the Ghostface mask and begins targeting a group of teenagers to resurrect secrets from the town’s deadly past.",mask; california; attempted murder; hallucination; sequel; murder; serial killer; hospital; slasher; whodunit; killing spree; hometown; reboot; crime spree; illegitimate child,en,6.678,3978,12.8041,69165; 69276; 873096; 69321; 1249935; 1249991; 73861; 74016; 510685; 319327; 74215; 690248; 73354; 73365; 690286; 510276; 1084242; 319213; 1084745; 74081,41446; 1159559; 934433; 4234; 11281; 4232; 4233; 9725; 11357; 616820; 9792; 10066; 948; 610253; 9373; 10225; 1197137; 11675; 1010755; 44247,Pretty Maids All in a Row; A Serbian Film,Melissa Barrera; Jenna Ortega; Mason Gooding; Jasmin Savoy Brown; Jack Quaid,2022-01-12,114,Tyler Gillett,Scream Collection,,,,2026-08-21,76,60,6.3,184069,0,0,0,0,5,20,5 wins & 20 nominations total,2026-08-21,false,,,39,95,80,68,30,You've loved 1 title with Jack Quaid before.
show:1400,Seinfeld,1989,show,Watched,1391,tt0098904,1400,9,1998-05-14T00:00:00.000Z,180,1970-01-01T00:00:00.000Z,180,caught-up,false,,,Comedy,A stand-up comedian and his three offbeat friends weather the pitfalls and payoffs of life in New York City in the '90s. It's a show about nothing.,"new york city; observational comedy; manhattan, new york city; sitcom; stand-up comedian; irreverent; sharp",en,8.253,2419,81.299,964; 971; 977; 981; 92152; 92153; 92139; 124740; 92417; 846; 847; 805; 809; 815; 817; 848; 867; 868; 869; 903,1964; 4454; 4277; 48891; 2299; 39340; 4477; 1668; 162; 39331; 9895; 65701; 192; 1825; 39357; 2548; 43082; 4439; 44857; 284725,WKRP in Cincinnati; Peep Show; The Jeffersons; Brooklyn Nine-Nine; Friends,Jerry Seinfeld; Jason Alexander; Michael Richards; Julia Louis-Dreyfus,1989-07-05,,Jerry Seinfeld,,Ended,9,180,2026-08-21,,84,8.9,382252,0,0,10,0,81,197,Won 10 Primetime Emmys. 81 wins & 197 nominations total,2026-08-21,false,,,77,95,76,84,100,You've loved 2 titles from creator Jerry Seinfeld before.
movie:1124566,Sentimental Value,2025,movie,Watched,904936,tt27714581,1124566,7,2025-08-20T00:00:00.000Z,1,2025-08-20T00:00:00.000Z,,,false,,,Drama; Comedy,"Sisters Nora and Agnes reunite with their estranged father, the charismatic Gustav, a once-renowned director who offers stage actress Nora a role in what he hopes will be his comeback film. When Nora turns it down, she soon discovers he has given her part to an eager young Hollywood star.","dysfunctional family; family; filmmaking; generational; oslo, norway; father daughter relationship; sister sister relationship; memories; actress; sentimental",no,7.4,1042,13.3195,445195; 263381; 4032; 4111; 1388996; 4512; 1389148; 1195394; 3980; 813800; 1195142; 4347; 445629; 1195284; 1195342; 4257; 4538; 1567021; 4203; 4213,336000; 1159206; 48259; 5143; 9583; 773; 33250; 1228681; 25062; 29968; 702; 804095; 333348; 127373; 87567; 14662; 139200; 1246310; 574151; 1122618,Scary Movie 4; The Mitchells vs. the Mitchells; The Fabelmans,Renate Reinsve; Stellan Skarsgård; Inga Ibsdotter Lilleaas; Elle Fanning; Anders Danielsen Lie,2025-08-20,133,Joachim Trier,,,,,2026-08-21,95,86,7.7,75460,1,0,0,0,72,302,Won 1 Oscar. 72 wins & 302 nominations total,2026-08-21,false,,,60,95,67,91,100,You've loved 2 titles with Stellan Skarsgård before.
show:95396,Severance,2022,show,Watched,154997,tt11280740,95396,9,2025-03-21T00:00:00.000Z,19,1970-01-01T00:00:00.000Z,19,caught-up,false,,,Drama; Mystery; Sci-Fi & Fantasy,"Mark leads a team of office workers whose memories have been surgically divided between their work and personal lives. When a mysterious colleague appears outside of work, it begins a journey to discover the truth about their jobs.",office; workplace; memory; office politics; brain surgery; thriller,en,8.387,2884,42.7982,277387; 277404; 277406; 2929; 241372; 241194; 208932; 241279; 241257; 241363; 306142; 306235; 240942; 127711; 127897; 208942; 95459; 241576; 241585; 95744,93784; 91962; 70485; 253372; 93166; 156819; 262352; 97173; 323411; 79272; 95839; 125116; 34639; 71693; 256711; 63639; 123192; 131992; 129552; 128839,Ramona; The Dangerous Affair; Obsessed; Time Bomb 9/11; 56 Days,Adam Scott; Britt Lower; Tramell Tillman; Zach Cherry; Jen Tullock,2022-02-17,,Dan Erickson,,Returning Series,3,19,2026-08-21,,85,8.6,385489,0,0,10,0,51,201,Won 10 Primetime Emmys. 51 wins & 201 nominations total,2026-08-21,false,,,78,95,77,85,100,You've loved 1 title from creator Dan Erickson before.
show:34307,Shameless,2011,show,Watched,34160,tt1586680,34307,10,2026-07-29T00:23:11.000Z,134,2021-04-12T01:59:00.000Z,134,caught-up,true,,,Drama; Comedy,"Chicagoan Frank Gallagher is the proud single dad of six smart, industrious, independent kids, who without him would be... perhaps better off. When Frank's not at the bar spending what little money they have, he's passed out on the floor. But the kids have found ways to grow up in spite of him. They may not be like any family you know, but they make no apologies for being exactly who they are.","sibling relationship; chicago, illinois; single parent; self-destruction; big family; remake; dysfunctional family; drugs; single father; alcoholic father",en,8.167,3445,154.0065,61496; 2204; 2272; 2293; 2295; 2262; 2297; 2316; 240085; 61310; 2140; 2141; 2147; 61427; 2235; 61546; 30285; 126660; 30381; 94198,1906; 76331; 136315; 61986; 65454; 64043; 186; 2691; 156933; 7097; 66025; 199318; 2933; 117581; 62320; 1274; 4731; 72071; 82782; 67136,Brotherhood; The Loop; The War at Home; The Office; Out There,William H. Macy; Jeremy Allen White; Ethan Cutkosky; Shanola Hampton; Steve Howey,2011-01-09,,Paul Abbott,,Ended,11,134,2026-08-21,,,8.5,329670,0,0,4,0,17,68,Won 4 Primetime Emmys. 17 wins & 68 nominations total,2026-08-21,false,,,100,95,79,,100,You've loved 1 title from creator Paul Abbott before.
show:70453,Sharp Objects,2018,show,Watched,130010,tt2649356,70453,7,2026-07-29T00:24:27.000Z,8,2018-08-27T01:50:00.000Z,8,caught-up,false,,,Crime; Drama; Mystery,Reporter Camille Preaker confronts the psychological demons from her past when she returns to her hometown to investigate the murders of two young girls.,based on novel or book; child murder; self-destruction; trauma; police chief; missouri; dysfunctional family; reporter; psychological thriller; alcoholic; hometown; murder investigation; drunkenness; complex; southern gothic,en,7.761,1108,12.956,61459; 207965; 208006; 61511; 2171; 2179; 2204; 2215; 305250; 208146; 305253; 240150; 240166; 94143; 276355; 276357; 94277; 94285; 94292; 61338,39852; 259731; 71769; 106388; 247518; 61555; 84661; 87784; 213306; 218342; 67743; 1426; 113988; 40008; 241372; 137127; 34415; 65784; 1405; 120462,"Parasyte -the maxim-; Deadly Sins: No Forgiveness; Father Brown; Cold Case; Quincy, M.E.",Amy Adams; Patricia Clarkson; Chris Messina; Eliza Scanlen; Matt Craven,2018-07-08,,Marti Noxon,,Ended,1,8,2026-08-21,,78,8,140257,0,0,0,8,13,51,Nominated for 8 Primetime Emmys. 13 wins & 51 nominations total,2026-08-21,false,,,81,95,68,78,100,You've loved 1 title with Amy Adams before.
show:92783,She-Hulk: Attorney at Law,2022,show,Watched,151854,tt10857160,92783,6,2022-10-13T00:00:00.000Z,9,1970-01-01T00:00:00.000Z,9,caught-up,false,,,Comedy; Sci-Fi & Fantasy,"Jennifer Walters navigates the complicated life of a single, 30-something attorney who also happens to be a green 6-foot-7-inch superpowered hulk.",superhero; based on comic; lawyer; miniseries; breaking the fourth wall; super power; marvel cinematic universe (mcu); woman director; female superhero,en,6.075,2568,18.741,2901; 208891; 241388; 127635; 127735; 127753; 95057; 95124; 95210; 127948; 2847; 2640; 127828; 127856; 31199; 31244; 31295; 31310; 31319; 241405,33217; 138502; 1449; 416; 6343; 241388; 138501; 92749; 114461; 2191; 88396; 14651; 1964; 2552; 2016; 115; 7166; 4454; 2274; 115036,4 Reasons Why I Hate X-Mas; Superman & Lois; He She It; Sara; Ahsoka,Tatiana Maslany; Ginger Gonzaga; Jameela Jamil; Renée Elise Goldsberry; Josh Segarra,2022-08-18,,Jessica Gao,,Ended,1,9,2026-08-21,,67,5.2,206437,0,0,0,0,5,16,5 wins & 16 nominations total,2026-08-21,false,,,28,95,76,67,26,Fits your taste for Comedy.
show:19885,Sherlock,2010,show,Watched,19792,tt1475582,19885,9,2017-01-15T00:00:00.000Z,12,1970-01-01T00:00:00.000Z,12,caught-up,false,,,Crime; Drama; Mystery,A modern update finds the famous sleuth and his doctor partner solving crime in 21st century London.,"london, england; detective; based on novel or book; workaholic; investigation; friendship; police; genius; murder; whodunit; doctor; private detective; murder mystery; police procedural; sherlock holmes",en,8.507,6622,37.3453,61498; 61459; 61465; 208006; 61511; 61517; 2170; 2171; 2179; 2222; 2204; 2213; 2215; 2294; 2268; 305250; 208146; 305253; 208155; 2332,72748; 3476; 16343; 96450; 137127; 1426; 40675; 62505; 246461; 252000; 218342; 213306; 85021; 46930; 259731; 62620; 133813; 278178; 87784; 96608,The Great Fire; Parasyte -the maxim-; Deadly Sins: No Forgiveness; Father Brown; Cutter to Houston,Benedict Cumberbatch; Martin Freeman,2010-07-25,90,Mark Gatiss,,Ended,4,12,2026-08-21,,88,9,1086290,0,0,9,0,95,185,Won 9 Primetime Emmys. 95 wins & 185 nominations total,2026-08-21,false,,,70,100,85,88,100,You've loved 1 title from creator Mark Gatiss before.
show:106388,Shining Girls,2022,show,Watched,187254,tt2953250,106388,7,2026-08-13T13:33:32.000Z,8,2022-06-02T04:55:00.000Z,8,caught-up,false,,,Drama; Mystery; Crime,"Years after a brutal attack left her in a constantly shifting reality, Kirby Mazrachi learns that a recent murder is linked to her assault. She teams with veteran reporter Dan Velazquez to understand her ever-changing present—and confront her past.","chicago, illinois; based on novel or book; serial killer; miniseries; newspaper reporter; traumatized woman; thriller",en,7.482,221,8.3093,277316; 208883; 277387; 277404; 277406; 2928; 2929; 95341; 95344; 241315; 241372; 241194; 208921; 208923; 208932; 277439; 241275; 241279; 241257; 241363,156933; 213306; 71769; 241372; 70453; 287238; 220801; 247518; 262352; 147050; 218342; 259731; 157061; 244243; 85853; 58841; 108181; 80213; 1405; 39852,Cold Case Files: The Grim Sleeper; The Investigator; Ramona; The Dangerous Affair; Obsessed,Elisabeth Moss; Wagner Moura; Phillipa Soo; Chris Chalk; Amy Brenneman,2022-04-28,,Silka Luisa,,Ended,1,8,2026-08-21,,65,7.4,23126,0,0,0,0,1,1,1 win & 1 nomination total,2026-08-21,false,,,63,90,52,65,3,You've loved 2 titles with Elisabeth Moss before.
show:126308,Shōgun,2024,show,Watched,170054,tt2788316,126308,9,2024-04-23T00:00:00.000Z,10,1970-01-01T00:00:00.000Z,10,caught-up,false,,,Drama; War & Politics,"In Japan in the year 1600, at the dawn of a century-defining civil war, Lord Yoshii Toranaga is fighting for his life as his enemies on the Council of Regents unite against him, when a mysterious European ship is found marooned in a nearby fishing village.",japan; civil war; based on novel or book; samurai; interpreter; fish out of water; jidaigeki; historical drama; shipwrecked; sengoku period; feudal japan; 17th century,en,8.424,1859,26.2415,208883; 2942; 95329; 95341; 95344; 241372; 241191; 208921; 208923; 277439; 241275; 241290; 95279; 127651; 127865; 127875; 306201; 62458; 62474; 240975,4613; 16997; 129398; 47665; 32675; 70215; 238339; 130464; 66606; 248416; 57276; 220801; 1399; 95556; 155421; 223313; 278178; 17035; 40204; 87523,The Investigator; Shantaram; When One Day I Will Sleep; 56 Days; Rivals,Hiroyuki Sanada; Cosmo Jarvis; Anna Sawai; Tadanobu Asano; Takehiro Hira,2024-02-27,,Rachel Kondo,,Returning Series,1,10,2026-08-21,,,8.6,240464,0,0,18,0,92,76,Won 18 Primetime Emmys. 92 wins & 76 nominations total,2026-08-21,false,,,84,95,73,,100,You've loved 1 title from creator Rachel Kondo before.
show:63248,Show Me a Hero,2015,show,Watched,99217,tt2492296,63248,8,2026-07-29T01:20:33.000Z,6,2015-08-31T01:58:00.000Z,6,caught-up,false,,,Crime; Drama; War & Politics,"Mayor Nick Wasicsko took office in 1987 during Yonkers' worst crisis when federal courts ordered public housing to be built in the white, middle class side of town, dividing the city in a bitter battle fueled by fear, racism, murder and politics.",mayor; politics; murder; miniseries; racism; public housing; somber; history; understated; tense; depressing; earnest; informative; powerful,en,7.054,193,4.0525,58723; 862; 873; 886; 887; 890; 1023; 1042; 205937; 274265; 205987; 205988; 28672; 273866; 28804; 273912; 273939; 123856; 124077; 303525,38922; 10370; 245219; 34415; 245927; 259731; 212462; 1414; 72742; 75540; 155533; 1438; 81358; 113988; 64513; 12832; 72615; 60622; 123192; 122196,In the Heat of the Night; Columbo; Space Race; Neon Genesis Evangelion; Revolutionary Girl Utena,Oscar Isaac; Catherine Keener; Alfred Molina; Bob Balaban; Peter Riegert,2015-08-16,60,David Simon,,Ended,1,6,2026-08-21,,85,7.9,12212,0,0,0,0,0,0,3 wins & 23 nominations,2026-08-21,false,,,75,85,51,85,0,You've loved 1 title from creator David Simon before.
show:136311,Shrinking,2023,show,Watched,189764,tt15677150,136311,10,2026-07-29T00:13:49.000Z,33,1970-01-01T00:00:00.000Z,33,caught-up,false,,,Drama; Comedy,"Jimmy is struggling to grieve the loss of his wife while being a dad, friend, and therapist. He decides to try a new approach with everyone in his path: unfiltered, brutal honesty. Will it make things better—or unleash uproarious chaos?",therapist; grieving widower; psychologist; teenage daughter; next door neighbor; mentor protégé relationship; grieving; dramedy; death of wife; workplace comedy; grieving daughter; father daughter relationship; cognitive behavioral therapy; widower with daughter; earnest,en,7.842,698,39.6666,241337; 241272; 2996; 127641; 241166; 95044; 94951; 240942; 127897; 31184; 31245; 31251; 95274; 241405; 2962; 95433; 62688; 62649; 95517; 209100,79410; 1274; 81357; 81290; 67070; 84977; 73200; 32406; 65454; 126914; 67280; 154385; 87428; 199318; 69470; 99652; 99657; 693; 117581; 76438,The Office; Mythic Quest; Doubt; Dear Phoebe; Farrington of the F.O.,Jason Segel; Harrison Ford; Jessica Williams; Luke Tennie; Michael Urie,2023-01-26,,Brett Goldstein,,Returning Series,3,33,2026-08-21,,71,8.1,121200,0,0,0,9,12,62,Nominated for 9 Primetime Emmys. 12 wins & 62 nominations total,2026-08-21,false,,,92,90,64,71,100,You've loved 1 title from creator Brett Goldstein before.
movie:273481,Sicario,2015,movie,Watched,171369,tt3397884,273481,10,2015-09-18T00:00:00.000Z,1,2015-09-18T00:00:00.000Z,,,false,,,Action; Crime; Thriller,An idealistic FBI agent is enlisted by a government task force to aid in the escalating war against drugs at the border area between the U.S. and Mexico.,mission; assassin; central intelligence agency (cia); mexico; corruption; bomb; fbi; smoking; texas; border; manipulation; cynicism; revenge; murder; dirty cop,en,7.425,9765,15.5004,1232732; 49221; 49299; 49365; 49498; 49524; 49526; 49538; 1608096; 487052; 487088; 49559; 667739; 1607845; 49444; 49315; 1430209; 49786; 1057190; 487249,400535; 1428; 1480; 10431; 634528; 49021; 1900; 754; 458594; 20287; 9691; 8068; 1433719; 20676; 976734; 1306368; 893297; 6977; 522938; 345887,Lady in White; The Crooked Web; R.I.P.D.; Premium Rush; X-Men: First Class,Emily Blunt; Benicio del Toro; Josh Brolin; Victor Garber; Jon Bernthal,2015-09-17,122,Denis Villeneuve,Sicario Collection,,,,2026-08-21,91,82,7.7,527661,0,3,0,0,15,157,Nominated for 3 Oscars. 15 wins & 157 nominations total,2026-08-21,false,,,100,100,89,87,100,You loved Sicario and Sicario: Day of the Soldado — this is another entry in the same Sicario franchise.
movie:400535,Sicario: Day of the Soldado,2018,movie,Watched,256522,tt5052474,400535,10,2018-06-29T00:00:00.000Z,1,2018-06-29T00:00:00.000Z,,,false,,,Action; Crime; Thriller,Agent Matt Graver teams up with operative Alejandro Gillick to prevent Mexican drug cartels from smuggling terrorists across the United States border.,rescue; central intelligence agency (cia); corruption; usa–mexico border; sequel; shootout; explosion; brutality; black ops; sign languages; neo-noir; drug war; mexican cartel; covert operations; cartel warfare,en,6.945,4147,10.1153,438; 440; 445; 471; 479; 481; 507; 534; 572; 575; 559; 579; 580; 582; 584; 608; 1005776; 701; 709; 754,273481; 1428; 10431; 9691; 893297; 976734; 49021; 634528; 8068; 24411; 254904; 20287; 717930; 628847; 1535; 997120; 345887; 325173; 1480; 725201,Cube Zero; Aliens vs Predator: Requiem; Brute; Shaft; 7 Virgins,Benicio del Toro; Josh Brolin; Isabela Merced; Jeffrey Donovan; Catherine Keener,2018-06-27,122,Stefano Sollima,Sicario Collection,,,,2026-08-21,62,61,7.1,189324,0,0,0,0,1,8,1 win & 8 nominations total,2026-08-21,false,,,96,95,81,62,10,You loved Sicario and Sicario: Day of the Soldado — this is another entry in the same Sicario franchise.
show:60573,Silicon Valley,2014,show,Watched,60157,tt2575988,60573,9,2019-12-08T00:00:00.000Z,53,1970-01-01T00:00:00.000Z,53,caught-up,false,,,Comedy,"In the high-tech gold rush of modern Silicon Valley, the people most qualified to succeed are the least capable of handling success. Partially inspired by Mike Judge’s own experiences as a Silicon Valley engineer in the late ‘80s, Silicon Valley is an American sitcom that centers around six programmers who are living together and trying to make it big in the Silicon Valley.",silicon valley; nerd; computer; startup; programmer,en,8.142,1997,30.2793,2987; 306138; 63180; 1418; 1404; 93014; 1797; 2490; 61755; 61825; 2589; 64408; 95941; 211692; 309163; 245325; 133060; 104436; 9284; 12478,57284; 1915; 10420; 1229; 33922; 4415; 76345; 112211; 849; 713; 90877; 4546; 1795; 18614; 3948; 56590; 203614; 32612; 31941; 610,"Mesudarim; The Larry Sanders Show; The Whitest Kids U' Know; Tim and Eric Awesome Show, Great Job!; Portlandia",Thomas Middleditch; Zach Woods; Kumail Nanjiani; Martin Starr; Amanda Crew,2014-04-06,28,Dave Krinsky,,Ended,6,53,2026-08-21,,84,8.5,180368,0,0,2,0,16,101,Won 2 Primetime Emmys. 16 wins & 101 nominations total,2026-08-21,false,,,80,95,74,84,100,You've loved 1 title from creator Dave Krinsky before.
show:125988,Silo,2023,show,Watched,180770,tt14688458,125988,7,2026-08-13T13:32:00.000Z,20,2025-01-17T02:59:00.000Z,28,in-progress,false,,,Sci-Fi & Fantasy; Drama,"In a ruined and toxic future, thousands live in a giant silo deep underground. After its sheriff breaks a cardinal rule and residents die mysteriously, engineer Juliette starts to uncover shocking secrets and the truth about the silo.",corruption; based on novel or book; post-apocalyptic future; dystopia; politics; disaster; cynical; hidden powers; silo; societal ignorance; cautionary; systemic corruption,en,8.19,2467,232.4461,61498; 61461; 61511; 2215; 305250; 305253; 2340; 240150; 94143; 276355; 276357; 94277; 94285; 94292; 61263; 61338; 61345; 2118; 61425; 61431,86550; 287527; 79680; 1425; 85273; 1402; 71914; 48866; 46639; 90972; 93784; 62858; 86374; 106379; 77459; 60948; 83870; 94305; 42009; 99741,The Great Fire; Father Brown; Monarch of the Glen; Sarawat Mae Luk On; Koet Pen Ka,Rebecca Ferguson; Common; Chinaza Uche; Ashley Zukerman; Shane McRae,2023-05-04,,Graham Yost,,Returning Series,4,30,2026-08-21,,77,8.1,218324,0,0,0,2,4,30,Nominated for 2 Primetime Emmys. 4 wins & 30 nominations total,2026-08-21,false,,,74,95,76,77,54,You've loved 1 title from creator Graham Yost before.
movie:1233413,Sinners,2025,movie,Watched,997581,tt31193180,1233413,7,2025-04-18T00:00:00.000Z,1,2025-04-18T00:00:00.000Z,,,false,,,Horror; Action; Thriller,"Trying to leave their troubled lives behind, twin brothers return to their hometown to start again, only to discover that an even greater evil is waiting to welcome them back.","chicago, illinois; capitalism; ku klux klan; musician; immortality; vampire; cousin; surrealism; sin; alcoholism; vampire hunter (slayer); church; twins; blunt; estranged wife",en,7.5,5038,29.4021,1385573; 473; 483; 564; 555; 572; 561; 682; 694; 745; 754; 755; 765; 790; 791; 442249; 623504; 653; 626,430231; 9495; 138843; 277; 36648; 426814; 834; 36586; 9945; 38321; 1368314; 1100988; 11133; 713704; 756999; 565028; 755; 52520; 830788; 808396,Constantine; The Man with the Golden Gun; Face/Off; 28 Years Later,Michael B. Jordan; Hailee Steinfeld; Miles Caton; Jack O'Connell; Wunmi Mosaku,2025-04-16,138,Ryan Coogler,,,,,2026-08-21,97,84,7.5,472042,4,0,0,0,327,489,Won 4 Oscars. 327 wins & 489 nominations total,2026-08-21,false,,,83,100,83,91,100,You've loved 1 title from director Ryan Coogler before.
show:1274,Six Feet Under,2001,show,Watched,1267,tt0248654,1274,9,2005-08-21T00:00:00.000Z,63,1970-01-01T00:00:00.000Z,63,caught-up,false,,,Drama,"When death is your business, what is your life? For the Fisher family, the world outside of their family-owned funeral home continues to be at least as challenging as—and far less predictable than—the one inside.","sibling relationship; widow; family business ; dysfunctional family; dark comedy; death of father; business; family drama; los angeles, california; family; death; funeral home; mortuary; anxious; dramatic",en,8.123,1157,43.0471,2903; 2910; 208883; 2933; 95344; 208921; 277439; 241257; 241361; 306189; 95041; 95057; 95210; 240942; 240921; 241384; 2953; 62614; 62620; 62688,61986; 67136; 199318; 60059; 81358; 75506; 253321; 90399; 259731; 139628; 225634; 269; 249039; 259702; 66025; 64199; 110382; 72844; 92553; 4344,The Investigator; The Riches; When One Day I Will Sleep; Rivals; Cape Fear,Peter Krause; Michael C. Hall; Frances Conroy; Lauren Ambrose; Freddy Rodríguez,2001-06-03,,Alan Ball,,Ended,5,63,2026-08-21,,74,8.7,163999,0,0,9,0,62,165,Won 9 Primetime Emmys. 62 wins & 165 nominations total,2026-08-21,false,,,82,95,68,74,100,You've loved 1 title from creator Alan Ball before.
show:95480,Slow Horses,2022,show,Watched,155534,tt5875444,95480,8,2025-10-29T00:00:00.000Z,30,1970-01-01T00:00:00.000Z,30,caught-up,false,,,Crime; Drama; Mystery,"Follow a dysfunctional team of MI5 agents—and their obnoxious boss, the notorious Jackson Lamb—as they navigate the espionage world's smoke and mirrors to defend England from sinister forces.","london, england; spy; based on novel or book; secret agent; terrorism; british spy; blunt; macabre; mi5; british intelligence; absurd",en,8.003,931,64.0121,208883; 2928; 2929; 95341; 95344; 2997; 2999; 241372; 208921; 208923; 277439; 241259; 241275; 241257; 241361; 241290; 241303; 95279; 127651; 127865,4046; 61859; 93166; 72748; 219971; 71146; 129552; 213306; 3476; 60855; 252000; 19885; 207334; 220801; 72750; 225385; 114922; 233629; 16343; 137127,The Investigator; Time Bomb 9/11; Shantaram; When One Day I Will Sleep; 56 Days,Gary Oldman; Jack Lowden; Kristin Scott Thomas; Hugo Weaving; Saskia Reeves,2022-04-01,,,,Returning Series,6,36,2026-08-21,,82,8.3,146007,0,0,2,0,17,112,Won 2 Primetime Emmys. 17 wins & 112 nominations total,2026-08-21,false,,,80,75,66,82,100,"Similar to The Agency and Sherlock, which you loved."
movie:882598,Smile,2022,movie,Watched,706971,tt15474916,882598,5,2022-09-30T00:00:00.000Z,1,2022-09-30T00:00:00.000Z,,,false,,,Horror; Mystery,"After witnessing a bizarre, traumatic incident involving a patient, Dr. Rose Cotter starts experiencing frightening occurrences that she can't explain.",suicide; new jersey; post-traumatic stress disorder (ptsd); therapist; detective; paranoia; trauma; curse; hospital; doctor; mental illness; evil; self-harm; demonic; smile,en,6.673,4201,13.5104,1249935; 1249943; 1249960; 1249991; 510526; 73861; 510562; 1453157; 1631743; 1253740; 1253274; 690309; 73461; 73614; 1631521; 73986; 1253841; 1453201; 1631814; 1253832,207933; 754934; 532671; 345911; 4970; 41505; 13937; 24740; 11348; 571384; 423108; 18781; 913290; 23827; 619778; 1008042; 9358; 782936; 12103; 1212742,A Serbian Film; Raising Cain; The Entity; Barbarian,Sosie Bacon; Kyle Gallner; Jessie T. Usher; Robin Weigert; Caitlin Stasey,2022-09-23,115,Parker Finn,Smile Collection,,,,2026-08-21,79,68,6.5,227711,0,0,0,0,3,22,3 wins & 22 nominations total,2026-08-21,false,,,51,95,81,74,28,Titles you loved list this as similar or recommended (1 time).
show:215995,Smoke,2025,show,Watched,200643,tt24163532,215995,7,2025-08-22T00:00:00.000Z,9,1970-01-01T00:00:00.000Z,9,caught-up,false,,,Drama; Crime,"When an arson investigator begrudgingly teams up with a police detective, their race to stop two arsonists ignites a twisted game of secrets and suspicions.",detective; investigation; based on true story; miniseries; police detective; arsonist; based on podcast; firemen; team up; thriller; arson investigation; arson investigator,en,6.053,123,15.5012,208883; 277387; 277404; 277406; 2929; 2930; 241372; 241194; 208906; 208923; 208932; 241259; 241279; 241257; 241363; 95272; 277488; 127641; 127735; 127865,4040; 87773; 40675; 1486; 3476; 270734; 80054; 96608; 87784; 92926; 46648; 64513; 137127; 19885; 244243; 259731; 278178; 58841; 1405; 280511,The Investigator; Ramona; The Dangerous Affair; Obsessed; Time Bomb 9/11,Taron Egerton; Jurnee Smollett; Hannah Emily Anderson; Greg Kinnear; John Leguizamo,2025-06-26,,Dennis Lehane,,Ended,1,9,2026-08-21,,61,6.7,14752,0,0,0,0,2,1,Nominated for 1 BAFTA Award. 2 wins & 1 nomination total,2026-08-21,false,,,54,85,47,61,5,You've loved 1 title with Jurnee Smollett before.
show:119279,Solos,2021,show,Watched,173179,tt13356646,119279,6,2021-05-21T00:00:00.000Z,7,1970-01-01T00:00:00.000Z,7,caught-up,false,,,Sci-Fi & Fantasy; Drama,"Anthology series telling character-driven stories set at different moments in time, aiming to showcase that during people's most isolated moments, and in disparate circumstances, the human experience connects everyone.",dystopia; anthology; science fiction; drama,en,6.674,265,5.9114,243175; 281583; 35401; 131142; 7703; 7809; 35406; 7713; 310537; 310200; 212041; 212055; 243380; 131366; 97559; 281829; 64957; 310708; 282125; 8271,21561; 1386; 83135; 138169; 107119; 70391; 113036; 42009; 86686; 75191; 4346; 4340; 12832; 73607; 7143; 125116; 3470; 10370; 85273; 83659,Love Story; American Horror Stories; Black Mirror; The Terror; The Hunger,Morgan Freeman; Dan Stevens,2021-05-21,,David Weil,,Ended,1,7,2026-08-21,,44,6,5784,0,0,0,0,0,0,3 nominations total,2026-08-21,false,,,49,90,54,44,0,"Similar to Black Mirror, which you loved."
show:106308,Somebody Somewhere,2022,show,Watched,164733,tt12759100,106308,8,2024-12-15T00:00:00.000Z,21,1970-01-01T00:00:00.000Z,21,caught-up,false,,,Comedy; Drama,"Sam is a true Kansan on the surface but beneath it all struggles to fit the hometown mold. As she grapples with loss and acceptance, singing is Sam’s saving grace and leads her on a journey to discover herself and a community of outsiders that don’t fit in but don’t give up, showing that finding your people, and finding your voice, is possible. Anywhere. Somewhere.","small town; midlife crisis; death of sister; manhattan, kansas; sister sister relationship; found family; rural; grieving sister; accepting yourself; outsiders; grief & loss",en,7.2,80,7.3649,2211; 240085; 2147; 2233; 2327; 276298; 61405; 61593; 94504; 94803; 62097; 127108; 94714; 61940; 62142; 127621; 2731; 305816; 95259; 92901,365; 62704; 227139; 65798; 211; 693; 116450; 126914; 102904; 61637; 70964; 85727; 73925; 16208; 136739; 62117; 249023; 39525; 243316; 199001,'Allo 'Allo!; Out There; Ballers; The Game; Desperate Housewives,Bridget Everett; Jeff Hiller; Mary Catherine Garrison; Murray Hill,2022-01-16,,Hannah Bos,,Ended,3,21,2026-08-21,,89,8.2,16097,0,0,0,0,5,31,5 wins & 31 nominations total,2026-08-21,false,,,45,85,43,89,41,Fits your taste for Comedy / Drama.
show:259265,Something Very Bad Is Going to Happen,2026,show,Watched,248719,tt32937780,259265,7,2026-03-26T00:00:00.000Z,8,1970-01-01T00:00:00.000Z,8,caught-up,false,,,Drama; Mystery,"A bride has a feeling that something horrifying will happen at her wedding — and the closer to the altar she gets, the worse it becomes.",marriage; haunting; curse; wedding; disturbed; shocking; horror,en,6.524,189,9.9095,277453; 95210; 95469; 95767; 62917; 128098; 306598; 241501; 127955; 91097; 205; 123332; 91120; 91239; 205366; 237328; 237586; 273908; 237997; 124364,88055; 86848; 7354; 240920; 130464; 262848; 67135; 83659; 233256; 10370; 1622; 81747; 95839; 253376; 241372; 2263; 124364; 156933; 68315; 64394,He She It; Apple Cider Vinegar; FROM; Evil; Tell Me Lies,Camila Morrone; Adam DiMarco; Gus Birney; Jeff Wilbusch; Karla Crome,2026-03-26,,Haley Z. Boston,,Ended,1,8,2026-08-21,,65,6.8,21639,0,0,0,0,0,0,N/A,2026-08-21,false,,,32,85,51,65,0,Fits your taste for Drama / Mystery.
show:1409,Sons of Anarchy,2008,show,Watched,1400,tt1124373,1409,9,2014-12-09T00:00:00.000Z,92,1970-01-01T00:00:00.000Z,92,caught-up,false,,,Crime; Drama,"The Sons of Anarchy (SOA) are an outlaw motorcycle club with many charters in the United States and overseas. The show focused on the original and founding charter, Sons of Anarchy Motorcycle Club, Redwood Original, often referred to by the acronym SAMCRO, Sam Crow, or simply Redwood Charter. The charter operates both legal and illegal businesses in the small town of Charming, California. They combine gun-running and a garage, and involvement in porn film industry. Clay, the charter president, likes it old school and violent; while Jax, his stepson and the club's VP, has thoughts about changing the way things are done. Their conflict has effects on both the club and their personal relationship, especially when Jax goes on a personal quest to cleanse the SAMCRO name and image.",outlaw; organized crime; motorcycle gang; criminal,en,8.4,3353,79.8821,2933; 2966; 62673; 95467; 62829; 63141; 62733; 62929; 241521; 3275; 186; 237326; 123787; 383; 91699; 237558; 625; 58810; 92137; 206263,76231; 66025; 255570; 119845; 97890; 75797; 75666; 54650; 66310; 194764; 64836; 66676; 153657; 101591; 4040; 68018; 62172; 247718; 60574; 10305,The Riches; Westside; Weeds; ZeroZeroZero; 老娘泪,Charlie Hunnam; Katey Sagal; Tommy Flanagan; Mark Boone Junior; Kim Coates,2008-09-03,,Kurt Sutter,,Ended,7,92,2026-08-21,,75,8.5,352705,0,0,0,5,13,58,Nominated for 5 Primetime Emmys. 13 wins & 58 nominations total,2026-08-21,false,,,100,95,79,75,100,You've loved 1 title from creator Kurt Sutter before.
movie:314365,Spotlight,2015,movie,Watched,194119,tt1895587,314365,9,2015-11-20T00:00:00.000Z,1,2015-11-20T00:00:00.000Z,,,false,,,Drama; History,"The true story of how the Boston Globe uncovered the massive scandal of child molestation and cover-up within the local Catholic Archdiocese, shaking the entire Catholic Church to its core.","pedophilia; florida; newspaper; journalist; child abuse; court; judge; boston, massachusetts; journalism; sex scandal; victim; based on true story; cover-up; priest; conspiracy",en,7.812,8913,10.3123,263336; 3877; 1009679; 4043; 4107; 263773; 263782; 263785; 4464; 4483; 4515; 4517; 4518; 814215; 1010170; 1389137; 4580; 4587; 626332; 263408,520318; 424998; 14748; 837881; 551332; 13537; 14359; 388399; 467936; 44691; 4169; 31142; 49890; 363676; 292011; 522212; 610219; 891; 32767; 20539,Irish Eyes; Things We Lost in the Fire; Hard Miles; Bloody Sunday; The Lindbergh Kidnapping Case,Mark Ruffalo; Michael Keaton; Rachel McAdams; Liev Schreiber; John Slattery,2015-11-06,129,Tom McCarthy,,,,,2026-08-21,97,93,8.1,529406,2,0,0,0,124,145,Won 2 Oscars. 124 wins & 145 nominations total,2026-08-21,false,,,69,100,88,95,100,You've loved 1 title from director Tom McCarthy before.
show:93405,Squid Game,2021,show,Watched,162712,tt10919420,93405,8,2025-06-27T00:00:00.000Z,22,1970-01-01T00:00:00.000Z,22,caught-up,false,,,Action & Adventure; Mystery; Drama,"Hundreds of cash-strapped players accept a strange invitation to compete in children's games. Inside, a tempting prize awaits — with deadly high stakes.",secret organization; challenge; survival; fictional game show; cruelty; game; prize; death game; thriller,ko,7.855,17675,49.2368,891; 273914; 273966; 303525; 303658; 58677; 91601; 91725; 124396; 274427; 238084; 1153; 274675; 58926; 91827; 124548; 58811; 1425; 1426; 1429,114922; 119769; 122530; 2321; 262280; 85021; 155226; 222766; 95439; 61700; 167; 262352; 75450; 285807; 238084; 247732; 90795; 32868; 127529; 3894,The Spy; The Temptation Of Happiness; House of Cards; Luther; Citadel,Lee Jung-jae; Yim Si-wan; Wi Ha-jun; Jo Yu-ri; Lee Byung-hun,2021-09-17,,Hwang Dong-hyuk,,Ended,3,22,2026-08-21,,65,7.9,756973,0,0,6,0,55,90,Won 6 Primetime Emmys. 55 wins & 90 nominations total,2026-08-21,false,,,56,100,95,65,100,"Similar to House of Cards, which you loved."
show:251941,St. Denis Medical,2024,show,Watched,235514,tt21433690,251941,6,2026-07-29T00:17:59.000Z,36,2026-04-07T00:22:00.000Z,36,caught-up,false,,,Comedy,An eclectic group of underfunded yet dedicated doctors and nurses navigates caring for patients — and each other — while keeping it all together at an Oregon hospital.,"oregon, usa; hospital; mockumentary; sitcom; workplace comedy; absurd; dramatic; hilarious; amused",en,6.7,52,22.2126,964; 971; 977; 981; 92152; 92153; 92139; 124740; 92417; 846; 847; 805; 809; 815; 817; 848; 867; 868; 869; 903,4556; 86893; 8592; 33922; 129502; 610; 112211; 1229; 4415; 849; 4546; 90877; 1974; 71209; 3002; 57756; 36994; 63593; 60783; 4483,WKRP in Cincinnati; Peep Show; Parks and Recreation; Portlandia; Mr. Show with Bob and David,Wendi McLendon-Covey; Allison Tolman; Josh Lawson; Kahyun Kim; Mekki Leeper,2024-11-12,22,Justin Spitzer,,Returning Series,3,37,2026-08-21,,66,7.1,7108,0,0,0,0,2,6,2 wins & 6 nominations total,2026-08-21,false,,,57,85,39,66,10,"Similar to Parks and Recreation and Curb Your Enthusiasm, which you loved."
show:83867,Star Wars: Andor,2022,show,Watched,170649,tt9253284,83867,9,2025-05-13T00:00:00.000Z,24,1970-01-01T00:00:00.000Z,24,caught-up,false,,,Sci-Fi & Fantasy; Action & Adventure; Drama,"In an era filled with danger, deception and intrigue, Cassian Andor will discover the difference he can make in the struggle against the tyrannical Galactic Empire. He embarks on a path that is destined to turn him into a rebel hero.",space war; prequel; space; rebellion; revolutionary; imperialism; political thriller; spy thriller; audacious,en,8.3,2162,43.1275,25; 123517; 121; 134; 196; 216; 253; 303124; 314; 237108; 580; 655; 661; 91160; 932; 877; 124101; 1225; 1295; 124394,114461; 128113; 1437; 82856; 4271; 2985; 106159; 92830; 14956; 580; 14141; 114478; 202879; 63647; 31867; 71365; 111837; 5656; 5148; 112162,Caprica; Hacks; Flash Gordon; Power Book III: Raising Kanan; Ahsoka,Diego Luna; Anton Lesser; Muhannad Bhaier; Stellan Skarsgård; Denise Gough,2022-09-21,,Tony Gilroy,,Ended,2,24,2026-08-21,,,8.6,270212,0,0,5,0,35,132,Won 5 Primetime Emmys. 35 wins & 132 nominations total,2026-08-21,false,,,83,95,74,,100,You've loved 1 title from creator Tony Gilroy before.
movie:321697,Steve Jobs,2015,movie,Watched,202637,tt2080374,321697,7,2015-10-23T00:00:00.000Z,1,2015-10-23T00:00:00.000Z,,,false,,,Drama; History,"Set backstage at three iconic product launches and ending in 1998 with the unveiling of the iMac, Steve Jobs takes us behind the scenes of the digital revolution to paint an intimate portrait of the brilliant man at its epicenter.",computer; biography; based on true story; father daughter relationship; wonder; tense; compassionate; doubtful,en,6.773,4426,4.8366,4997; 5001; 5038; 4975; 1009679; 446112; 3526; 3558; 626332; 4734; 445839; 815062; 4464; 4483; 4587; 264405; 626587; 1389065; 264874; 264915,115782; 292011; 441183; 37799; 3293; 940139; 336000; 614917; 501907; 21291; 461115; 58882; 82631; 804095; 753336; 574151; 14534; 14914; 92283; 253257,Wonderland; Before Night Falls; Love Is the Devil: Study for a Portrait of Francis Bacon; Hard Miles; James Joyce's 'Ulysses',Michael Fassbender; Kate Winslet; Seth Rogen; Jeff Daniels; Michael Stuhlbarg,2015-10-09,123,Danny Boyle,,,,,2026-08-21,85,82,7.2,187904,0,2,0,0,28,117,Nominated for 2 Oscars. 28 wins & 117 nominations total,2026-08-21,false,,,50,95,81,84,100,You've loved 1 title with Michael Fassbender before.
show:248830,Stick,2025,show,Watched,230595,tt31710249,248830,8,2026-08-13T13:32:31.000Z,10,2025-07-23T01:35:00.000Z,10,caught-up,false,,,Comedy; Drama,"Pryce Cahill was headed for golf greatness when an on-course meltdown derailed his career. Now struggling to stay afloat, he goes all in to mentor Santi—a teenage phenom with immense potential—and maybe save himself.",golf; road trip; ex-husband ex-wife relationship; mentor protégé relationship; amateur sports; mentoring; teenager; rv; motorhome; new start; golf tournament; golf pro; phenom,en,7.2,117,19.5327,206437; 275277; 92762; 92782; 125383; 93483; 60652; 207841; 2181; 123557; 205308; 58318; 91275; 273853; 237982; 206191; 274265; 274302; 61604; 94879,1100; 195670; 254420; 2506; 126660; 89611; 1950; 94686; 2181; 124010; 1849; 1803; 1791; 279471; 1530; 47813; 51425; 81499; 4454; 4241,Fakes; Unbelievable; How I Met Your Mother; Elle; Professor T,Owen Wilson; Peter Dager; Lilli Kay; Mariana Treviño; Marc Maron,2025-06-03,,Jason Keller,,Returning Series,2,20,2026-08-21,,62,7.2,18172,0,0,0,0,0,0,N/A,2026-08-21,false,,,39,85,46,62,0,You've loved 1 title with Owen Wilson before.
movie:277216,Straight Outta Compton,2015,movie,Watched,174900,tt1398426,277216,8,2015-08-14T00:00:00.000Z,1,2015-08-14T00:00:00.000Z,,,false,,,Drama; Music; History,"In 1987, five young men, using brutally honest rhymes and hardcore beats, put their frustration and anger about life in the most dangerous place in America into the most powerful weapon they had: their music.  Taking us back to where it all began, Straight Outta Compton tells the true story of how these cultural rebels—armed only with their lyrics, swagger, bravado and raw talent—stood up to the authorities that meant to keep them down and formed the world’s most dangerous group, N.W.A.  And as they spoke the truth that no one had before and exposed life in the hood, their voice ignited a social revolution that is still reverberating today.",drug dealer; police brutality; husband wife relationship; rap music; hip-hop; sibling relationship; aids; parent child relationship; gangster; rapper; ghetto; nightclub; assault; freedom of speech; protest,en,7.773,4259,8.9354,260068; 260081; 622161; 1384576; 1005017; 1384914; 379309; 379441; 379523; 1312187; 397362; 397367; 396940; 396678; 396996; 397128; 943121; 396715; 396774; 765019,873; 10060; 10476; 14410; 799766; 65; 407448; 239566; 21344; 1028196; 9040; 760329; 603519; 850165; 615115; 402529; 556984; 15697; 14729; 12271,Better Man; The Smashing Machine; The Iron Claw; The Trial of the Chicago 7,O'Shea Jackson Jr.; Corey Hawkins; Jason Mitchell; Neil Brown Jr.; Aldis Hodge,2015-08-11,147,F. Gary Gray,,,,,2026-08-21,89,72,7.8,232617,0,1,0,0,28,40,Nominated for 1 Oscar. 28 wins & 40 nominations total,2026-08-21,false,,,50,95,81,81,100,Fits your taste for Drama / Music.
show:66732,Stranger Things,2016,show,Watched,104439,tt4574334,66732,9,2025-12-31T00:00:00.000Z,42,1970-01-01T00:00:00.000Z,42,caught-up,false,,,Action & Adventure; Mystery; Sci-Fi & Fantasy,"When a young boy vanishes, a small town uncovers a mystery involving secret experiments, terrifying supernatural forces, and one strange little girl.","monster; small town; indiana, usa; experiment; halloween; friendship; supernatural; coming of age; parallel world; super power; government conspiracy; teen drama; 1980s; supernatural horror; teen horror",en,8.554,21691,120.3814,208883; 2925; 95341; 95346; 277453; 95269; 127635; 306086; 127758; 306129; 95041; 95049; 95057; 62301; 95186; 95203; 95210; 2847; 2640; 127828,124364; 10545; 19614; 86423; 68315; 229711; 281666; 231003; 247721; 63210; 1705; 65820; 1402; 79240; 77459; 47640; 64230; 203555; 424; 65988,The Investigator; Shantaram; Hatena Illusion; The Stranded; Superman & Lois,Winona Ryder; David Harbour; Millie Bobby Brown; Finn Wolfhard; Gaten Matarazzo,2016-07-15,,Ross Duffer,,Ended,5,42,2026-08-21,,74,8.6,1691532,0,0,12,0,122,335,Won 12 Primetime Emmys. 122 wins & 335 nominations total,2026-08-21,false,,,70,100,97,74,100,You've loved 1 title from creator Ross Duffer before.
show:76331,Succession,2018,show,Watched,125479,tt7660850,76331,9,2023-05-28T00:00:00.000Z,39,1970-01-01T00:00:00.000Z,39,caught-up,false,,,Drama; Comedy,Follow the lives of the Roy family as they contemplate their future once their aging father begins to step back from the media and entertainment conglomerate they control.,new york city; sibling relationship; media tycoon; businessman; patriarch; family business ; dysfunctional family; wealth; sibling; succession; white collar criminal; failed marriage; baffled; commanding; media empire,en,8.303,1733,44.3153,277405; 2933; 277439; 277445; 95170; 241384; 2961; 3018; 62810; 62852; 63039; 62999; 95681; 63048; 128098; 128184; 95845; 3200; 3253; 3357,34307; 249039; 1906; 85519; 1274; 2933; 82782; 61986; 90399; 2691; 154385; 65454; 63314; 219788; 257994; 64043; 241609; 1398; 226346; 225634,The Riches; Cape Fear; Power: Origins; Billions; Even Stevens,Jeremy Strong; Kieran Culkin; Sarah Snook; Brian Cox; Matthew Macfadyen,2018-06-03,,Jesse Armstrong,,Ended,4,39,2026-08-21,,86,8.8,346930,0,0,19,0,141,265,Won 19 Primetime Emmys. 141 wins & 265 nominations total,2026-08-21,false,,,100,95,72,86,100,You've loved 1 title from creator Jesse Armstrong before.
show:203744,Sugar,2024,show,Watched,196180,tt16418808,203744,7,2024-05-03T00:00:00.000Z,14,1970-01-01T00:00:00.000Z,16,in-progress,false,,,Drama; Mystery,"John Sugar is a dashing private eye navigating the dark corners of sunny LA. Though he sees only the good in humanity, Sugar is haunted by a secret too dangerous to expose.","los angeles, california; private detective; missing person; neo-noir; thriller",en,7.145,363,40.0429,2179; 2279; 2332; 2302; 240151; 276389; 61307; 2142; 2234; 61537; 61555; 126520; 94028; 61299; 61406; 94413; 276671; 61859; 61863; 30948,85853; 72748; 60585; 220102; 256317; 259731; 213306; 96450; 246461; 240740; 256711; 239826; 147050; 130464; 1423; 400; 250504; 126; 80054; 244243,"Quincy, M.E.; Relativity; L.A. Heat; Huff; Fastlane",Colin Farrell; Jin Ha; Tony Dalton; Raymond Lee; Laura Donnelly,2024-04-04,,Mark Protosevich,,Returning Series,2,16,2026-08-21,,69,7.4,45169,0,0,0,1,1,10,Nominated for 1 Primetime Emmy. 1 win & 10 nominations total,2026-08-21,false,,,57,90,57,69,20,You've loved 2 titles with Colin Farrell before.
show:37680,Suits,2011,show,Watched,37522,tt1632701,37680,4,2026-07-29T00:23:24.000Z,134,2019-09-26T01:47:00.000Z,134,caught-up,false,,,Drama,"While running from a drug deal gone bad, Mike Ross, a brilliant young college-dropout, slips into a job interview with one of New York City's best legal closers, Harvey Specter. Tired of cookie-cutter law school grads, Harvey takes a gamble by hiring Mike on the spot after he recognizes his raw talent and photographic memory.",lawyer; impostor; law firm; photographic memory; paralegal; corporate law; courtroom drama,en,8.221,5864,106.2181,2933; 127814; 31325; 62780; 62802; 3110; 62871; 62873; 63096; 63101; 3050; 62896; 62897; 31533; 63188; 3277; 3284; 3222; 150; 123378,116799; 205272; 67384; 1365; 3222; 259453; 226174; 32940; 67119; 549; 4920; 60059; 256711; 202555; 4040; 732; 69158; 278624; 85853; 156933,The Riches; The Practice; The Lincoln Lawyer; Goliath; Eli Stone,Gabriel Macht; Rick Hoffman; Sarah Rafferty; Amanda Schull; Dulé Hill,2011-06-23,42,Aaron Korsh,,Ended,9,134,2026-08-21,,65,8.4,544130,0,0,0,0,1,9,1 win & 9 nominations total,2026-08-21,false,,,78,100,84,65,11,"Similar to The Lincoln Lawyer and Goliath, which you loved."
movie:363676,Sully,2016,movie,Watched,241110,tt3263904,363676,7,2016-09-09T00:00:00.000Z,1,2016-09-09T00:00:00.000Z,,,false,,,Drama; History,"On 15 January 2009, the world witnessed the 'Miracle on the Hudson' when Captain 'Sully' Sullenberger glided his disabled plane onto the Hudson River, saving the lives of all 155 souls aboard. However, even as Sully was being heralded by the public and the media for his unprecedented feat of aviation skill, an investigation was unfolding that threatened to destroy his reputation and career.",rescue; new york city; airplane; investigation; pilot; based on true story; emergency landing; flight; aviation; airplane accident; based on memoir or autobiography; bird attack; hudson river; duringcreditsstinger; powerful,en,7.204,7817,9.3415,1079810; 1627835; 315837; 510298; 510495; 73823; 510558; 510559; 876797; 74049; 318846; 73448; 73575; 73416; 73524; 73772; 876671; 73951; 1253773; 1084514,17599; 878375; 2133; 292011; 9549; 2567; 433627; 38432; 267192; 31690; 25566; 1852; 62441; 9433; 13537; 649394; 653851; 314365; 17761; 300673,Ghost in the Shell; Time to Spare; The Big Short; The Aviator; Spotlight,Tom Hanks; Aaron Eckhart; Anna Gunn; Holt McCallany; Mike O'Malley,2016-09-07,96,Clint Eastwood,,,,,2026-08-21,85,74,7.4,320206,0,1,0,0,14,36,Nominated for 1 Oscar. 14 wins & 36 nominations total,2026-08-21,false,,,90,100,87,80,79,You've loved 1 title with Anna Gunn before.
movie:8363,Superbad,2007,movie,Watched,4151,tt0829482,8363,10,2026-08-21T14:13:15.000Z,1,2007-08-17T00:00:00.000Z,,,true,,,Comedy,Two co-dependent high school seniors are forced to deal with separation anxiety after their plan to stage a booze-soaked party goes awry.,"high school; police; alcohol; chaos; nerd; coming of age; school; los angeles, california; drugs; buddy; one night; fake id; serene",en,7.27,8285,17.1601,442; 522; 525; 546; 695; 789; 621; 680; 442480; 1564098; 261525; 261473; 620; 442266; 261647; 622171; 71; 90; 96; 5,64688; 505600; 107811; 1008953; 325133; 57214; 16094; 9430; 193893; 104859; 295699; 9611; 9618; 877817; 490005; 11635; 290250; 187017; 8386; 1493859,Popular Music; Ed Wood; The Blues Brothers; Transamerica; Short Cuts,Jonah Hill; Michael Cera; Christopher Mintz-Plasse; Bill Hader; Seth Rogen,2007-08-17,113,Greg Mottola,,,,,2026-08-21,88,76,7.6,687483,0,0,0,0,11,24,11 wins & 24 nominations total,2026-08-21,false,,,80,100,88,82,46,You've loved 1 title from director Greg Mottola before.
movie:817758,TÁR,2022,movie,Watched,651114,tt14444726,817758,7,2022-10-07T00:00:00.000Z,1,2022-10-07T00:00:00.000Z,,,false,,,Music; Drama,"As celebrated conductor Lydia Tár starts rehearsals for a career-defining symphony, the consequences of her past choices begin to echo in the present.","infidelity; new york city; berlin, germany; composer; musician; classical music; conductor; orchestra; philippines; lgbt; character study; adopted child; concert pianist; fictional biography; angry",en,7.089,1579,6.9808,2288; 2291; 2313; 263259; 2370; 2371; 625430; 444458; 444483; 1008048; 2759; 2768; 263585; 2846; 2887; 2898; 1194786; 1194839; 813735; 813723,537116; 17332; 1038263; 939; 279; 1230368; 454652; 1816; 25566; 206284; 13537; 32274; 837881; 661539; 20967; 34760; 4960; 630566; 1125; 46992,Jacob's Ladder; Prime; Topaz; As Good as It Gets; A Complete Unknown,Cate Blanchett; Nina Hoss; Noémie Merlant; Sophie Kauer; Julian Glover,2022-10-07,158,Todd Field,,,,,2026-08-21,,93,7.4,109361,0,6,0,0,79,271,Nominated for 6 Oscars. 79 wins & 271 nominations total,2026-08-21,false,,,54,95,71,93,100,Fits your taste for Music / Drama.
show:228305,Task,2025,show,Watched,206561,tt28013708,228305,9,2026-07-29T00:13:57.000Z,7,1970-01-01T00:00:00.000Z,7,caught-up,false,,,Crime; Drama,"In the working-class suburbs of Philadelphia, an FBI agent heads a task force assembled to put an end to a string of violent robberies led by an unsuspecting family man.","philadelphia, pennsylvania; robbery; drug dealer; suburb; home invasion; task force; alcoholic; fbi agent; biker gang; violence; suspenseful; intense; powerful",en,6.966,363,22.517,890; 1042; 273939; 303633; 58769; 124364; 1095; 238084; 237982; 1104; 92006; 274555; 1424; 1426; 1448; 1401; 1405; 274776; 1438; 59312,209876; 287238; 247718; 125949; 4057; 218351; 87773; 106158; 244628; 88055; 41727; 80748; 2171; 1908; 1486; 4040; 119845; 54650; 256317; 97890,Neon Genesis Evangelion; Revolutionary Girl Utena; FROM; Ghost in the Shell: Stand Alone Complex; Mad Men,Mark Ruffalo; Tom Pelphrey; Emilia Jones; Fabien Frankel; Thuso Mbedu,2025-09-07,,Brad Ingelsby,,Returning Series,2,7,2026-08-21,,77,7.9,71672,0,0,0,0,4,13,Nominated for 1 BAFTA Award. 4 wins & 13 nominations total,2026-08-21,false,,,92,90,57,77,21,You've loved 1 title from creator Brad Ingelsby before.
show:97546,Ted Lasso,2020,show,Watched,162639,tt10986410,97546,9,2023-05-31T00:00:00.000Z,34,1970-01-01T00:00:00.000Z,37,in-progress,false,,,Drama; Comedy,"Ted Lasso, an American football coach, moves to England when he's hired to manage a soccer team—despite having no experience. With cynical players and a doubtful town, will he get them to see the Ted Lasso Way?",england; male friendship; friendship; fish out of water; football (soccer); american abroad; teammate; professional sports; football (soccer) team; workplace comedy; team owner; football (soccer) coach; reflective; optimist; coaching,en,8.359,2570,179.4465,211936; 211720; 131193; 35254; 211731; 97173; 97186; 64684; 64688; 64699; 7610; 7698; 7798; 7777; 310289; 35415; 35473; 281762; 310429; 131028,62704; 31497; 211; 244623; 92621; 4598; 243316; 112211; 199001; 219788; 216795; 380; 62117; 100883; 33301; 158756; 1320; 815; 126506; 70964,And Then There Were None; Ballers; The League; The Game; Running Point,Jason Sudeikis; Hannah Waddingham; Jeremy Swift; Brett Goldstein; Brendan Hunt,2020-08-14,,Jason Sudeikis,,Returning Series,4,44,2026-08-21,,74,8.7,448773,0,0,13,0,73,213,Won 13 Primetime Emmys. 73 wins & 213 nominations total,2026-08-21,false,,,74,95,76,74,100,You've loved 1 title from creator Jason Sudeikis before.
show:130464,Tell Me Lies,2022,show,Watched,170694,tt13018148,130464,7,2025-05-21T00:00:00.000Z,26,1970-01-01T00:00:00.000Z,26,caught-up,false,,,Drama; Mystery,"When Lucy Albright and Stephen DeMarco meet at college, they are at that formative age when seemingly mundane choices lead the way to irrevocable consequences. They quickly fall into an addictive entanglement that will permanently alter not only their lives, but the lives of everyone around them.",based on novel or book,en,7.6,245,15.8634,208883; 2928; 95341; 95344; 241372; 208921; 208923; 277439; 241275; 241290; 95279; 127651; 127865; 127875; 306201; 306207; 62458; 240975; 241065; 305817,256711; 155534; 125816; 253376; 80213; 241372; 147050; 157372; 233256; 95839; 246461; 108181; 223599; 284605; 273240; 129612; 244244; 31917; 156473; 210787,The Investigator; Shantaram; When One Day I Will Sleep; 56 Days; Rivals,Grace Van Patten; Jackson White; Catherine Missal; Alicia Crowder; Sonia Mena,2022-09-07,,Meaghan Oppenheimer,,Ended,3,26,2026-08-21,,71,7.1,17771,0,0,0,0,0,0,2 wins total,2026-08-21,false,,,53,90,53,71,0,Titles you loved list this as similar or recommended (5 times).
movie:577922,Tenet,2020,movie,Watched,427989,tt6723592,577922,10,2020-09-03T00:00:00.000Z,1,2020-09-03T00:00:00.000Z,,,false,,,Action; Thriller; Science Fiction,"Armed with only one word - Tenet - and fighting for the survival of the entire world, the Protagonist journeys through a twilight world of international espionage on a mission that will unfold in something beyond real time.","assassin; espionage; spy; time travel; mumbai (bombay), india; arms dealer; terrorism; terrorist attack; nuclear weapons; terrorist plot; backwards; alternate timeline; oslo, norway; time paradox; kyiv (kiev), ukraine",en,7.172,11399,18.1972,540; 574; 582; 682; 691; 612; 699; 707; 708; 714; 787; 811592; 657; 660; 662; 633; 681; 623521; 1006228; 646,56292; 137094; 7551; 45612; 10003; 2503; 2502; 2501; 667; 4614; 1087891; 31604; 1738; 8195; 97020; 1023915; 49040; 11623; 10559; 860,The Man Who Knew Too Much; The Lives of Others; The Man with the Golden Gun; Munich; One Shot,John David Washington; Robert Pattinson; Elizabeth Debicki; Kenneth Branagh; Dimple Kapadia,2020-08-22,150,Christopher Nolan,,,,,2026-08-21,70,69,7.3,698944,1,0,0,0,49,135,Won 1 Oscar. 49 wins & 135 nominations total,2026-08-21,false,,,70,100,91,70,100,You've loved 2 titles from director Christopher Nolan before.
movie:302946,The Accountant,2016,movie,Watched,203309,tt2140479,302946,9,2016-10-14T00:00:00.000Z,1,2016-10-14T00:00:00.000Z,,,false,,,Crime; Thriller; Drama,"As a math savant uncooks the books for a new client, the Treasury Department closes in on his activities and the body count starts to rise.",prison; sniper; assassin; autism; military service; money; treasury department; sniper rifle; gunfight; loner; hand to hand combat; numbers; accountant; math genius; brother brother relationship,en,7.138,7516,13.0429,49207; 49213; 49618; 49342; 49759; 1057190; 487249; 46934; 46957; 47250; 484742; 665042; 47095; 296752; 484506; 46770; 49769; 49940; 1233413; 49981,186; 870028; 619278; 9705; 1263012; 818397; 74998; 8838; 1227816; 247; 11826; 526007; 2026; 68727; 249070; 30025; 848123; 11412; 938150; 1530875,Stoner's Night Out; Stegman Is Dead; Intimate Confessions of a Chinese Courtesan; Sinners; Goodbye Lover,Ben Affleck; Anna Kendrick; J.K. Simmons; Jon Bernthal; Jeffrey Tambor,2016-10-13,128,Gavin O'Connor,The Accountant Collection,,,,2026-08-21,53,51,7.3,392294,0,0,0,0,3,5,3 wins & 5 nominations total,2026-08-21,false,,,66,100,87,52,11,You loved The Accountant — this is another entry in the same The Accountant franchise.
show:106454,The Afterparty,2022,show,Watched,163677,tt12614214,106454,4,2026-08-13T13:32:12.000Z,18,2023-09-06T01:31:00.000Z,18,caught-up,false,,,Mystery; Comedy; Crime,Nothing is as it seems in this hilarious murder mystery where each suspect's story is told through a different film genre.,murder mystery,en,7.121,232,11.4811,62753; 63023; 95832; 241548; 136; 91997; 790; 238193; 59134; 59312; 895; 274479; 207389; 93705; 1920; 61056; 61431; 61465; 61511; 2366,155594; 69470; 107113; 111838; 202224; 194728; 242054; 1270; 67773; 291506; 69659; 73552; 256317; 155243; 45482; 67960; 95888; 62046; 113966; 225780,The Bletchley Circle; Murder Most Horrid; Lynley; Father Brown; Santa Clarita Diet,Tiffany Haddish; Sam Richardson; Zoë Chao; John Cho; Paul Walter Hauser,2022-01-28,,Christopher Miller,,Canceled,2,18,2026-08-21,,73,7.3,24598,0,0,0,0,1,11,1 win & 11 nominations total,2026-08-21,false,,,37,90,53,73,13,Fits your taste for Mystery / Comedy.
show:219971,The Agency,2024,show,Watched,202341,tt26656917,219971,10,2026-07-29T00:14:11.000Z,20,1970-01-01T00:00:00.000Z,20,caught-up,true,,,Drama; Mystery,"Covert CIA agent Martian is ordered to abandon his undercover life and return to London Station. When the love he left behind unexpectedly reappears, their romance reignites, pitting his career, his real identity and his mission against his heart while hurling them both into a deadly game of international intrigue and espionage.","london, england; spy; undercover agent; remake; political thriller; grim; spy thriller; spycraft; foreboding; cia agent",en,7.192,273,38.8842,61498; 2134; 2142; 61448; 61546; 208120; 126660; 61405; 208076; 61567; 61580; 61703; 61815; 61752; 61831; 61859; 126919; 61915; 94796; 30892,114922; 95480; 93166; 225385; 113962; 129552; 61859; 156819; 71146; 233629; 207334; 157080; 60855; 72748; 256317; 96450; 72750; 1486; 1973; 85021,The Great Fire; Fastlane; Professor T; The Night Manager; Citadel,Michael Fassbender; Jeffrey Wright; Jodie Turner-Smith; Katherine Waterston; Harriet Sansom Harris,2024-12-01,,Jez Butterworth,,Returning Series,2,20,2026-08-21,,,7.4,31252,0,0,0,0,0,0,1 nomination total,2026-08-21,false,,,63,90,54,,0,You've loved 1 title from creator Jez Butterworth before.
show:46533,The Americans,2013,show,Watched,46263,tt2149175,46533,8,2018-05-30T00:00:00.000Z,75,1970-01-01T00:00:00.000Z,75,caught-up,false,,,Crime; Drama,"Set during the Cold War period in the 1980s, The Americans is the story of Elizabeth and Philip Jennings, two Soviet KGB officers posing as an American married couple in the suburbs of Washington D.C. and their neighbor, Stan Beeman, an FBI Counterintelligence agent.","spy; washington dc, usa; undercover; fbi; cold war; kgb; period drama; russian spy; 1980s; dramatic; commanding",en,7.885,1092,48.2055,124601; 124763; 92391; 274561; 844; 799; 814; 1042; 59312; 29043; 274570; 59610; 59643; 238699; 1180; 1274; 29398; 1144; 92740; 92472,262793; 61859; 4040; 129552; 1486; 71146; 61933; 156819; 114922; 287238; 47600; 213306; 396; 119845; 67384; 95480; 57276; 75666; 245927; 4330,Love in the Moonlight; Sherlock Holmes; Hornblower; Revolutionary Girl Utena; The Bletchley Circle,Keri Russell; Matthew Rhys; Holly Taylor; Keidrich Sellati; Noah Emmerich,2013-01-30,,Joe Weisberg,,Ended,6,75,2026-08-21,,89,8.4,121271,0,0,4,0,48,173,Won 4 Primetime Emmys. 48 wins & 173 nominations total,2026-08-21,false,,,94,95,68,89,100,You've loved 1 title with Keri Russell before.
movie:414906,The Batman,2022,movie,Watched,259852,tt1877830,414906,5,2022-03-04T00:00:00.000Z,1,2022-03-04T00:00:00.000Z,,,false,,,Crime; Mystery; Thriller,"In his second year of fighting crime, Batman uncovers corruption in Gotham City that connects to his own family while facing a serial killer known as the Riddler.",police; psychopath; secret identity; crime fighter; superhero; nightclub; politician; based on comic; vigilante; organized crime; serial killer; millionaire; social injustice; murder investigation; aftercreditsstinger,en,7.668,12365,30.2522,263339; 1388694; 813906; 1009772; 4105; 4108; 4513; 4520; 4567; 4574; 4610; 4133; 4147; 4232; 4233; 4349; 4413; 4440; 4442; 445477,155; 40662; 49026; 16995; 242643; 32080; 9944; 6107; 69735; 13387; 3112; 21594; 8688; 28297; 5854; 25876; 14590; 1846; 26039; 32047,The Brothers Grimm,Robert Pattinson; Zoë Kravitz; Jeffrey Wright; Colin Farrell; Paul Dano,2022-03-01,177,Matt Reeves,The Batman Collection,,,,2026-08-21,85,72,7.8,923764,0,3,0,0,40,176,Nominated for 3 Oscars. 40 wins & 176 nominations total,2026-08-21,false,,,62,100,91,79,100,You've loved 1 title with Robert Pattinson before.
show:136315,The Bear,2022,show,Watched,189717,tt14452776,136315,9,2025-06-25T00:00:00.000Z,46,1970-01-01T00:00:00.000Z,46,caught-up,false,,,Drama; Comedy,"Carmy, a young fine-dining chef, comes home to Chicago to run his family sandwich shop. As he fights to transform the shop and himself, he works alongside a rough-around-the-edges crew that ultimately reveal themselves as his chosen family.","suicide; chicago, illinois; restaurant; group therapy; family business ; community; workplace; grief; food industry; chef; death of brother; small business; culinary arts; fine dining; panic attack",en,8.149,1885,51.0208,2207; 2211; 2295; 208155; 94252; 126506; 126626; 2354; 240355; 94585; 276713; 94413; 240528; 94529; 61692; 61901; 240850; 62034; 62073; 62108,34307; 72071; 1274; 249039; 79410; 76331; 199318; 225634; 156933; 136311; 226346; 126914; 186; 71199; 64199; 44006; 17287; 81358; 67384; 46441,'Allo 'Allo!; The Loop; Smiling Friends; Home and Away; Shameless,Jeremy Allen White; Ebon Moss-Bachrach; Ayo Edebiri; Lionel Boyce; Abby Elliott,2022-06-23,,Christopher Storer,,Ended,5,46,2026-08-21,,83,8.5,315074,0,0,21,0,116,212,Won 21 Primetime Emmys. 116 wins & 212 nominations total,2026-08-21,false,,,99,95,73,83,100,You've loved 1 title from creator Christopher Storer before.
show:250504,The Beast in Me,2025,show,Watched,233089,tt31974367,250504,8,2025-11-13T00:00:00.000Z,8,1970-01-01T00:00:00.000Z,8,caught-up,false,,,Drama; Mystery,"A famous author is pulled into a twisted mind game with her rich, powerful new neighbor — who might be a murderer.",writer's block; lesbian relationship; disappearance; miniseries; writer; death; ex-wife; philosophical; death of a loved one; fbi agent; thriller; powerful; neighbors,en,7.079,286,17.501,886; 887; 1042; 205987; 205988; 206118; 28672; 28804; 273914; 123856; 124077; 303525; 303536; 303658; 58677; 29004; 91601; 91725; 124189; 303718,259731; 147050; 203744; 87784; 83851; 78191; 220801; 1405; 123192; 157065; 233256; 156933; 213306; 253321; 85853; 218342; 245827; 244447; 244243; 210787,Space Race; Revolutionary Girl Utena; The Spy; HIS & HERS; Disclaimer,Claire Danes; Matthew Rhys; Brittany Snow; Natalie Morales,2025-11-13,,Gabe Rotter,,Ended,1,8,2026-08-21,,71,7.4,61060,0,0,0,0,0,0,17 nominations total,2026-08-21,false,,,68,90,55,71,0,You've loved 1 title with Claire Danes before.
show:273160,The Beauty,2026,show,Watched,258198,tt33517752,273160,6,2026-03-04T00:00:00.000Z,11,1970-01-01T00:00:00.000Z,11,caught-up,false,,,Drama; Sci-Fi & Fantasy,"The world of high fashion turns dark when international supermodels begin dying in gruesome and mysterious ways. FBI Agents Cooper Madsen and Jordan Bennett are sent to Paris to uncover the truth. As they delve deeper into the case, they uncover a sexually transmitted virus that transforms ordinary people into visions of physical perfection, but with terrifying consequences.","paris, france; based on comic; epidemic; miracle drug; sexually transmitted disease; mysterious death; high fashion; fbi agent; fashion model; body horror",en,6.588,170,16.3062,28913; 206476; 59427; 274980; 1225; 1269; 1300; 1130; 92707; 1403; 1412; 92749; 92782; 92783; 92788; 92937; 92930; 1469; 125474; 93484,47640; 81559; 60948; 125116; 9045; 1705; 86382; 4330; 1593; 69061; 127235; 70485; 86550; 61345; 100088; 244447; 245927; 60708; 11245; 323411,Flash Gordon; Marvel's Agents of S.H.I.E.L.D.; Arrow; She-Hulk: Attorney at Law; 12 Monkeys,Evan Peters; Anthony Ramos; Jeremy Pope; Ashton Kutcher,2026-01-21,,Matthew Hodgson,,Canceled,1,11,2026-08-21,,64,6.4,5218,0,0,0,0,0,0,N/A,2026-08-21,false,,,49,85,50,64,0,You've loved 1 title with Anthony Ramos before.
movie:318846,The Big Short,2015,movie,Watched,199563,tt1596363,318846,10,2015-12-23T00:00:00.000Z,1,2015-12-23T00:00:00.000Z,,,false,,,Comedy; Drama,The men who made millions from a global economic meltdown.,based on novel or book; bank; fraud; wall street; biography; based on true story; finances; animated scene; historical fiction; loan; financial crisis; real estate; mortgage; financial suspense,en,7.37,10004,15.3638,49225; 49249; 1429715; 1232827; 486935; 486946; 1057006; 1429926; 853842; 49502; 1429912; 853888; 487058; 854015; 854024; 854030; 49622; 1233122; 1057355; 49688,363992; 21039; 50839; 106646; 1359; 65034; 1263012; 937220; 540901; 695; 23168; 517909; 371638; 717693; 136400; 1288070; 184125; 968; 829774; 208134,Age of Consent; Kill Your Darlings; Siltalan pehtoori; So Evil My Love; The Passion of Ayn Rand,Steve Carell; Christian Bale; Ryan Gosling; Brad Pitt; Marisa Tomei,2015-12-11,131,Adam McKay,,,,,2026-08-21,89,81,7.8,532875,1,0,0,0,37,81,Won 1 Oscar. 37 wins & 81 nominations total,2026-08-21,false,,,83,100,89,85,100,You've loved 3 titles from director Adam McKay before.
movie:416477,The Big Sick,2017,movie,Watched,264821,tt5462602,416477,8,2017-06-23T00:00:00.000Z,1,2017-06-23T00:00:00.000Z,,,false,,,Comedy; Drama; Romance,"Pakistan-born comedian Kumail Nanjiani and grad student Emily Gardner fall in love but struggle as their cultures clash. When Emily contracts a mysterious illness, Kumail finds himself forced to face her feisty parents, his family's expectations, and his true feelings.","chicago, illinois; new york city; immigrant; muslim; roommates; sadness; sarcasm; comedian; based on true story; one-man show; pakistan; family relationships; film in film; matchmaking; cultural difference",en,7.322,2677,6.7083,315629; 1079803; 1079810; 686268; 686309; 315846; 510364; 510298; 1631619; 510495; 1253514; 1453073; 73823; 73824; 510558; 510559; 876797; 74049; 1253803; 74160,1140498; 10739; 284; 9688; 72113; 114150; 11068; 449563; 818612; 57157; 523773; 1321439; 12572; 37725; 652962; 41760; 1618945; 975043; 4475; 597219,Time to Spare; Pitch Perfect; The Wrong Paris; Yoh! Bestie,Kumail Nanjiani; Zoe Kazan; Holly Hunter; Ray Romano; Anupam Kher,2017-03-30,120,Michael Showalter,,,,,2026-08-21,98,86,7.5,149752,0,1,0,0,19,101,Nominated for 1 Oscar. 19 wins & 101 nominations total,2026-08-21,false,,,74,95,77,92,100,You've loved 1 title with Kumail Nanjiani before.
show:229711,The Bondsman,2025,show,Watched,207008,tt28256288,229711,7,2025-03-13T00:00:00.000Z,8,1970-01-01T00:00:00.000Z,8,caught-up,false,,,Action & Adventure; Sci-Fi & Fantasy; Comedy,"Backwoods bounty hunter Hub Halloran comes back from the dead with an unexpected second chance at life, love, and a nearly-forgotten musical career — only to find that his old job now has a demonic new twist.",bounty hunter; living dead; demon hunter; horror,en,7.248,300,11.2302,123332; 205; 91097; 351; 600; 237328; 58246; 273908; 273966; 274111; 1186; 124364; 1087; 238043; 303975; 1402; 1413; 1622; 206586; 238309,235930; 84469; 138505; 65988; 65820; 219543; 74440; 62413; 66732; 76479; 231003; 132188; 1310; 50137; 2391; 135934; 281666; 62285; 67111; 1126,Spirits; FROM; Trăng Điên; The Walking Dead; American Horror Story,Kevin Bacon; Jennifer Nettles; Beth Grant; Damon Herriman; Maxwell Jenkins,2025-04-03,,Grainger David,,Canceled,1,8,2026-08-21,,58,7,21090,0,0,0,0,2,1,2 wins & 1 nomination total,2026-08-21,false,,,59,90,55,58,5,"Similar to Stranger Things and The Boys, which you loved."
show:76479,The Boys,2019,show,Watched,139960,tt1190634,76479,9,2024-07-18T00:00:00.000Z,40,1970-01-01T00:00:00.000Z,40,caught-up,false,,,Sci-Fi & Fantasy; Action & Adventure,A group of vigilantes known informally as “The Boys” set out to take down corrupt superheroes with no more than blue-collar grit and a willingness to fight dirty.,corruption; satire; superhero; based on comic; gore; tragedy; evil corporation; super power; superhero team; violence; hilarious,en,8.436,13303,120.8625,61474; 61459; 61465; 207965; 2277; 2284; 2287; 2253; 2344; 2345; 2309; 61384; 61333; 2159; 61423; 61425; 61438; 61440; 2230; 61538,1403; 90228; 158141; 128839; 75450; 67487; 1412; 62285; 106541; 71663; 62643; 85273; 89247; 1639; 246412; 195868; 74440; 203555; 62417; 2321,Parasyte -the maxim-; Marvel's Agents of S.H.I.E.L.D.; La Brea; Titans; Arrow,Karl Urban; Jack Quaid; Antony Starr; Erin Moriarty; Laz Alonso,2019-07-25,,Eric Kripke,,Ended,5,40,2026-08-21,,76,8.5,1004801,0,0,4,0,26,100,Won 4 Primetime Emmys. 26 wins & 100 nominations total,2026-08-21,false,,,66,100,92,76,100,You've loved 1 title from creator Eric Kripke before.
show:152483,The Boys Presents: Diabolical,2022,show,Watched,191618,tt16350094,152483,7,2022-03-04T00:00:00.000Z,8,1970-01-01T00:00:00.000Z,8,caught-up,false,,,Animation; Action & Adventure,"From some of the most unhinged and maniacal minds in Hollywood today comes this animated anthology series, a collection of irreverent and emotionally shocking animated short films. Each episode plunges elbow-deep into unseen crevices of The Boys Universe.",anthology; superhero; based on comic; gore; super power; adult animation; violence,en,7.1,440,13.0461,2901; 208891; 2980; 241388; 2998; 127635; 306086; 127753; 95124; 2847; 240975; 2640; 127828; 31195; 62576; 62622; 62688; 62643; 95499; 95503,261579; 86831; 158141; 111312; 133808; 709; 133903; 262375; 3108; 219543; 235930; 3072; 4336; 131033; 202284; 290295; 251; 1126; 45658; 300480,Knock Out; Supergirl; DC's Legends of Tomorrow,,2022-03-03,14,,,Ended,1,8,2026-08-21,,70,6.8,19049,0,0,1,0,1,5,Won 1 Primetime Emmy. 1 win & 5 nominations total,2026-08-21,false,,,33,75,59,70,27,Real award recognition (Won 1 Primetime Emmy. 1 win & 5 nominations total).
movie:549509,The Brutalist,2024,movie,Watched,399330,tt8999762,549509,8,2024-12-20T00:00:00.000Z,1,2024-12-20T00:00:00.000Z,,,false,,,Drama,"When an innovative modern architect flees post-war Europe, he is given the opportunity to rebuild his legacy. Set during the dawn of the modern United States (in Pennsylvania), his wife joins him, and their lives are forever changed by a demanding, wealthy patron.","new york city; immigrant; husband wife relationship; philadelphia, pennsylvania; venice, italy; capitalism; pennsylvania, usa; drug addiction; architect; american dream; exploitation; holocaust (shoah) survivor; architecture; period drama; post world war ii",en,6.933,1755,22.9455,4946; 4960; 4995; 4997; 4998; 5001; 4973; 4978; 5062; 3525; 3537; 814193; 1388390; 3556; 3784; 4348; 4982; 5047; 5055; 1389305,1213; 1429; 311; 975056; 114155; 18190; 398978; 641; 1578; 18516; 3116; 1419826; 9740; 241239; 76025; 235271; 59143; 35030; 1254624; 12900,Wonderland; Before Night Falls; Under the Sand; The Irishman; Raging Bull,Adrien Brody; Felicity Jones; Guy Pearce; Joe Alwyn; Raffey Cassidy,2024-12-20,215,Brady Corbet,,,,,2026-08-21,93,91,7.2,136350,3,0,0,0,140,362,Won 3 Oscars. 140 wins & 362 nominations total,2026-08-21,false,,,54,95,72,92,100,You've loved 1 title with Guy Pearce before.
show:62476,The Bureau,2015,show,Watched,98427,tt4063800,62476,9,2020-05-04T00:00:00.000Z,50,1970-01-01T00:00:00.000Z,50,caught-up,false,,,Crime; Drama,"Within the DGSE (General Directorate for External Security), a department called the Office Of Legends (BDL) forms and remote pilot the most important agents of the French intelligence services: Clandestine. Immersion in hostile country, their mission is to identify individuals who may be recruited as sources of information. Operating ""under caption"", that is to say in a fabricated identity from scratch, they live for many years in a permanent duplicity. Our hero just returned from a clandestine mission six years in Damascus. But contrary to what is required by safety rules, he does not abandon his legend and the identity under which he lived in Syria, thus putting in danger the whole system.",spy; middle east; secret identity; mossad; identity crisis; undercover agent; espionage; intelligence agency; moral ambiguity; infiltration; mole; surveillance; geopolitics; dgse; complex,fr,8.204,238,23.511,2919; 277387; 2999; 306352; 95480; 62760; 95555; 3050; 3142; 62929; 128066; 128163; 3414; 167; 28315; 123548; 28553; 424; 91725; 123873,114922; 61859; 156819; 46533; 60855; 39358; 46952; 129552; 95480; 1407; 287450; 8358; 81946; 262793; 4057; 4046; 95205; 91725; 71146; 75666,Burn Notice; Ramona; L.I.F.E. Anthologies; Slow Horses; Daisy Jones & the Six,Mathieu Kassovitz; Sara Giraudeau; Stefan Crepon; Zineb Triki; Florence Loiret Caille,2015-04-27,55,Éric Rochant,,Ended,5,50,2026-08-21,,,8.7,18637,0,0,0,0,6,19,6 wins & 19 nominations total,2026-08-21,false,,,72,90,53,,31,You've loved 1 title from creator Éric Rochant before.
movie:158011,The Call,2013,movie,Watched,102523,tt1911644,158011,9,2026-08-21T14:29:27.000Z,1,2013-03-14T00:00:00.000Z,,,false,,,Crime; Thriller,"Jordan Turner is an experienced 911 operator but when she makes an error in judgment and a call ends badly, Jordan is rattled and unsure if she can continue. But when teenager Casey Welson is abducted in the back of a man's car and calls 911, Jordan is the one called upon to use all of her experience, insights and quick thinking to help Casey escape, and not just to save her, but to make sure the man is brought to justice.",underground; gas station; kidnapping; psychopath; incest overtones; murder; serial killer; torture chamber; slasher; psychological thriller; multiple stabbings; person on fire; cell phone; guilt; psycho,en,6.789,3115,6.0568,49223; 299299; 1429726; 49354; 49365; 49472; 49498; 49526; 1429884; 667426; 667447; 487088; 49585; 1233037; 487187; 1057483; 1607926; 49315; 1607786; 49745,1696; 13937; 1128377; 9039; 508138; 12103; 567748; 11033; 502416; 176; 381288; 696822; 913290; 44027; 339527; 599281; 10866; 756999; 9411; 11349,Lady in White; The Crooked Web; Premium Rush; Devious Nanny; Don't Look Back,Halle Berry; Abigail Breslin; Morris Chestnut; Michael Eklund; David Otunga,2013-03-14,96,Brad Anderson,,,,,2026-08-21,44,51,6.7,133748,0,0,0,0,1,11,1 win & 11 nominations total,2026-08-21,false,,,47,95,78,48,13,You've loved 1 title from director Brad Anderson before.
show:99657,The Chair,2021,show,Watched,158573,tt11834150,99657,7,2021-08-20T00:00:00.000Z,6,1970-01-01T00:00:00.000Z,6,caught-up,false,,,Drama; Comedy,"At a major university, the first woman of color to become chair tries to meet the dizzying demands and high expectations of a failing English department.",midlife crisis; professor; college; challenge; university; teaching; student protest; elderly; dramedy; adopted daughter; loss of wife; bittersweet; asian american; student; english literature,en,6.538,159,6.1897,95323; 241259; 95279; 127735; 31199; 241405; 3068; 95559; 306563; 306605; 95601; 241554; 241491; 31360; 31411; 128003; 95550; 209363; 123349; 91121,154385; 210239; 87428; 136311; 254953; 79410; 70767; 227975; 42282; 124897; 217211; 116450; 693; 206828; 61637; 81357; 61118; 85727; 67883; 139628,Baby Reindeer; 4 Reasons Why I Hate X-Mas; BEEF; Lucky Hank; Why Women Kill,Nana Mensah; Holland Taylor; Sandra Oh; Jay Duplass; Bob Balaban,2021-08-20,,Amanda Peet,,Canceled,1,6,2026-08-21,,,7.2,19525,0,0,0,0,2,8,2 wins & 8 nominations total,2026-08-21,false,,,57,85,49,,12,"Similar to Shrinking and Girls, which you loved."
movie:1662317,The Crash,2026,movie,Watched,1362157,tt40792117,1662317,8,2026-08-21T14:24:46.000Z,1,2026-05-15T00:00:00.000Z,,,false,,,Documentary; Crime,"A teen slams her car into a building, killing her boyfriend and his friend. What seems like a tragic accident becomes a murder case.",based on true story; true crime; speculative; callous; cruel,en,6.901,166,5.0103,501; 504; 598; 769; 811592; 1563925; 261531; 1192707; 793; 1385838; 1191658; 810533; 624837; 2017; 628914; 628979; 8643; 8848; 1391260; 449200,1360610; 1699155; 473415; 1723460; 1591516; 1550569; 1517772; 857732; 477331; 1291143; 999621; 1477565; 1015356; 1477566; 988046; 653723; 407806; 470401; 810731; 1595481,One Shot; Girl in the Picture,Mackenzie Shirilla; Tim Troup; Rosie Graham; Bubba Turner; Faythe Walsh,2026-05-14,95,Gareth Johnson,,,,,2026-08-21,,28,6.7,3111,0,0,0,0,0,0,N/A,2026-08-21,false,,,36,85,50,28,0,Fits your taste for Documentary / Crime.
show:123192,The Crowded Room,2023,show,Watched,178915,tt14417718,123192,6,2023-07-28T00:00:00.000Z,10,1970-01-01T00:00:00.000Z,10,caught-up,false,,,Drama; Crime; Mystery,"In 1979 Manhattan, a young man is arrested for a shocking crime — and an unlikely investigator must solve the mystery behind it.",based on novel or book; miniseries; lgbt; mental health; reflective; gay theme,en,7.628,383,14.9152,302917; 302921; 273274; 273295; 273307; 236903; 236880; 236887; 19514; 19531; 19311; 19313; 19324; 19371; 19458; 19544; 19566; 19567; 19463; 19479,210787; 133700; 278178; 241372; 108181; 83851; 118958; 253321; 129612; 244243; 220801; 233256; 213306; 218342; 80213; 240920; 244244; 259731; 130464; 147050,999 Days of Begging; I Will Find You; 56 Days; The Undoing; The Better Sister,Tom Holland; Amanda Seyfried; Sasha Lane; Will Chase; Lior Raz,2023-06-08,,Akiva Goldsman,,Ended,1,10,2026-08-21,,48,7.7,41581,0,0,0,0,0,0,1 nomination total,2026-08-21,false,,,59,90,58,48,0,"Similar to The Undoing, which you loved."
show:114655,The Curse,2023,show,Watched,158409,tt13623608,114655,8,2026-07-28T19:35:07.000Z,10,2024-01-15T04:09:00.000Z,10,caught-up,false,,,Comedy; Drama,An alleged curse disturbs the relationship of a newly married couple as they try to conceive a child while co-starring on their problematic new HGTV show.,new mexico; married couple; narcissism; satire; dark comedy; curse; liberal; gentrification; indigenous community; meta; show within a show,en,6.422,173,5.4019,241257; 2996; 62620; 62622; 62689; 95513; 62794; 95670; 31581; 128240; 306598; 241506; 31548; 209217; 3333; 3403; 3217; 3234; 128409; 29,4238; 49011; 47813; 3690; 3004; 4599; 2299; 60782; 61418; 4454; 2398; 1809; 4589; 1803; 36473; 192; 9895; 4239; 4241; 816,Bodkin; The Office; No Offence; Mom; Newhart,Emma Stone; Nathan Fielder; Benny Safdie,2023-11-12,,Nathan Fielder,,Ended,1,10,2026-08-21,,88,7.1,17227,0,0,0,0,1,22,1 win & 22 nominations total,2026-08-21,false,,,42,85,50,88,24,You've loved 1 title with Emma Stone before.
show:222766,The Day of the Jackal,2024,show,Watched,203380,tt24053860,222766,8,2024-12-12T00:00:00.000Z,10,1970-01-01T00:00:00.000Z,10,caught-up,false,,,Drama; Action & Adventure; Mystery,"An unrivalled and highly elusive lone assassin, the Jackal, makes his living carrying out hits for the highest fee. But following his latest kill, he meets his match in a tenacious British intelligence officer who starts to track down the Jackal in a thrilling cat-and-mouse chase across Europe, leaving destruction in its wake.",based on novel or book; hitman; political assassination; powerful,en,8.239,1269,32.1669,208883; 2928; 95341; 95344; 241372; 208921; 208923; 277439; 241275; 241290; 95279; 127651; 127865; 127875; 306201; 306207; 62458; 240975; 241065; 305817,120911; 1973; 111800; 47665; 61859; 219760; 114922; 129552; 95439; 213306; 262280; 70485; 90795; 98950; 195868; 220801; 262352; 66857; 254701; 80213,The Investigator; Shantaram; When One Day I Will Sleep; 56 Days; Rivals,Eddie Redmayne; Lashana Lynch; Eleanor Matsuura; Chukwudi Iwuji; Úrsula Corberó,2024-11-07,,Ronan Bennett,,Returning Series,1,10,2026-08-21,,72,8.1,126887,0,0,0,1,0,0,Nominated for 1 Primetime Emmy. 24 nominations total,2026-08-21,false,,,62,95,69,72,8,Titles you loved list this as similar or recommended (3 times).
show:65817,The Deuce,2017,show,Watched,111698,tt4998350,65817,8,2019-10-28T00:00:00.000Z,25,1970-01-01T00:00:00.000Z,25,caught-up,false,,,Drama; Crime,"The story of the legalization and subsequent rise of the porn industry in New York’s Times Square from the early ’70s through the mid ’80s, exploring the rough-and-tumble world that existed there until the rise of HIV, the violence of the cocaine epidemic and the renewed real estate market ended the bawdy turbulence of the area.",new york city; sex shop; pornography; 1970s; brothel; peep show; times square; drug use; prostitution; porn industry; street walker; pimps; sex trade; 1980s; sex show,en,7.6,429,14.992,95341; 208921; 277445; 95170; 240975; 62578; 62593; 2973; 62681; 62852; 95555; 63141; 62927; 62892; 63130; 128095; 128259; 209332; 3310; 128301,54650; 71694; 1908; 4040; 66676; 79086; 246246; 119845; 101591; 64387; 2734; 64836; 68735; 97890; 1104; 153657; 112693; 60574; 1621; 132016,Shantaram; Rivals; Power: Origins; Knock Out; Billions,James Franco; Maggie Gyllenhaal; Chris Bauer; Chris Coy; Lawrence Gilliard Jr.,2017-09-10,,David Simon,,Ended,3,25,2026-08-21,,85,8.1,35052,0,0,0,0,1,18,1 win & 18 nominations total,2026-08-21,false,,,83,90,59,85,20,You've loved 1 title from creator David Simon before.
show:203857,The Diplomat,2023,show,Watched,196192,tt17491088,203857,10,2026-07-29T00:18:45.000Z,22,1970-01-01T00:00:00.000Z,22,caught-up,true,,,Drama; War & Politics,"Amid an international crisis, a US diplomat contends with her high-profile job as ambassador to the UK and her strained marriage to a political star.","london, england; ambassador; diplomat; marriage; politics; politician; female politician; mourning; meditative; american diplomat; shocking; vexed; usa politics; political thriller; u.s. ambassador",en,7.596,465,24.0072,124548; 124549; 124587; 238251; 238253; 274476; 124817; 274555; 890; 59312; 59599; 59617; 1037; 1180; 1167; 1204; 274776; 92691; 92739; 92453,67026; 219971; 64464; 113962; 1407; 240740; 114922; 86733; 80307; 245927; 1416; 4588; 69480; 39718; 240459; 57276; 1973; 63646; 248937; 61014,The Temptation Of Happiness; Segunda muerte; El dentista; Faith Makes Great; Neon Genesis Evangelion,Keri Russell; Rufus Sewell; David Gyasi; Ali Ahn; Rory Kinnear,2023-04-20,,Debora Cahn,,Returning Series,4,30,2026-08-21,,,8,97245,0,0,0,3,6,56,Nominated for 3 Primetime Emmys. 6 wins & 56 nominations total,2026-08-21,false,,,87,90,60,,92,You've loved 1 title from creator Debora Cahn before.
show:122066,The Dropout,2022,show,Watched,156449,tt10166622,122066,8,2022-04-07T00:00:00.000Z,8,1970-01-01T00:00:00.000Z,8,caught-up,false,,,Drama,"The story of Elizabeth Holmes, the enigmatic Stanford dropout who founded medical testing start-up Theranos. Lauded as a Steve Jobs for the next tech generation and once worth billions of dollars, the myth crumbled when it was revealed that none of the tech actually worked, putting thousands of people's health in grave danger.",technology; fraud; based on true story,en,7.33,362,11.0388,205443; 90955; 205495; 236869; 28599; 273801; 91275; 303182; 877; 274061; 273970; 123882; 303686; 206182; 206048; 91725; 91752; 91978; 58937; 1424,117821; 107365; 130464; 90399; 270734; 218351; 100575; 116761; 1423; 287167; 59659; 62560; 126301; 199001; 239826; 81349; 225634; 71715; 94028; 260592,Unbelievable; Caprica; Extraordinary Siamese Story: Eng and Chang; The Spy; WeCrashed,Amanda Seyfried; Naveen Andrews,2022-03-03,,Elizabeth Meriwether,,Ended,1,8,2026-08-21,,75,7.5,41601,0,0,1,0,10,28,Won 1 Primetime Emmy. 10 wins & 28 nominations total,2026-08-21,false,,,49,90,57,75,68,"Similar to Mr. Robot, which you loved."
show:253370,The Eastern Gate,2025,show,Watched,238102,tt35503291,253370,8,2025-03-07T00:00:00.000Z,6,1970-01-01T00:00:00.000Z,6,caught-up,false,,,War & Politics; Action & Adventure; Mystery,"Ewa Oginiec wants to leave the secret service and start over after a personal tragedy but things take a turn when her partner, also an agent, is exposed by Russian intelligence and mysteriously disappears.","espionage; secret service; russia; belarus; belarusian border; risky situations; minsk, belarus; suspense thriller",pl,6.694,36,6.3415,1407; 304194; 1918; 1973; 61157; 2115; 273914; 274149; 303552; 238168; 61859; 2875; 127366; 2919; 241315; 241473; 63171; 31731; 308467; 132211,129552; 114926; 225385; 60855; 6526; 50558; 66857; 246412; 34639; 222766; 65820; 80307; 4619; 4955; 120452; 271855; 347; 4607; 125909; 11095,Homeland; 24; The Night Manager; Burn Notice; Mouse,Lena Góra; Andrzej Konopka; Bartłomiej Topa; Ewelina Starejki; Karol Pocheć,2025-01-31,,,,Returning Series,2,6,2026-08-21,,,7,1173,0,0,0,0,0,0,N/A,2026-08-21,false,,,53,65,35,,0,"Similar to Homeland and Lost, which you loved."
show:99346,The English,2022,show,Watched,187261,tt11771270,99346,8,2022-12-15T00:00:00.000Z,6,1970-01-01T00:00:00.000Z,6,caught-up,false,,,Drama; Western,"An aristocratic Englishwoman, Lady Cornelia Locke, arrives into the new and wild landscape of the American West to wreak revenge on the man she sees as responsible for the death of her son.",revenge; miniseries; death of son; american west; town; 1890s,en,7.3,243,6.8771,277387; 208923; 208931; 277439; 241363; 127735; 127751; 95041; 95210; 62421; 127948; 306293; 305830; 127856; 31199; 31310; 31319; 241384; 241405; 2953,89498; 240993; 2562; 1406; 1401; 215866; 118357; 20056; 43901; 122235; 66025; 73586; 1973; 201877; 73467; 157744; 1423; 70384; 138971; 1436,Ramona; Sunset Song; Cape Fear; Human Error; 4 Reasons Why I Hate X-Mas,Emily Blunt; Chaske Spencer,2022-11-10,49,Hugo Blick,,Ended,1,6,2026-08-21,,74,7.8,32937,0,0,0,0,3,18,Nominated for 5 BAFTA 3 wins & 18 nominations total,2026-08-21,false,,,78,90,53,74,24,You've loved 2 titles with Emily Blunt before.
show:226362,The Eternaut,2025,show,Watched,205347,tt27740241,226362,7,2025-04-30T00:00:00.000Z,6,1970-01-01T00:00:00.000Z,6,caught-up,false,,,Drama; Action & Adventure; Sci-Fi & Fantasy,"After a devastating toxic snowfall kills millions, Juan Salvo and a group of survivors in Buenos Aires must resist an invisible threat from another world.",extraterrestrial technology; snowstorm; alien invasion; based on graphic novel; aliens,es,7.461,548,15.1801,2203; 2230; 61538; 94305; 208397; 2432; 2443; 127235; 127599; 2840; 2876; 62286; 31109; 238846; 1402; 1441; 1550; 1649; 60656; 60866,34967; 71340; 86374; 1402; 114472; 2203; 79788; 194583; 128839; 127235; 88987; 51704; 62643; 63210; 65820; 21494; 71912; 71663; 79680; 65988,Invasion; The Walking Dead; Falling Skies; War of the Worlds; Watchmen,Ricardo Darín; Carla Peterson; César Troncoso; Andrea Pietra; Ariel Staltari,2025-04-30,,Bruno Stagnaro,,Returning Series,1,6,2026-08-21,,73,7.3,35583,0,0,0,0,1,1,1 win & 1 nomination total,2026-08-21,false,,,51,90,61,73,3,"Similar to Watchmen, which you loved."
movie:804095,The Fabelmans,2022,movie,Watched,638767,tt14208870,804095,7,2022-11-11T00:00:00.000Z,1,2022-11-11T00:00:00.000Z,,,false,,,Drama,"Growing up in post-World War II era Arizona, young Sammy Fabelman aspires to become a filmmaker as he reaches adolescence, but soon discovers a shattering family secret and explores how the power of films can help him see the truth.",high school; husband wife relationship; arizona; bullying; family relationships; coming of age; teenage boy; filmmaking; childhood; semi autobiographical; marital problem; big dreams; father son relationship; mother son relationship; inspirational,en,7.558,2845,11.5099,49221; 49232; 49299; 49350; 667316; 667318; 853800; 49471; 49502; 1233094; 853867; 853821; 667520; 487090; 49577; 49633; 1608257; 1608416; 854086; 487301,85350; 537681; 470878; 26036; 393457; 169813; 47697; 336000; 221; 92283; 21291; 467936; 558915; 1122618; 21887; 294016; 25062; 567690; 447655; 374461,So Evil My Love,Michelle Williams; Paul Dano; Seth Rogen; Gabriel LaBelle; Mateo Zoryan Francis-DeFord,2022-11-11,151,Steven Spielberg,,,,,2026-08-21,92,85,7.5,134468,0,7,0,0,32,298,Nominated for 7 Oscars. 32 wins & 298 nominations total,2026-08-21,false,,,58,95,77,89,100,You've loved 1 title with Seth Rogen before.
show:49010,The Fall,2013,show,Watched,48703,tt2294189,49010,8,2016-10-23T00:00:00.000Z,17,1970-01-01T00:00:00.000Z,17,caught-up,false,,,Drama; Crime,"When the Police Service of Northern Ireland are unable to close a case after 28 days, Detective Superintendent Stella Gibson of the Metropolitan Police Service is called in to review the case. Under her new leadership, the local detectives must track down and stop a serial killer who is terrorising the city of Belfast.",northern ireland; serial killer; psychological thriller; female detective; family tension; manhunt; criminal psychology; violence; thriller; obsessive behavior; belfast; cat‑and‑mouse chase; detective investigation; methodical killer; police task force,en,7.669,992,12.9841,124548; 238251; 238253; 92246; 303824; 1180; 92739; 238549; 92602; 125030; 206674; 59679; 1396; 1401; 1405; 1406; 1407; 92891; 92926; 125394,1426; 218344; 6322; 245703; 247518; 287238; 92926; 91875; 1405; 112693; 204490; 4057; 87773; 40675; 259731; 67744; 241372; 67743; 135868; 138108,The Temptation Of Happiness; Segunda muerte; El dentista; Talking Bones; Murder in Mind,Gillian Anderson; Jamie Dornan; Niamh McGrady; John Lynch; Colin Morgan,2013-05-12,57,Allan Cubitt,,Ended,3,17,2026-08-21,,79,8.1,129493,0,0,0,0,9,24,Nominated for 2 BAFTA 9 wins & 24 nominations total,2026-08-21,false,,,69,90,67,79,42,"Similar to Breaking Bad and Dexter, which you loved."
show:157065,The Fall of the House of Usher,2023,show,Watched,189388,tt15567174,157065,8,2023-10-12T00:00:00.000Z,8,1970-01-01T00:00:00.000Z,8,caught-up,false,,,Mystery; Drama,"To secure their fortune — and future — two ruthless siblings build a family dynasty that begins to crumble when their heirs mysteriously die, one by one.",insanity; haunting; miniseries; mansion; gothic horror; madness; based on short story; ghost; mysterious death; pharmaceuticals company; supernatural power; secret; horror,en,7.55,856,12.6765,92113; 124518; 124578; 124800; 238380; 238355; 886; 887; 899; 926; 59149; 29004; 29063; 206485; 206510; 303975; 238309; 238337; 238339; 206402,109958; 245827; 240920; 126254; 250504; 220801; 259731; 244244; 88055; 31917; 129680; 129612; 80213; 123192; 147050; 283297; 39358; 253321; 133700; 71116,More than Blue: The Series; Love & Death; The House of Jealousy; Space Race; Burning Bush,Carla Gugino; Bruce Greenwood; Mary McDonnell; Henry Thomas; Kate Siegel,2023-10-12,,Mike Flanagan,,Ended,1,8,2026-08-21,,73,7.9,130001,0,0,0,0,5,27,5 wins & 27 nominations total,2026-08-21,false,,,44,90,66,73,37,Fits your taste for Mystery / Drama.
movie:45317,The Fighter,2010,movie,Watched,30905,tt0964517,45317,10,2026-08-21T15:17:08.000Z,1,2010-12-10T00:00:00.000Z,,,false,,,Drama,"Boxer ""Irish"" Micky Ward's unlikely road to the world light welterweight title. His Rocky-like rise was shepherded by half-brother Dicky, a boxer-turned-trainer who rebounded in life after nearly being KO'd by drugs and crime.",sports; irish-american; boxer; biography; family business ; dysfunctional family; family conflict; hometown; boxing trainer; crack addict; lowell massachusetts; jumping rope; shadow boxing; boxing; boxer hero,en,7.378,4800,7.0107,375221; 375334; 374942; 375572; 375658; 381440; 1683175; 381284; 930316; 381579; 381009; 387940; 566076; 756234; 388333; 566429; 566671; 388569; 936075; 388057,164457; 307081; 1578; 332979; 809140; 23916; 1662; 1287322; 87492; 436932; 1422; 51209; 606870; 398978; 1215798; 16219; 9594; 56179; 28528; 842544,Hidden Figures; Michael; Southpaw; Raging Bull; Bleed for This,Mark Wahlberg; Christian Bale; Amy Adams; Melissa Leo; Mickey O'Keefe,2010-12-10,116,David O. Russell,,,,,2026-08-21,91,79,7.8,405736,2,0,0,0,74,123,Won 2 Oscars. 74 wins & 123 nominations total,2026-08-21,false,,,68,95,82,85,100,You've loved 1 title from director David O. Russell before.
movie:310307,The Founder,2016,movie,Watched,220447,tt4276820,310307,10,2017-01-20T00:00:00.000Z,1,2017-01-20T00:00:00.000Z,,,false,,,Drama; History,"The true story of how Ray Kroc, a salesman from Illinois, met Mac and Dick McDonald, who were running a burger operation in 1950s Southern California. Kroc was impressed by the brothers’ speedy system of making the food and saw franchise potential. He maneuvered himself into a position to be able to pull the company from the brothers and create a billion-dollar empire.",greed; ambition; biography; family business ; based on true story; salesman; corporate greed; fast food; corporate power; 1950s; burger; mcdonald's,en,7.2,5482,8.8811,4997; 4999; 5001; 4975; 1009679; 446112; 3526; 3554; 3558; 626332; 4982; 265064; 4734; 4782; 445839; 815062; 4464; 4483; 264405; 445608,115782; 13554; 11450; 627725; 14534; 359724; 418879; 878361; 1317149; 461115; 458131; 760336; 936075; 614934; 614560; 339380; 862557; 273059; 10423; 11393,Wonderland; Before Night Falls; Love Is the Devil: Study for a Portrait of Francis Bacon; Hard Miles; James Joyce's 'Ulysses',Michael Keaton; Nick Offerman; John Carroll Lynch; Linda Cardellini; B.J. Novak,2016-11-24,115,John Lee Hancock,,,,,2026-08-21,80,66,7.2,202700,0,0,0,0,1,5,1 win & 5 nominations total,2026-08-21,false,,,59,100,84,73,7,You've loved 1 title from director John Lee Hancock before.
show:243316,The Four Seasons,2025,show,Watched,220439,tt30826447,243316,8,2026-07-29T00:14:03.000Z,16,1970-01-01T00:00:00.000Z,16,caught-up,false,,,Comedy,"The decades-long friendship between three married couples is tested when one divorces, complicating their tradition of quarterly weekend getaways.",friendship; based on movie,en,6.829,181,13.0394,61499; 61528; 61530; 2213; 2286; 240150; 240213; 276349; 2131; 2152; 2158; 61456; 30297; 2355; 93972; 94453; 61709; 61776; 94810; 61970,18202; 1568; 51345; 138089; 203614; 260458; 1088; 71884; 112211; 84282; 815; 65798; 261363; 42032; 71890; 2691; 69470; 61871; 1915; 64823,Stand Up!!; Fourever You; 'Til Death; Undateable; Harlem,Tina Fey; Colman Domingo; Erika Henningsen; Kerri Kenney; Will Forte,2025-05-01,,Lang Fisher,,Returning Series,2,16,2026-08-21,,65,7.2,24348,0,0,0,0,0,0,1 win total,2026-08-21,false,,,51,85,50,65,0,"Similar to Adults, which you loved."
show:236235,The Gentlemen,2024,show,Watched,211407,tt13210838,236235,8,2024-03-07T00:00:00.000Z,8,1970-01-01T00:00:00.000Z,8,caught-up,false,,,Comedy; Drama; Crime,"When aristocratic Eddie inherits the family estate, he discovers that it's home to an enormous weed empire — and its proprietors aren't going anywhere.",dark comedy; aristocrat; based on movie; irreverent; offbeat; action,en,7.808,830,32.2479,895; 206013; 206014; 273941; 303525; 909; 809; 28751; 124256; 237629; 91854; 238043; 1259; 1274; 238046; 304078; 29301; 124578; 1424; 1400,64199; 74577; 92621; 81358; 212246; 186; 61922; 226285; 67697; 136044; 116799; 119845; 64396; 74317; 71199; 218347; 226174; 69659; 126914; 67883,Murder Most Horrid; Black Scorpion; Six Feet Under; Skelly; More than Blue: The Series,Theo James; Kaya Scodelario; Daniel Ings; Joely Richardson; Vinnie Jones,2024-03-07,,Guy Ritchie,,Returning Series,2,16,2026-08-21,,66,8,170088,0,0,1,0,4,30,Won 1 Primetime Emmy. 4 wins & 30 nominations total,2026-08-21,false,,,81,90,65,66,58,"Similar to Six Feet Under and Seinfeld, which you loved."
show:107114,The Girl From Plainville,2022,show,Watched,165442,tt12851512,107114,6,2022-05-03T00:00:00.000Z,8,1970-01-01T00:00:00.000Z,8,caught-up,false,,,Drama; Crime,"The controversial case of Michelle Carter, who was convicted in 2017 of involuntary manslaughter for encouraging the suicide of her then-boyfriend via texts and phone calls.",suicide; based on true story; 2010s,en,6.462,92,3.043,61498; 208059; 61331; 276239; 94413; 61901; 94830; 277028; 62231; 127447; 127496; 240955; 241084; 62208; 241100; 62458; 95041; 127896; 306213; 60042,158083; 278178; 225634; 241372; 67384; 135868; 123192; 270734; 44856; 226174; 82883; 213306; 248416; 280511; 100414; 287238; 2850; 97082; 64836; 126167,The Great Fire; The Astronaut Wives Club; The Stranded; Painkiller; I Will Find You,Elle Fanning; Chloë Sevigny; Colton Ryan; Cara Buono; Kai Lennox,2022-03-29,,Liz Hannah,,Ended,1,8,2026-08-21,,74,6.4,9137,0,0,0,0,1,7,1 win & 7 nominations total,2026-08-21,false,,,42,85,44,74,9,You've loved 1 title with Chloë Sevigny before.
movie:346685,The Girl on the Train,2016,movie,Watched,224010,tt3631112,346685,7,2016-10-07T00:00:00.000Z,1,2016-10-07T00:00:00.000Z,,,false,,,Crime; Mystery; Thriller,"Rachel Watson, devastated by her recent divorce, spends her daily commute fantasizing about the seemingly perfect couple who live in a house that her train passes every day, until one morning she sees something shocking happen there and becomes entangled in the mystery that unfolds.",infidelity; new york city; amnesia; based on novel or book; obsession; homicide; blackout; alcoholism; flashback; confusion; memory loss; domestic abuse; disappearance; female protagonist; psychological thriller,en,6.436,6117,8.4437,435; 436; 445; 466; 467; 473; 479; 482; 483; 497; 502; 503; 524; 1563801; 539; 565; 572; 573; 575; 577,210577; 520663; 11092; 46503; 169917; 30941; 9437; 840882; 619979; 258284; 419835; 3594; 1213; 11929; 8512; 9481; 12994; 13483; 9613; 6103,Shaft; Shaft; Poseidon; Psycho; The Experiment,Emily Blunt; Rebecca Ferguson; Haley Bennett; Luke Evans; Justin Theroux,2016-10-05,112,Tate Taylor,,,,,2026-08-21,44,48,6.5,206094,0,0,0,0,4,13,Nominated for 1 BAFTA Award4 wins & 13 nominations total,2026-08-21,false,,,50,100,85,46,21,You've loved 2 titles with Emily Blunt before.
show:64387,The Girlfriend Experience,2016,show,Watched,100225,tt3846642,64387,7,2021-06-20T00:00:00.000Z,37,1970-01-01T00:00:00.000Z,37,caught-up,false,,,Drama,"Explore the relationships between exclusive escorts and their clients, for whom they provide far more than just sex. Known as GFEs, they are women who provide “The Girlfriend Experience”—emotional and sexual relationships at a very high price.",new york city; prostitute; call girl; one-night stand; anthology; morality; prostitution; escort girl; casual sex; sexual relationship; erotic thriller; legal thriller; erotic; legal,en,6.993,456,18.6812,2913; 2940; 241372; 277445; 127674; 95170; 31289; 62578; 95516; 62852; 62864; 209001; 209183; 95673; 95686; 62933; 62921; 95813; 95832; 95839,67384; 246246; 32940; 138455; 78191; 72750; 202097; 2734; 132016; 116799; 126280; 65817; 262848; 100575; 131142; 241372; 10370; 71715; 44856; 244447,56 Days; Power: Origins; Billions; Lisey's Story; Goliath,Julia Goldani Telles,2016-04-10,,Amy Seimetz,,Ended,3,37,2026-08-21,,77,6.9,12540,0,0,0,0,3,14,3 wins & 14 nominations total,2026-08-21,false,,,59,90,59,77,20,"Similar to Billions and Goliath, which you loved."
show:218351,The Gold,2023,show,Watched,201653,tt14063678,218351,7,2025-06-23T00:00:00.000Z,12,1970-01-01T00:00:00.000Z,12,caught-up,false,,,Crime; Drama,"On 26 November 1983, six armed men break into the Brink's-Mat security depot, stumbling across gold bullion worth £26m.",robbery; based on true story; suspenseful; excited,en,7.338,77,9.287,208878; 241372; 241259; 306189; 62458; 306213; 306352; 127896; 241480; 95495; 3114; 62829; 277789; 306502; 95537; 3050; 95673; 128095; 241501; 3216,156902; 209876; 278624; 67384; 119845; 64199; 87773; 76231; 285807; 138108; 65628; 64513; 227318; 96488; 241485; 153657; 228305; 10305; 40675; 287238,56 Days; Baby Reindeer; The Rise of the Qin Empire; The Astronaut Wives Club; L.I.F.E. Anthologies,Hugh Bonneville; Tom Cullen; Charlotte Spencer; Emun Elliott; Stefanie Martini,2023-02-12,,Neil Forsyth,,Ended,2,12,2026-08-21,,76,7.4,9720,0,0,0,0,0,0,Nominated for 1 BAFTA Award4 nominations total,2026-08-21,false,,,69,85,42,76,0,"Similar to Goliath and Task, which you loved."
show:69158,The Good Fight,2017,show,Watched,113697,tt5853176,69158,10,2026-07-29T01:24:40.000Z,60,1970-01-01T00:00:00.000Z,60,caught-up,false,,,Drama,"Picking up one year after the events of the final broadcast episode of ""The Good Wife"", an enormous financial scam has destroyed the reputation of a young lawyer, Maia Rindell, while simultaneously wiping out her mentor and godmother Diane Lockhart's savings. Forced out of her law firm, now called ""Lockhart, Deckler, Gussman, Lee, Lyman, Gilbert, Lurie, Kagan, Tannebaum & Associates"", they join Lucca Quinn at one of Chicago's preeminent law firms.","chicago, illinois; investigation; government; lawyer; courtroom; law firm; case of the week",en,7.551,350,27.5561,124595; 124814; 124825; 938; 92369; 994; 124643; 1256; 92708; 92739; 92602; 238556; 59789; 59791; 29352; 59861; 206674; 1365; 93011; 93027,156933; 67993; 58841; 44006; 549; 72071; 106388; 85853; 257534; 67384; 400; 37680; 4955; 1365; 153657; 116799; 98657; 46952; 61056; 226174,The Imperial Coroner; Second Chance; Heart's Decree; Inspector Rex; Family Law,Christine Baranski; Audra McDonald; Sarah Steele; Nyambi Nyambi; Michael Boatman,2017-02-19,50,Michelle King,,Ended,6,60,2026-08-21,,80,8.3,35559,0,0,0,2,7,68,Nominated for 2 Primetime Emmys. 7 wins & 68 nominations total,2026-08-21,false,,,82,90,57,80,98,You've loved 2 titles from creator Michelle King before.
show:87523,The Good Lord Bird,2020,show,Watched,151015,tt3673480,87523,8,2020-11-15T00:00:00.000Z,7,1970-01-01T00:00:00.000Z,7,caught-up,false,,,Drama; Western; War & Politics,"Henry 'Little Onion' Shackleford, a newly freed teenager joins abolitionist John Brown on a holy crusade to end slavery. Onion encounters Frederick Douglass and Harriet Tubman, and he finds himself as a part of the famous 1859 raid at Harpers Ferry.",based on novel or book; slavery; murder; dark comedy; gang; abolitionist; early america; public execution,en,6.706,107,7.7529,873; 896; 28913; 1018; 1023; 1024; 274260; 29063; 206014; 206118; 91586; 28672; 273866; 273941; 274047; 124067; 303572; 918; 58757; 799,57276; 1401; 240993; 1406; 2562; 126308; 73544; 222405; 138971; 157744; 122235; 99346; 89498; 732; 63333; 17035; 43901; 118357; 86733; 104954,Columbo; Bonanza; Romance in the Alley; The Jazz Age; Winning Time: The Rise of the Lakers Dynasty,Ethan Hawke; Joshua Caleb Johnson; Hubert Point-Du Jour; Beau Knapp; Nick Eversman,2020-10-04,,Mark Richard,,Ended,1,7,2026-08-21,,84,7.6,7756,0,0,1,0,7,20,Won 1 Primetime Emmy. 7 wins & 20 nominations total,2026-08-21,false,,,72,85,45,84,54,You've loved 1 title with Ethan Hawke before.
show:1435,The Good Wife,2009,show,Watched,1426,tt1442462,1435,10,2026-07-29T01:23:47.000Z,156,2016-05-09T01:43:00.000Z,156,caught-up,true,,,Drama,Alicia Florrick boldly assumes full responsibility for her family and re-enters the workforce after her husband's very public sex and political corruption scandal lands him in jail.,mother; infidelity; governor; politics; lawyer; justice; cynical; defense attorney; tense; witty; distressing,en,7.616,699,93.9408,274265; 28667; 303630; 58776; 91506; 91725; 124643; 237997; 1256; 58951; 29244; 1425; 1436; 1438; 1480; 124825; 59312; 29600; 1365; 29642,2026; 124643; 2093; 1950; 46621; 71766; 90872; 37780; 95004; 211564; 21762; 734; 1791; 3216; 72743; 67118; 341; 33155; 92053; 120317,Cupertino; Empire of Gold; The Tiger; The Spy; Family Law,Julianna Margulies; Christine Baranski; Matt Czuchry; Alan Cumming; Cush Jumbo,2009-09-22,43,Michelle King,,Ended,7,156,2026-08-21,,81,8.3,88736,0,0,5,0,33,230,Won 5 Primetime Emmys. 33 wins & 230 nominations total,2026-08-21,false,,,97,90,64,81,100,You've loved 2 titles from creator Michelle King before.
show:93812,The Great,2020,show,Watched,152469,tt2235759,93812,8,2023-05-12T00:00:00.000Z,30,1970-01-01T00:00:00.000Z,30,caught-up,false,,,Drama; Comedy,"A genre-bending, anti-historical ride through 18th century Russia following the rise of Catherine the Nothing to Catherine the Great and her explosive relationship with husband Peter, the emperor of Russia.",queen; slapstick comedy; alternate history; king; 18th century; palace intrigue; costume drama; russian empire,en,8.073,1185,32.8791,61498; 61511; 2207; 2211; 94066; 276355; 61444; 30301; 30283; 276234; 276300; 305294; 305450; 240035; 276524; 240440; 240445; 240462; 240396; 61729,196454; 91239; 69541; 2942; 64353; 65494; 70215; 116450; 57276; 211180; 48865; 250162; 76692; 213338; 250988; 206829; 109939; 57092; 96734; 90399,The Great Fire; Father Brown; 'Allo 'Allo!; Shameless Lover; Harlots,Elle Fanning; Nicholas Hoult; Phoebe Fox; Gwilym Lee; Adam Godley,2020-05-15,,Tony McNamara,,Canceled,3,30,2026-08-21,,78,8.1,60371,0,0,2,0,16,62,Won 2 Primetime Emmys. 16 wins & 62 nominations total,2026-08-21,false,,,53,95,69,78,100,Fits your taste for Drama / Comedy.
show:69478,The Handmaid's Tale,2017,show,Watched,113938,tt5834204,69478,8,2026-07-29T00:56:02.000Z,66,2025-05-27T04:56:00.000Z,66,caught-up,false,,,Drama; Sci-Fi & Fantasy; Action & Adventure,"Set in a dystopian future, a woman is forced to live as a concubine under a fundamentalist theocratic dictatorship.",rape; based on novel or book; feminism; slavery; dystopia; surrogate mother; teacher; religion; infertility; torture; alternative reality; totalitarianism; tyranny; aggressive,en,8.157,3394,62.8151,61511; 61529; 2213; 2215; 305250; 305253; 2340; 240150; 94143; 276355; 276357; 94277; 94285; 94292; 61338; 2117; 2118; 61425; 61431; 61446,93289; 42009; 90228; 1386; 323411; 93784; 62858; 71914; 85273; 12832; 83870; 77459; 33852; 83659; 80752; 125116; 78670; 1622; 64394; 67198,Father Brown; Stand Up!!; Monarch of the Glen; Sarawat Mae Luk On; Koet Pen Ka,Elisabeth Moss; Yvonne Strahovski; Samira Wiley,2017-04-26,,Bruce Miller,,Ended,6,66,2026-08-21,,,8.3,294353,0,0,15,0,96,298,Won 15 Primetime Emmys. 96 wins & 298 nominations total,2026-08-21,false,,,75,95,79,,100,You've loved 2 titles with Elisabeth Moss before.
movie:273248,The Hateful Eight,2015,movie,Watched,171149,tt3460252,273248,7,2015-12-25T00:00:00.000Z,1,2015-12-25T00:00:00.000Z,,,false,,,Drama; Mystery; Western,Bounty hunters seek shelter from a raging blizzard and get caught up in a plot of betrayal and deception.,"bounty hunter; wyoming, usa; narration; mountain; hangman; whodunit; stagecoach; blizzard; post civil war; 19th century; huis clos; absurd; male rape; everyone dies",en,7.757,15518,17.8224,1563299; 351033; 347904; 348080; 348603; 340837; 341001; 1276732; 341505; 341735; 111306; 111310; 111390; 110840; 110867; 541076; 111720; 1661051; 361028; 343362,44264; 11967; 710258; 522466; 75552; 281957; 26939; 922; 538225; 12106; 843380; 31283; 785663; 174751; 16608; 843846; 384680; 932086; 42252; 14384,The Revenant,Samuel L. Jackson; Kurt Russell; Jennifer Jason Leigh; Walton Goggins; Demián Bichir,2015-12-25,188,Quentin Tarantino,,,,,2026-08-21,74,68,7.8,718072,1,0,0,0,46,116,Won 1 Oscar. 46 wins & 116 nominations total,2026-08-21,false,,,56,100,94,71,100,You've loved 1 title with Kurt Russell before.
movie:840430,The Holdovers,2023,movie,Watched,671129,tt14849194,840430,8,2023-11-10T00:00:00.000Z,1,2023-11-10T00:00:00.000Z,,,false,,,Drama; Comedy,"A curmudgeonly instructor at a New England prep school is forced to remain on campus during Christmas break to babysit the handful of students with nowhere to go. Eventually, he forms an unlikely bond with one of them — a damaged, brainy troublemaker — and with the school’s head cook, who has just lost a son in Vietnam.","vietnam war; winter; boarding school; holiday; boston, massachusetts; 1970s; melancholy; alcoholism; grief; misfit; mental illness; teacher student relationship; new england; boys' boarding school; christmas",en,7.6,2612,9.0145,433; 442; 451; 471; 476; 489; 504; 508; 523; 524; 570; 577; 593; 595; 600; 606; 612; 742; 769; 771,632856; 1585; 334541; 207; 74308; 11858; 25330; 60895; 15592; 10312; 82465; 10400; 85350; 57157; 5143; 12560; 333348; 405177; 652962; 23957,Popular Music; Leaving Las Vegas; Brute; Drugstore Cowboy; Full Metal Jacket,Paul Giamatti; Dominic Sessa; Da'Vine Joy Randolph; Carrie Preston; Brady Hepner,2023-10-27,133,Alexander Payne,,,,,2026-08-21,97,82,7.9,247029,1,0,0,0,137,211,Won 1 Oscar. 137 wins & 211 nominations total,2026-08-21,false,,,61,95,76,90,100,You've loved 1 title with Paul Giamatti before.
show:61123,The Honourable Woman,2014,show,Watched,60640,tt3021686,61123,8,2014-08-21T00:00:00.000Z,8,1970-01-01T00:00:00.000Z,8,caught-up,false,,,Drama; War & Politics; Crime,"Nessa Stein, the daughter of a Zionist arms procurer who as a child witnessed his assassination. Now an adult, Nessa inherits her father's company and changes course from supplying arms to laying data cabling networks between Israel and the West Bank. Her efforts to reconcile the Israelis and Palestinians lands her an appointment to the House of Lords and creates an international political maelstrom.",middle east; palestinian-israeli conflict; miniseries; agent,en,7.316,128,3.3355,61428; 61498; 61517; 208071; 208146; 240085; 240144; 240166; 61380; 61393; 305215; 2239; 61559; 208130; 126485; 126577; 30280; 126670; 30324; 30327,17035; 1407; 113962; 80307; 32675; 220801; 61859; 114922; 108181; 40675; 71789; 60972; 280511; 10370; 57276; 138624; 222405; 76887; 156473; 80213,Cilla; The Great Fire; The Althea Tapes; 180 Degree Longitude Passes Through Us; Out There,Maggie Gyllenhaal; Stephen Rea; Lubna Azabal; Katherine Parkinson; Janet McTeer,2014-07-03,,Hugo Blick,,Ended,1,8,2026-08-21,,,7.9,11769,0,0,0,4,9,34,Nominated for 4 Primetime Emmys. 9 wins & 34 nominations total,2026-08-21,false,,,52,85,47,,84,"Similar to Homeland, which you loved."
show:217825,The Horror of Dolores Roach,2023,show,Watched,201379,tt9174630,217825,7,2023-07-07T00:00:00.000Z,8,1970-01-01T00:00:00.000Z,8,caught-up,false,,,Drama; Comedy; Mystery,"After an unjust 16-year prison sentence, Dolores Roach returns to a gentrified Washington Heights, where she reunites with an old stoner friend, Luis, who lets her live and work as a masseuse in the basement under his empanada shop. When the promise of her newfound stability is quickly threatened, “Magic Hands” Dolores is driven to shocking extremes to survive.",dramedy; based on podcast; horror,en,6.5,68,4.1757,238355; 274645; 303975; 238309; 59525; 1186; 1087; 238549; 206586; 124897; 1402; 92916; 304159; 206799; 125156; 304332; 60439; 1413; 60339; 239280,130464; 123192; 39525; 107113; 80213; 197373; 693; 241372; 96734; 93287; 106454; 69470; 126914; 233079; 253376; 117581; 213306; 256711; 116450; 278178,The House of Jealousy; Trăng Điên; Crown of Blood; Horror Theater Unbalance; Spirits,Justina Machado; Alejandro Hernandez; Kita Updike; K. Todd Freeman; Ilan Eskenazi,2023-07-06,,Aaron Mark,,Canceled,1,8,2026-08-21,,65,7.1,6217,0,0,0,0,1,3,1 win & 3 nominations total,2026-08-21,false,,,31,85,41,65,5,Fits your taste for Drama / Comedy.
movie:131634,The Hunger Games: Mockingjay - Part 2,2015,movie,Watched,89543,tt1951266,131634,8,2015-11-20T00:00:00.000Z,1,2015-11-20T00:00:00.000Z,,,false,,,Action; Adventure; Science Fiction,"As the war between the Capitol and the districts reaches its peak, Katniss Everdeen embarks on a perilous mission to liberate Panem and confront President Snow. Joined by a team of trusted allies, she navigates deadly traps, shifting loyalties, and the heavy cost of rebellion, determined to bring freedom to her people and end the Hunger Games once and for all.",strong woman; based on novel or book; revolution; dystopia; sequel; death match; based on young adult novel,en,6.9,13513,11.2214,445048; 263341; 4537; 4614; 445651; 4153; 4437; 4546; 1567021; 4722; 626918; 4732; 4909; 4917; 4923; 445890; 4858; 1229744; 1229934; 296099,101299; 131631; 695721; 445651; 262504; 70160; 157350; 262500; 330459; 299687; 72710; 123025; 934632; 399579; 428078; 297761; 487186; 181812; 142061; 284054,The Sum of All Fears; The Mitchells vs. the Mitchells; Vacation; The Hunger Games: The Ballad of Songbirds & Snakes,Jennifer Lawrence; Josh Hutcherson; Liam Hemsworth; Woody Harrelson; Elizabeth Banks,2015-11-18,137,Francis Lawrence,The Hunger Games Collection,,,,2026-08-21,70,65,6.6,410756,0,0,0,0,15,34,15 wins & 34 nominations total,2026-08-21,false,,,40,100,92,68,64,You've loved 1 title with Woody Harrelson before.
movie:695721,The Hunger Games: The Ballad of Songbirds & Snakes,2023,movie,Watched,539738,tt10545296,695721,7,2023-11-17T00:00:00.000Z,1,2023-11-17T00:00:00.000Z,,,false,,,Science Fiction; Action,"64 years before he becomes the tyrannical president of Panem, Coriolanus Snow sees a chance for a change in fortunes when he mentors Lucy Gray Baird, the female tribute from District 12.",daughter; based on novel or book; arena; fight; mentor; dystopia; riot; exploration; president; prequel; survival; murder; snow; creature; battle,en,6.964,3618,11.8448,1607962; 299384; 486986; 486989; 49521; 49529; 49530; 49538; 853911; 299474; 1233199; 1232918; 49315; 49332; 297175; 46911; 46957; 1426912; 297239; 299687,101299; 131634; 70160; 131631; 262500; 445651; 336843; 227156; 399579; 353491; 262504; 428078; 438631; 299687; 157350; 122917; 80274; 333339; 72710; 1895,In Time; X-Men: First Class; A Invasão; Don't Look Back; Intimate Confessions of a Chinese Courtesan,Tom Blyth; Rachel Zegler; Peter Dinklage; Jason Schwartzman; Hunter Schafer,2023-11-15,157,Francis Lawrence,The Hunger Games – New Trilogy Collection,,,,2026-08-21,64,54,6.6,179656,0,0,0,0,7,29,7 wins & 29 nominations total,2026-08-21,false,,,40,95,79,59,43,Fits your taste for Science Fiction / Action.
movie:12162,The Hurt Locker,2008,movie,Watched,7077,tt0887912,12162,10,2026-08-21T15:21:58.000Z,1,2009-06-25T00:00:00.000Z,,,true,,,Drama; Thriller; War,"During the Iraq War, a Sergeant recently assigned to an army bomb squad is put at odds with his squad mates due to his maverick way of handling his work.",rescue; sniper; explosive; loyalty; us army; car bomb; iraq; tension; disaster; terrorism; soldier; iraq war; booby trap; anti war; bomb squad,en,7.251,6304,11.2003,69163; 69266; 69281; 69321; 69324; 69401; 69407; 69409; 69492; 1449002; 1080005; 315837; 69524; 510484; 319096; 73846; 73861; 73906; 73921; 319230,405775; 476335; 2320; 1043905; 10015; 75674; 333352; 383585; 22972; 1009640; 407375; 405965; 10839; 969492; 567189; 811592; 857; 25; 9545; 8007,The Clairvoyant; Pretty Maids All in a Row; Aalwar; Ghost in the Shell; Whitney,Jeremy Renner; Anthony Mackie; Brian Geraghty; David Morse; Guy Pearce,2008-10-10,131,Kathryn Bigelow,,,,,2026-08-21,96,95,7.5,496169,6,0,0,0,125,130,Won 6 Oscars. 125 wins & 130 nominations total,2026-08-21,false,,,68,100,85,96,100,You've loved 2 titles from director Kathryn Bigelow before.
show:135251,The Idol,2023,show,Watched,189973,tt14954666,135251,5,2023-07-02T00:00:00.000Z,5,1970-01-01T00:00:00.000Z,5,caught-up,false,,,Drama,"After a nervous breakdown derailed Jocelyn's last tour, she’s determined to claim her rightful status as the greatest and sexiest pop star in America. Her passions are reignited by Tedros, a nightclub impresario with a sordid past. Will her romantic awakening take her to glorious new heights or the deepest and darkest depths of her soul?","nightclub; los angeles, california; nightclub entertainer; nightclub performer; nightlife; desire for fame; fame-seeking; music industry; romantic entrapment; bewildered",en,5.3,331,10.4502,7547; 35244; 8016; 127585; 4379; 4386; 4424; 32438; 954; 1037; 303633; 1274; 1305; 1259; 124578; 1423; 1450; 92150; 303124; 400,80006; 1423; 54650; 246246; 259453; 96095; 18109; 87017; 89630; 133174; 3475; 244447; 203744; 90870; 241259; 153657; 72071; 95665; 127585; 100575,The Cleaner; Hollywood Wives; American Gigolo; The Rockford Files; United States,Abel Tesfaye; Lily-Rose Depp; Suzanna Son; Troye Sivan; Jane Adams,2023-06-04,,Sam Levinson,,Canceled,1,5,2026-08-21,,,4.4,115862,0,0,1,0,2,5,Won 1 Primetime Emmy. 2 wins & 5 nominations total,2026-08-21,false,,,33,90,56,,29,"Similar to Six Feet Under, which you loved."
show:253372,The Institute,2025,show,Watched,238108,tt10946316,253372,6,2026-07-29T00:18:22.000Z,8,1970-01-01T00:00:00.000Z,8,caught-up,false,,,Mystery; Sci-Fi & Fantasy,"When 14 year old genius Luke Ellis is kidnapped, he awakens at The Institute, a facility full of children who all got there the same way he did, and who are all possessed of unusual abilities. In a nearby town, haunted former police officer Tim Jamieson has come looking to start a new life, but the peace and quiet won’t last, as his story and Luke’s are destined to collide.",based on novel or book; psychological horror; thriller,en,7.61,181,14.465,91586; 273916; 273966; 274047; 303658; 799; 274379; 237475; 237512; 237781; 1087; 237853; 274479; 304023; 274639; 91827; 124548; 124595; 274640; 304190,95839; 70485; 86686; 241372; 85273; 1386; 12832; 75191; 88055; 4346; 131992; 93784; 83135; 19614; 210787; 108181; 130464; 67861; 83685; 281666,Sherlock Holmes; Lynley; The Temptation Of Happiness; The Imperial Coroner; Lisey's Story,Ben Barnes; Joe Freeman; Simone Miller; Fionn Laird; Hannah Galway,2025-07-13,58,Benjamin Cavell,,Returning Series,1,8,2026-08-21,,52,6.7,9524,0,0,0,0,0,0,N/A,2026-08-21,false,,,48,85,50,52,0,Titles you loved list this as similar or recommended (3 times).
movie:398978,The Irishman,2019,movie,Watched,242125,tt1302006,398978,8,2026-08-21T14:25:51.000Z,1,2019-11-01T00:00:00.000Z,,,false,,,Crime; Drama; History,"Pennsylvania, 1956. Frank Sheeran, a war veteran of Irish origin who works as a truck driver, accidentally meets mobster Russell Bufalino. Once Frank becomes his trusted man, Bufalino sends him to Chicago with the task of helping Jimmy Hoffa, a powerful union leader related to organized crime, with whom Frank will maintain a close friendship for nearly twenty years.","chicago, illinois; philadelphia, pennsylvania; based on novel or book; hitman; war veteran; pennsylvania, usa; gangster; 1970s; irish-american; male friendship; aging; family relationships; murder; organized crime; mafia",en,7.572,7650,12.6968,445120; 263336; 263339; 263341; 445262; 263371; 1566843; 1388694; 813845; 1195107; 4024; 4032; 4043; 4049; 4105; 4107; 4108; 4111; 4112; 4193,10410; 769; 877; 238; 379; 13197; 466081; 1008409; 1607; 278; 82633; 524369; 1662; 117; 1013601; 59; 47504; 524; 11524; 12888,Irish Eyes; Bloody Sunday; Lawless; A History of Violence,Robert De Niro; Al Pacino; Joe Pesci; Harvey Keitel; Ray Romano,2019-11-01,209,Martin Scorsese,,,,,2026-08-21,95,94,7.8,468945,0,10,0,0,72,354,Nominated for 10 Oscars. 72 wins & 354 nominations total,2026-08-21,false,,,72,100,87,95,100,Titles you loved list this as similar or recommended (1 time).
movie:850165,The Iron Claw,2023,movie,Watched,679147,tt21064584,850165,8,2023-12-22T00:00:00.000Z,1,2023-12-22T00:00:00.000Z,,,false,,,Drama; History,"The true story of the inseparable Von Erich brothers, who made history in the intensely competitive world of professional wrestling in the early 1980s. Through tragedy and triumph, under the shadow of their domineering father and coach, the brothers seek larger-than-life immortality on the biggest stage in sports.","sports; 1970s; texas; wrestling; brotherhood; biography; dallas, texas; based on true story; dysfunctional family; family relationships; grief; tragedy; curse; historical; family",en,7.518,1314,7.1207,445058; 1566716; 263370; 263373; 263381; 1009612; 3877; 1009679; 1388875; 4032; 4107; 263782; 263815; 263839; 4464; 4466; 4476; 4483; 4512; 814215,87492; 164457; 43922; 25598; 481370; 600583; 601470; 16619; 465929; 277216; 239566; 9517; 244772; 468; 1008409; 12877; 873; 12149; 16131; 1578,Things We Lost in the Fire; Hard Miles; Bloody Sunday; The Lindbergh Kidnapping Case; Seabiscuit,Zac Efron; Jeremy Allen White; Harris Dickinson; Stanley Simons; Holt McCallany,2023-12-21,133,Sean Durkin,,,,,2026-08-21,89,73,7.6,114811,0,0,0,0,4,42,4 wins & 42 nominations total,2026-08-21,false,,,56,95,70,81,50,You've loved 2 titles with Jeremy Allen White before.
show:34415,The Killing,2011,show,Watched,34268,tt1637727,34415,10,2026-07-28T20:03:51.000Z,44,2014-08-02T02:00:00.000Z,44,caught-up,false,,,Drama; Crime; Mystery,"The Killing is an American crime drama television series based upon the Danish television series Forbrydelsen. Set in Seattle, Washington, the series follows the various murder investigations by homicide detectives Sarah Linden and Stephen Holder.","detective; child murder; mayor; seattle, washington; female protagonist; drugs; police detective; political campaign; female detective; murder investigation; questioning; murder mystery; neo-noir; based on tv series",en,7.838,897,24.2478,274479; 124822; 799; 862; 873; 895; 900; 926; 1023; 59312; 206510; 92246; 124727; 303824; 59410; 59648; 1180; 1165; 1167; 1205,213306; 46316; 259731; 71769; 1920; 244243; 84661; 67743; 244628; 262352; 133813; 220801; 70453; 246461; 4920; 60585; 218342; 247518; 87784; 126167,Lynley; Vertiges; Sherlock Holmes; In the Heat of the Night; Columbo,Mireille Enos; Joel Kinnaman; Gregg Henry; Joan Allen; Sterling Beaumon,2011-04-03,,Veena Sud,,Ended,4,44,2026-08-21,,72,8.3,132594,0,0,0,6,3,48,Nominated for 6 Primetime Emmys. 3 wins & 48 nominations total,2026-08-21,false,,,76,90,66,72,100,You've loved 1 title from creator Veena Sud before.
show:61014,The Knick,2014,show,Watched,60540,tt2937900,61014,8,2015-12-18T00:00:00.000Z,20,1970-01-01T00:00:00.000Z,20,caught-up,false,,,Drama,"Set in downtown New York in 1900, 'The Knick' is centered on the Knickerbocker Hospital and its staff, notably Dr. John Thackery, the hospital's brilliant chief surgeon who pushes medicine's boundaries, pioneering new procedures despite a severe drug addiction.",new york city; medicine; drug addiction; surgeon; hospital; historical fiction; doctor; drugs; period drama; medical drama,en,7.8,527,8.5018,24; 30; 105; 65; 185; 186; 268; 123469; 123481; 123493; 194; 28317; 28330; 273491; 273517; 123377; 123378; 303069; 303138; 58146,93749; 80350; 3172; 71769; 4588; 1408; 39852; 240740; 125952; 249695; 158083; 72787; 72615; 99530; 110695; 90399; 58937; 62650; 132016; 1621,Sex and the City; The Job; Weeds; NYPD Blue; Coming Home,Clive Owen; Charles Aitken; André Holland; Jeremy Bobb; Juliet Rylance,2014-08-08,60,Jack Amiel,,Canceled,2,20,2026-08-21,,78,8.4,56552,0,0,1,0,8,32,Won 1 Primetime Emmy. 8 wins & 32 nominations total,2026-08-21,false,,,80,90,61,78,68,"Similar to Weeds and Dopesick, which you loved."
show:79525,The Last Dance,2020,show,Watched,153780,tt8420184,79525,10,2026-07-29T00:26:04.000Z,10,2020-05-18T01:51:00.000Z,10,caught-up,false,,,Documentary,"A 10-part documentary chronicling the untold story of Michael Jordan and the Chicago Bulls dynasty with rare, never-before-seen footage and sound from the 1997-98 championship season – plus over 100 interviews with famous figures and basketball’s biggest names.",interview; sports; jordan; basketball; behind the scenes; sports documentary; national basketball association (nba); chicago bulls,en,8.27,1508,7.2923,276292; 276553; 94479; 61728; 61761; 61820; 126910; 126929; 94327; 208264; 240733; 61929; 208422; 240706; 240996; 208777; 277028; 305997; 95075; 306153,157002; 93219; 235345; 233051; 69763; 316898; 320472; 102905; 328735; 216386; 318880; 81337; 67027; 118876; 110193; 255251; 220030; 87083; 88401; 300999,Formula 1: Drive to Survive,Michael Jordan; Scottie Pippen; Dennis Rodman; Phil Jackson; Steve Kerr,2020-04-19,50,Michael Tollin,,Ended,1,10,2026-08-21,,90,9,169328,0,0,1,0,10,6,Won 1 Primetime Emmy. 10 wins & 6 nominations total,2026-08-21,false,,,64,95,71,90,46,You've loved 1 title from creator Michael Tollin before.
show:100088,The Last of Us,2023,show,Watched,158947,tt3581920,100088,9,2025-05-25T00:00:00.000Z,16,1970-01-01T00:00:00.000Z,16,caught-up,false,,,Drama,"Twenty years after modern civilization has been destroyed, Joel, a hardened survivor, is hired to smuggle Ellie, a 14-year-old girl, out of an oppressive quarantine zone. What starts as a small job soon becomes a brutal, heartbreaking journey, as they both must traverse the United States and depend on each other for survival.",people smuggling; post-apocalyptic future; infection; survival; epidemic; based on video game,en,8.414,7256,45.7477,61345; 61415; 61422; 305329; 94523; 61873; 61888; 94305; 2407; 2666; 62286; 95041; 62517; 31235; 95135; 306352; 1402; 1410; 1473; 206903,60948; 61345; 86374; 90972; 106379; 60802; 86550; 9045; 86382; 62286; 88052; 1402; 94305; 103768; 47640; 62560; 34967; 48866; 211288; 51704,Z Nation; The Stranded; L.I.F.E. Anthologies; The Walking Dead; 12 Monkeys,Bella Ramsey; Gabriel Luna; Isabela Merced; Young Mazino,2023-01-15,,Neil Druckmann,,Returning Series,2,16,2026-08-21,,83,8.4,746078,0,0,9,0,109,208,Won 9 Primetime Emmys. 109 wins & 208 nominations total,2026-08-21,false,,,78,100,86,83,100,You've loved 1 title from creator Neil Druckmann before.
show:201289,The Last Thing He Told Me,2023,show,Watched,195284,tt13745850,201289,6,2026-07-29T00:20:11.000Z,15,1970-01-01T00:00:00.000Z,15,caught-up,false,,,Mystery; Drama,"A woman must forge a relationship with her teenage stepdaughter in order to find her husband, who has mysteriously disappeared.","san francisco, california; based on novel or book; fbi; houseboat; on the run; fugitive; bag of money; u.s. marshal; reporter; teenage daughter; ponzi scheme; austin, texas; software engineer; memories; stepmother stepdaughter relationship",en,7.042,202,16.3933,2915; 208883; 2928; 95341; 95344; 241372; 208921; 208923; 277439; 241275; 241290; 95279; 127641; 127651; 127865; 127875; 306201; 306207; 62458; 127948,100010; 283297; 71715; 270734; 80054; 278624; 244244; 127641; 287238; 85853; 244447; 130464; 239826; 46786; 66025; 128904; 218351; 120998; 39468; 244628,The Investigator; Shantaram; When One Day I Will Sleep; 56 Days; Rivals,Jennifer Garner; Angourie Rice; Nikolaj Coster-Waldau,2023-04-13,,Laura Dave,,Returning Series,2,15,2026-08-21,,50,6.6,20775,0,0,0,0,1,3,1 win & 3 nominations total,2026-08-21,false,,,34,90,52,50,5,Fits your taste for Mystery / Drama.
show:54344,The Leftovers,2014,show,Watched,54001,tt2699128,54344,8,2017-06-04T00:00:00.000Z,28,1970-01-01T00:00:00.000Z,28,caught-up,false,,,Sci-Fi & Fantasy; Drama,"When 2% of the world's population abruptly disappears without explanation, the world struggles to understand just what they're supposed to do about it. This is the story of the people who didn't make the cut.",based on novel or book; depression; police chief; disappearance; family; missing person; small town sheriff,en,7.674,1271,28.9557,2903; 208883; 95341; 95344; 241372; 208921; 208923; 277439; 241275; 241290; 95279; 127651; 127865; 127875; 306201; 62458; 240942; 240921; 240975; 241065,53425; 91746; 124364; 63201; 253372; 69061; 93784; 86550; 134865; 200875; 244628; 210787; 68315; 86382; 85273; 70453; 239826; 80213; 39351; 95839,The Investigator; Shantaram; When One Day I Will Sleep; 56 Days; Rivals,Justin Theroux; Carrie Coon; Amy Brenneman; Christopher Eccleston; Kevin Carroll,2014-06-29,,Damon Lindelof,,Ended,3,28,2026-08-21,,76,8.3,128900,0,0,0,1,23,84,Nominated for 1 Primetime Emmy. 23 wins & 84 nominations total,2026-08-21,false,,,64,95,69,76,100,You've loved 1 title from creator Damon Lindelof before.
show:116799,The Lincoln Lawyer,2022,show,Watched,172130,tt13833978,116799,10,2026-07-29T00:18:18.000Z,40,1970-01-01T00:00:00.000Z,40,caught-up,false,,,Drama; Crime,Hotshot LA defense attorney Mickey Haller will do whatever it takes to win as he navigates the criminal justice system from his trademark Lincoln.,based on novel or book; workplace; lawyer; criminal; courtroom; courtroom drama; suspenseful; thriller; witty,en,7.729,547,50.2441,890; 896; 28913; 1024; 274260; 29063; 206118; 91586; 237508; 28667; 28672; 273866; 273914; 273916; 273941; 274047; 274069; 124067; 303572; 303525,67384; 32940; 226174; 205272; 60059; 4920; 239826; 256711; 204490; 37680; 277439; 64199; 119845; 40675; 64513; 85853; 287238; 202097; 153657; 81358,Neon Genesis Evangelion; Romance in the Alley; The Jazz Age; Winning Time: The Rise of the Lakers Dynasty; Goliath,Manuel Garcia-Rulfo; Neve Campbell; Becki Newton; Angus Sampson; Jazz Raycole,2022-05-13,,David E. Kelley,,Returning Series,4,40,2026-08-21,,,7.8,92443,0,0,0,0,4,4,4 wins & 4 nominations total,2026-08-21,false,,,96,90,61,,12,You've loved 3 titles from creator David E. Kelley before.
movie:254320,The Lobster,2015,movie,Watched,154718,tt3464902,254320,9,2026-08-21T15:21:24.000Z,1,2015-10-16T00:00:00.000Z,,,false,,,Comedy; Drama; Romance,"In a dystopian near future, single people, according to the laws of The City, are taken to The Hotel, where they are obliged to find a romantic partner in forty-five days or are transformed into animals and sent off into The Woods.",hotel; suicide attempt; boat; dystopia; woods; romance; punishment; revenge; swimming; grave digging; dead rabbit; blind woman; manhunt; shooting an animal; irreverent,en,7.023,7024,7.7199,49524; 1233083; 49559; 1430178; 1429786; 1232918; 49289; 49787; 487230; 47010; 47038; 297126; 46908; 484412; 46957; 46972; 47089; 297317; 1427472; 484161,10908; 17106; 258099; 17956; 347031; 88005; 341174; 13019; 364733; 38295; 27554; 763148; 506281; 18169; 63502; 587792; 100046; 557950; 533550; 25128,R.I.P.D.; Secret Defense; Something Blue; A Invasão; Intimate Confessions of a Chinese Courtesan,Colin Farrell; Rachel Weisz; Olivia Colman; Léa Seydoux; Michael Smiley,2015-10-15,119,Yorgos Lanthimos,,,,,2026-08-21,87,82,7.1,330883,0,1,0,0,33,84,Nominated for 1 Oscar. 33 wins & 84 nominations total,2026-08-21,false,,,63,100,86,85,100,You've loved 1 title from director Yorgos Lanthimos before.
show:273247,The Lowdown,2025,show,Watched,258223,tt31289994,273247,9,2026-07-29T00:19:13.000Z,8,1970-01-01T00:00:00.000Z,8,caught-up,false,,,Crime; Drama,"Follow the gritty exploits of citizen journalist Lee Raybon, a self-proclaimed Tulsa ""truthstorian"" whose obsession with the truth is always getting him into trouble.","dark comedy; cowboy; neo-western; investigative journalism; tulsa, oklahoma",en,6.8,65,18.606,895; 1018; 206014; 28751; 124256; 238043; 1274; 1424; 1436; 29642; 238419; 60616; 60622; 239497; 62620; 5487; 33400; 241506; 5639; 279725,201304; 76231; 128904; 244447; 80213; 119845; 43901; 67384; 90296; 89498; 66025; 85853; 98657; 1436; 217211; 106388; 138971; 86423; 2562; 1409,Murder Most Horrid; Bonanza; Six Feet Under; Justified; A Very British Coup,Ethan Hawke,2025-09-23,,Sterlin Harjo,,Returning Series,2,9,2026-08-21,,85,7.3,7729,0,0,0,0,1,3,1 win & 3 nominations total,2026-08-21,false,,,79,85,41,85,5,You've loved 1 title from creator Sterlin Harjo before.
show:225891,The Madison,2026,show,Watched,212581,tt33204276,225891,10,2026-07-29T00:17:47.000Z,6,1970-01-01T00:00:00.000Z,6,caught-up,false,,,Drama,"The Clyburns uproot their comfortable New York City lives to the wild, untamed beauty of Montana's Madison River Valley on a search for connection.","montana; grief; fish out of water; family drama; manhattan, new york city; matriarch; spoiled rich kid; wealthy family; death of a loved one; love story; plane crash; family ties",en,8.031,128,17.227,131142; 211782; 211941; 310133; 97701; 97546; 4187; 306944; 4424; 209319; 307169; 240591; 877; 91520; 206118; 206061; 1274; 124332; 274645; 91958,3769; 341; 1950; 290856; 91552; 1018; 21762; 4266; 4324; 60803; 95004; 39259; 70785; 62689; 35341; 47335; 492; 39913; 70513; 6467,Love Story; Ted Lasso; Caprica; Six Feet Under; Brothers and Sisters,Michelle Pfeiffer; Kurt Russell; Beau Garrett; Patrick J. Adams; Elle Chapman,2026-03-14,,Taylor Sheridan,,Returning Series,2,6,2026-08-21,,57,7.9,13528,0,0,0,0,0,0,N/A,2026-08-21,false,,,78,85,47,57,0,You've loved 6 titles from creator Taylor Sheridan before.
show:82856,The Mandalorian,2019,show,Watched,137178,tt8111088,82856,9,2023-04-19T00:00:00.000Z,24,1970-01-01T00:00:00.000Z,24,caught-up,false,,,Sci-Fi & Fantasy; Action & Adventure,"After the fall of the Galactic Empire, lawlessness has spread throughout the galaxy. A lone gunfighter makes his way through the outer reaches, earning his keep as a bounty hunter.",bounty hunter; affectation; space western; space opera; space exploration; quest,en,8.406,11163,48.7952,2985; 95269; 127714; 3122; 3137; 31424; 3380; 134; 253; 238; 79; 314; 325; 501; 655; 600; 1225; 1437; 1733; 207333,115036; 114461; 1437; 5031; 114478; 13837; 83867; 71365; 2723; 106159; 92830; 112162; 229544; 1449; 74387; 5656; 15819; 443; 202879; 196749,Babylon 5; Flash Gordon; Ahsoka; Star Wars: Andor,Pedro Pascal; Katee Sackhoff,2019-11-12,,Jon Favreau,,Ended,3,24,2026-08-21,,71,8.6,647555,0,0,15,0,62,157,Won 15 Primetime Emmys. 62 wins & 157 nominations total,2026-08-21,false,,,76,100,90,71,100,You've loved 1 title from creator Jon Favreau before.
movie:286217,The Martian,2015,movie,Watched,183371,tt3659388,286217,10,2015-10-02T00:00:00.000Z,1,2015-10-02T00:00:00.000Z,,,false,,,Science Fiction; Drama; Adventure,"During a manned mission to Mars, Astronaut Mark Watney is presumed dead after a fierce storm and left behind by his crew. But Watney has survived and finds himself stranded and alone on the hostile planet. With only meager supplies, he must draw upon his ingenuity, wit and spirit to subsist and find a way to signal to Earth that he is alive.",spacecraft; planet mars; based on novel or book; nasa; isolation; botanist; survival; space; engineering; stranded; astronaut; struggle for survival; aftercreditsstinger; duringcreditsstinger; deep space,en,7.706,21662,21.9901,315635; 1627716; 506482; 1080003; 876648; 876699; 73907; 876797; 510584; 510705; 319284; 319287; 74049; 319373; 690293; 318846; 73529; 318855; 73630; 1084244,118340; 559581; 687163; 2067; 49529; 80274; 609681; 299537; 95; 49047; 75612; 24428; 72710; 238603; 152; 17431; 2103; 299687; 154; 11935,Spider-Man: Homecoming; Fantômas; Time to Spare; The Big Short; Mardock Scramble: The First Compression,Matt Damon; Jessica Chastain; Kristen Wiig; Jeff Daniels; Michael Peña,2015-09-30,141,Ridley Scott,,,,,2026-08-21,91,80,8,999128,0,7,0,0,40,199,Nominated for 7 Oscars. 40 wins & 199 nominations total,2026-08-21,false,,,90,100,97,86,100,You've loved 3 titles from director Ridley Scott before.
show:70796,The Marvelous Mrs. Maisel,2017,show,Watched,118164,tt5788792,70796,10,2026-07-29T00:26:48.000Z,43,2023-05-26T00:15:00.000Z,43,caught-up,false,,,Comedy; Drama,"It’s 1958 Manhattan and Miriam “Midge” Maisel has everything she’s ever wanted - the perfect husband, kids, and Upper West Side apartment. But when her life suddenly takes a turn and Midge must start over, she discovers a previously unknown talent - one that will take her all the way from the comedy clubs of Greenwich Village to a spot on Johnny Carson’s couch.","comedian; female protagonist; period drama; nostalgic; manhattan, new york city; 1950s; candid; sentimental; whimsical",en,8.065,993,29.146,61498; 2184; 2197; 2297; 94280; 61260; 61264; 61309; 61387; 61431; 61444; 61457; 94000; 276166; 2352; 126725; 126728; 94167; 126750; 126824,105; 62117; 116450; 138089; 1088; 68898; 42282; 64254; 82596; 227139; 126914; 81723; 96734; 90877; 112211; 46653; 69630; 66309; 1915; 203614,The Great Fire; Maude; Jam; Sex and the City; Younger,Rachel Brosnahan; Alex Borstein; Michael Zegen; Tony Shalhoub; Marin Hinkle,2017-03-16,,Amy Sherman-Palladino,,Ended,5,43,2026-08-21,,78,8.6,156968,0,0,22,0,98,256,Won 22 Primetime Emmys. 98 wins & 256 nominations total,2026-08-21,false,,,79,90,67,78,100,You've loved 1 title from creator Amy Sherman-Palladino before.
movie:593643,The Menu,2022,movie,Watched,439843,tt9764362,593643,7,2022-11-18T00:00:00.000Z,1,2022-11-18T00:00:00.000Z,,,false,,,Comedy; Horror,"A young couple travels to a remote island to eat at an exclusive restaurant where the chef has prepared a lavish menu, with some shocking surprises.",psychopath; obsession; mass murder; restaurant; dark comedy; revenge; food; mass suicide; dinner; chef; food critic; remote island; french cuisine; culinary arts; fine dining,en,7.178,6519,15.0598,69165; 1448938; 510496; 876655; 319309; 74035; 73395; 318917; 318926; 1253232; 318941; 1452913; 73697; 319001; 690711; 1084721; 1453346; 81887; 325555; 82015,28940; 574475; 53172; 442249; 840705; 1054221; 306947; 1330421; 10576; 760161; 37865; 8461; 830788; 431185; 539; 2144; 175291; 27429; 1476740; 10131,Funny Games; Psycho,Anya Taylor-Joy; Ralph Fiennes; Nicholas Hoult; Janet McTeer; Paul Adelstein,2022-11-17,107,Mark Mylod,,,,,2026-08-21,88,71,7.2,496461,0,0,0,0,2,68,2 wins & 68 nominations total,2026-08-21,false,,,52,100,85,80,72,You've loved 1 title with Anya Taylor-Joy before.
show:90282,The Morning Show,2019,show,Watched,145783,tt7203552,90282,6,2026-07-29T00:20:32.000Z,40,1970-01-01T00:00:00.000Z,40,caught-up,false,,,Drama,"A behind-the-scenes look at the lives of the people who help America wake up in the morning, exploring the unique challenges faced by the men and women who carry out this daily televised ritual.",new york city; tv ratings; behind the scenes; television producer; morning show; television broadcast; television network; tv news anchor; news business; television journalist; public image; correspondent,en,7.721,932,29.2181,124613; 917; 29068; 92553; 1144; 1085; 1395; 29650; 29574; 1520; 1539; 1419; 1415; 1417; 60839; 1691; 1798; 1616; 60726; 1945,15621; 54511; 124394; 130842; 77032; 98657; 116761; 124271; 44006; 46441; 72071; 90399; 47640; 132016; 80748; 90870; 29574; 62852; 226174; 100575,Pride: The Series; Kate & Allie; For the People; Heels; New Amsterdam,Jennifer Aniston; Reese Witherspoon; Billy Crudup; Mark Duplass; Karen Pittman,2019-11-01,,Jay Carson,,Returning Series,5,40,2026-08-21,,61,8.1,148960,0,0,4,0,21,131,Won 4 Primetime Emmys. 21 wins & 131 nominations total,2026-08-21,false,,,61,90,66,61,100,"Similar to The Newsroom and Billions, which you loved."
show:93716,The Mosquito Coast,2021,show,Watched,153528,tt11041132,93716,7,2023-12-08T00:00:00.000Z,17,1970-01-01T00:00:00.000Z,17,caught-up,false,,,Drama; Action & Adventure,Allie Fox—a brilliant inventor and stubborn idealist—uproots his family for a dangerous quest through Mexico to flee the U.S. government and find safety.,mexico; based on novel or book; inventor; family,en,6.722,297,13.5547,2903; 208883; 2928; 95341; 95344; 241372; 208921; 208923; 277439; 241275; 241290; 95279; 127651; 127736; 127865; 127875; 306201; 62458; 240942; 240921,95439; 111800; 219760; 122226; 222766; 47665; 2321; 247732; 76231; 1399; 66676; 76479; 120911; 88987; 259702; 80968; 227318; 71715; 106541; 71146,The Investigator; Shantaram; When One Day I Will Sleep; 56 Days; Rivals,Justin Theroux; Melissa George; Logan Polish; Gabriel Bateman; Ian Hart,2021-04-30,,Neil Cross,,Canceled,2,17,2026-08-21,,55,6.8,16578,0,0,0,0,1,6,1 win & 6 nominations total,2026-08-21,false,,,39,90,55,55,8,"Similar to The Boys, which you loved."
movie:504172,The Mule,2018,movie,Watched,351319,tt7959026,504172,8,2018-12-14T00:00:00.000Z,1,2018-12-14T00:00:00.000Z,,,false,,,Crime; Drama; Thriller,"Earl Stone, a man in his eighties, is broke, alone, and facing foreclosure of his business when he is offered a job that simply requires him to drive. Easy enough, but, unbeknownst to Earl, he's just signed on as a drug courier for a Mexican cartel. He does so well that his cargo increases exponentially, and Earl hit the radar of hard-charging DEA agent Colin Bates.","mexico; drug crime; texas; drug mule; based on true story; old man; drug cartel; dea agent; pickup truck; small town sheriff; korean war veteran; based on magazine, newspaper or article; 2000s",en,6.869,5442,5.494,1079810; 510298; 510495; 510558; 510559; 876797; 318846; 73448; 73567; 73416; 73524; 73772; 73780; 876671; 73951; 1253773; 1084765; 876871; 510666; 74107,6977; 10629; 634528; 1155324; 20287; 325173; 1293162; 500682; 4836; 325789; 9509; 11018; 526973; 9333; 184; 21128; 438808; 656940; 13153; 1900,The Big Short; Killer Joe; No Country for Old Men; The Marksman; Extreme Prejudice,Clint Eastwood; Bradley Cooper; Laurence Fishburne; Michael Peña; Dianne Wiest,2018-12-14,116,Clint Eastwood,,,,,2026-08-21,69,58,7,167646,0,0,0,0,1,10,1 win & 10 nominations total,2026-08-21,false,,,82,100,83,64,12,You've loved 1 title with Bradley Cooper before.
show:15621,The Newsroom,2012,show,Watched,15556,tt1870479,15621,9,2014-12-14T00:00:00.000Z,25,1970-01-01T00:00:00.000Z,25,caught-up,false,,,Drama,"A behind-the-scenes look at the people who make a nightly cable-news program. Focusing on a network anchor, his new executive producer, the newsroom staff and their boss, the series tracks their quixotic mission to do the news well in the face of corporate and commercial obstacles-not to mention their own personal entanglements.",journalist; journalism; politics; television broadcast; news; television network; tv news anchor; intense,en,8.053,758,19.8916,235; 123488; 91016; 688; 58464; 58776; 91506; 91725; 1104; 238084; 1425; 1435; 1338; 29608; 29642; 304401; 59617; 59599; 1895; 275388,54511; 90282; 130842; 113962; 147050; 46441; 72071; 98657; 287167; 116761; 4588; 64199; 44006; 199001; 39718; 135868; 107365; 1416; 1407; 245927,The West Wing; Empire of Gold; The Tiger; The Spy; Mad Men,Jeff Daniels; Emily Mortimer; John Gallagher Jr.; Alison Pill; Thomas Sadoski,2012-06-24,60,Aaron Sorkin,,Ended,3,25,2026-08-21,,61,8.6,134133,0,0,1,0,10,34,Won 1 Primetime Emmy. 10 wins & 34 nominations total,2026-08-21,false,,,87,90,64,61,74,You've loved 2 titles from creator Aaron Sorkin before.
movie:290250,The Nice Guys,2016,movie,Watched,187173,tt3799694,290250,7,2016-05-20T00:00:00.000Z,1,2016-05-20T00:00:00.000Z,,,false,,,Comedy; Crime; Action,A private eye investigates the apparent suicide of a fading porn star in 1970s Los Angeles and uncovers a conspiracy.,daughter; detective; 1970s; investigation; alcoholism; private investigator; conspiracy; whodunit; alcoholic; buddy cop; private eye; neo-noir; father daughter relationship; amused; vibrant,en,7.133,8826,12.1391,49214; 49302; 49374; 49519; 49524; 49538; 1608096; 1608098; 1429903; 1232976; 49584; 487297; 49398; 1233069; 46901; 46934; 296917; 296991; 484580; 47156,280180; 136795; 11384; 648579; 2144; 3529; 9384; 9548; 187017; 90; 412988; 573435; 417644; 64688; 486131; 5236; 96; 877817; 39939; 33152,The Croods; R.I.P.D.; X-Men: First Class; What Men Want; 22 Jump Street,Russell Crowe; Ryan Gosling; Angourie Rice; Matt Bomer; Margaret Qualley,2016-05-15,116,Shane Black,,,,,2026-08-21,91,70,7.4,410135,0,0,0,0,9,34,9 wins & 34 nominations total,2026-08-21,false,,,64,100,88,81,52,You've loved 2 titles with Ryan Gosling before.
show:129552,The Night Agent,2023,show,Watched,184471,tt13918776,129552,7,2026-07-29T00:13:45.000Z,30,1970-01-01T00:00:00.000Z,30,caught-up,false,,,Action & Adventure; Drama; Mystery,"Brought together by a midnight phone call, an FBI agent and a cybersecurity expert must unravel an ever-growing web of political conspiracies.",based on novel or book; the white house; fbi; oval office; conspiracy; political; fbi agent; spies; thriller; exciting; action,en,7.697,1240,45.6963,61511; 2223; 2215; 2288; 305250; 305253; 240150; 240151; 94143; 276355; 276357; 276389; 94277; 94285; 94292; 61338; 2118; 61421; 61431; 61555,61859; 114922; 60855; 95480; 50558; 111800; 262280; 222766; 34639; 220801; 1973; 225385; 219971; 120911; 213306; 66857; 227114; 93166; 4046; 156819,Father Brown; Monarch of the Glen; Prison Break; Sarawat Mae Luk On; Koet Pen Ka,Gabriel Basso; Fola Evans-Akingbola; Louis Herthum; Genesis Rodriguez; Albert Jones,2023-03-23,,Shawn Ryan,,Returning Series,3,30,2026-08-21,,69,7.4,151290,0,0,0,0,2,8,2 wins & 8 nominations total,2026-08-21,false,,,71,95,69,69,12,You've loved 1 title from creator Shawn Ryan before.
show:61859,The Night Manager,2016,show,Watched,94686,tt1399664,61859,8,2016-03-27T00:00:00.000Z,12,1970-01-01T00:00:00.000Z,12,caught-up,false,,,Drama; Mystery; Crime,"Former British soldier Jonathan Pine navigates the shadowy recesses of Whitehall and Washington where an unholy alliance operates between the intelligence community and the secret arms trade. To infiltrate the inner circle of lethal arms dealer Richard Onslow Roper, Pine must himself become a criminal.",spy; based on novel or book; undercover; espionage; arms dealer; neo-noir; spy thriller,en,7.735,1357,24.3604,277241; 2919; 208883; 2928; 95341; 95344; 2999; 241372; 208921; 208923; 277439; 241275; 241290; 95279; 127651; 127865; 127875; 306201; 306207; 62458,213306; 95480; 129552; 114922; 220801; 71146; 72748; 241372; 156819; 108181; 262352; 4046; 287238; 262280; 66789; 278178; 225385; 222766; 244243; 80213,Burn Notice; The Investigator; Shantaram; When One Day I Will Sleep; 56 Days,Tom Hiddleston; Hugh Laurie; Diego Calva; Camila Morrone; Paul Chahidi,2016-02-21,,David Farr,,Returning Series,2,12,2026-08-21,,79,8,131241,0,0,2,0,27,52,Won 2 Primetime Emmys. 27 wins & 52 nominations total,2026-08-21,false,,,61,95,70,79,100,Titles you loved list this as similar or recommended (6 times).
show:66276,The Night Of,2016,show,Watched,196851,tt2401256,66276,8,2016-08-28T00:00:00.000Z,8,1970-01-01T00:00:00.000Z,8,caught-up,false,,,Crime; Drama; Mystery,"After a night of partying with a female stranger, a man wakes up to find her stabbed to death and is charged with her murder.",new york city; prison; muslim; murder; jail; lawyer; trial; miniseries; district attorney; murder investigation; speculative; murder trial; legal drama; eczema; dreary,en,7.978,1371,13.0633,277244; 277316; 277387; 2930; 241372; 95302; 208923; 277445; 241278; 241363; 95272; 127735; 127814; 127865; 95041; 95170; 95210; 62421; 127948; 240942,278178; 4920; 132016; 1405; 61056; 280511; 213306; 123192; 39852; 241372; 247518; 220801; 29574; 44856; 240740; 116799; 246461; 71769; 64158; 86848,Cold Case Files: The Grim Sleeper; Ramona; 56 Days; Stalkers Who Kill; Sunset Song,Riz Ahmed; John Turturro; Bill Camp; Payman Maadi; Jeannie Berlin,2016-07-10,60,Richard Price,,Ended,1,8,2026-08-21,,90,8.4,190287,0,0,5,0,14,44,Won 5 Primetime Emmys. 14 wins & 44 nominations total,2026-08-21,false,,,77,95,70,90,100,"Similar to Dexter and The Lincoln Lawyer, which you loved."
show:2316,The Office,2005,show,Watched,2302,tt0386676,2316,9,2013-05-16T00:00:00.000Z,186,1970-01-01T00:00:00.000Z,186,caught-up,false,,,Comedy,"The everyday lives of office employees in the Scranton, Pennsylvania branch of the fictional Dunder Mifflin Paper Company.",office; work; boss; remake; mockumentary; employer employee relationship; sitcom; employment; workplace comedy,en,8.582,5397,123.6943,2898; 2904; 2905; 277315; 2987; 277438; 241356; 2996; 95182; 94951; 2635; 2647; 2652; 2656; 127712; 31184; 31243; 31244; 31245; 31321,2996; 110; 62649; 62479; 4277; 971; 7777; 4576; 5258; 2586; 44857; 2695; 58932; 3253; 32694; 253941; 97; 2187; 39340; 34604,Small Wonder; Cafe Americain; The Ropers; Ha Ha Maker; Mesudarim,Rainn Wilson; John Krasinski; Jenna Fischer; Ed Helms,2005-03-24,,Greg Daniels,,Ended,9,186,2026-08-21,,66,9,828915,0,0,5,0,61,211,Won 5 Primetime Emmys. 61 wins & 211 nominations total,2026-08-21,false,,,84,100,83,66,100,You've loved 1 title from creator Greg Daniels before.
show:111800,The Old Man,2022,show,Watched,150805,tt5645432,111800,8,2024-07-17T00:00:00.000Z,15,1970-01-01T00:00:00.000Z,15,caught-up,false,,,Action & Adventure; Drama,"Dan Chase absconded from the CIA decades ago and now lives off the grid. When an assassin arrives and tries to take Chase out, the old operative learns that to ensure his future he now must reconcile his past.",based on novel or book; affectation; espionage; ex-cia agent; adoring; celebratory,en,7.183,471,12.229,2919; 208883; 2928; 95341; 95344; 241372; 208921; 208923; 277439; 241275; 241290; 95279; 127651; 127865; 127875; 306201; 62458; 240975; 241065; 305817,71146; 61859; 4297; 219760; 108978; 222766; 114922; 60855; 129552; 18653; 210916; 262280; 287238; 73375; 1973; 95439; 34639; 2046; 114926; 167,Burn Notice; The Investigator; Shantaram; When One Day I Will Sleep; 56 Days,Jeff Bridges; John Lithgow; Alia Shawkat; Navid Negahban; Jacqueline Antaramian,2022-06-16,,Jonathan E. Steinberg,,Canceled,2,15,2026-08-21,,70,7.5,63436,0,0,0,2,6,18,Nominated for 2 Primetime Emmys. 6 wins & 18 nominations total,2026-08-21,false,,,48,90,60,70,46,You've loved 1 title with John Lithgow before.
show:71738,The Orville,2017,show,Watched,119017,tt5691552,71738,8,2022-08-25T00:00:00.000Z,36,1970-01-01T00:00:00.000Z,36,caught-up,false,,,Drama; Comedy; Sci-Fi & Fantasy,"Follow the crew of the not-so-functional exploratory ship in the Earth's interstellar fleet, 400 years in the future.",space battle; future; utopia; nostalgic; space exploration; curious; space adventure; amused,en,7.622,1450,28.8674,241166; 62475; 208935; 62602; 3022; 62744; 3129; 306607; 3051; 63175; 3283; 3412; 3216; 3221; 3349; 3380; 90937; 160; 19; 121,63639; 90811; 85948; 127235; 39373; 85949; 85723; 79130; 4585; 1972; 34967; 62425; 1818; 85922; 67198; 67683; 157239; 97645; 128839; 79680,Planet of the Apes; Invasion; Falling Skies; Alien: Earth; La Brea,Seth MacFarlane; Adrianne Palicki; Penny Johnson Jerald; Scott Grimes; Peter Macon,2017-09-10,,Seth MacFarlane,,Returning Series,3,36,2026-08-21,,36,8,108127,0,0,0,1,3,17,Nominated for 1 Primetime Emmy. 3 wins & 17 nominations total,2026-08-21,false,,,42,95,71,36,31,You've loved 1 title with Scott Grimes before.
show:84661,The Outsider,2020,show,Watched,154221,tt8550800,84661,8,2020-03-08T00:00:00.000Z,10,1970-01-01T00:00:00.000Z,10,caught-up,false,,,Drama; Mystery; Crime,"When an insidious supernatural force edges its way into a seemingly straightforward investigation into the gruesome murder of a young boy, it leads a seasoned cop and an unorthodox investigator to question everything they believe in.",detective; based on novel or book; small town; child murder; georgia; strip club; investigation; alcoholism; murder; evil spirit; lawyer; private investigator; cannibal; entity; doppelgänger,en,7.356,1726,10.9454,61459; 61465; 208006; 61511; 2171; 2204; 2215; 2263; 305250; 208146; 305253; 208155; 2332; 2338; 2343; 2301; 240144; 240150; 94143; 276355,87784; 218342; 70453; 3476; 1405; 247518; 259731; 34415; 67743; 213306; 71769; 39852; 252000; 85853; 1920; 220801; 115004; 40675; 244243; 245703,Parasyte -the maxim-; Deadly Sins: No Forgiveness; Father Brown; Cold Case; Brotherhood,Ben Mendelsohn; Bill Camp; Jeremy Bobb; Julianne Nicholson; Marc Menchaca,2020-01-12,60,Richard Price,,Ended,1,10,2026-08-21,,,7.6,112114,0,0,0,1,1,11,Nominated for 1 Primetime Emmy. 1 win & 11 nominations total,2026-08-21,false,,,69,95,72,,21,You've loved 1 title with Julianne Nicholson before.
show:253941,The Paper,2025,show,Watched,239158,tt32159809,253941,10,2026-08-16T02:26:08.000Z,10,2025-09-04T10:33:00.000Z,10,caught-up,false,,,Comedy,"The documentary crew that immortalized Dunder Mifflin's Scranton branch is in search of a new subject when they discover a historic Toledo newspaper, The Truth Teller, and the eager publisher trying to revive it.",ohio; mockumentary; spin off; newspaper office; american midwest; documentary crew; follow-up,en,7.09,89,21.8856,2905; 277438; 241356; 2996; 2998; 95213; 62611; 209100; 3068; 62815; 3111; 62875; 95766; 63032; 306520; 241550; 3138; 31375; 155; 28110,2316; 2187; 97; 2299; 5258; 72031; 2191; 62479; 110; 69320; 2586; 65701; 2548; 3253; 4589; 2016; 39357; 4576; 69866; 260471,The Ropers; Office Joe; The Office; 3rd Rock from the Sun; The Office,Domhnall Gleeson; Sabrina Impacciatore,2025-09-04,,Michael Koman,,Returning Series,2,20,2026-08-21,,87,7,12968,0,0,0,0,0,0,3 nominations total,2026-08-21,false,,,64,85,44,87,0,You've loved 1 title from creator Michael Koman before.
show:135868,The Patient,2022,show,Watched,189420,tt15574312,135868,8,2022-10-25T00:00:00.000Z,10,1970-01-01T00:00:00.000Z,10,caught-up,false,,,Drama; Crime,A psychotherapist finds himself held prisoner by a serial killer with an unusual request: curb his homicidal urges.,miniseries; serious; intense,en,6.92,337,6.2185,277387; 208923; 241363; 31331; 127735; 95041; 95210; 62421; 127948; 306352; 127856; 31199; 31310; 31319; 241405; 2953; 241473; 241485; 62703; 241454,280511; 81358; 70485; 158083; 287238; 10370; 44856; 67384; 64199; 241372; 2850; 233256; 262352; 204490; 226174; 248416; 4920; 278178; 197434; 323903,Ramona; Sunset Song; Human Error; 4 Reasons Why I Hate X-Mas; The Stranded,Steve Carell; Domhnall Gleeson; Linda Emond; Laura Niemi; Andrew Leeds,2022-08-30,22,Joe Weisberg,,Ended,1,10,2026-08-21,,74,7,35610,0,0,0,0,0,0,10 nominations total,2026-08-21,false,,,63,90,56,74,0,You've loved 3 titles with Steve Carell before.
show:194764,The Penguin,2024,show,Watched,193922,tt15435876,194764,9,2024-11-10T00:00:00.000Z,8,1970-01-01T00:00:00.000Z,8,caught-up,false,,,Drama; Crime,"With the city in peril following the seawall's collapse, Oswald ""Oz"" Cobb seeks to fill the power vacuum left by the death of Carmine Falcone and finally give his mother Francis the life he's always promised. But first, Oz must confront his enemies and his own demoralizing reputation as ""the Penguin.""",drug trafficking; gangster; villain; based on comic; crime boss; betrayal; organized crime; miniseries; criminal; spin off; mob family; mother son relationship; violence; amused; bold,en,8.347,1444,24.0659,242977; 97317; 243081; 281555; 35430; 35435; 211720; 131141; 35244; 35248; 35260; 35261; 211892; 131262; 97186; 64669; 64684; 64685; 64750; 7810,101591; 66025; 76231; 247718; 54650; 137893; 31050; 255570; 1409; 66676; 97890; 79086; 249039; 85021; 262388; 68018; 1398; 119845; 64199; 262280,La Palma; Tinker Tailor Soldier Spy; The Manions of America; American Sports Story: Aaron Hernandez; Hollywood Wives,Colin Farrell; Cristin Milioti; Rhenzy Feliz; Deirdre O'Connell; Clancy Brown,2024-09-19,,Lauren LeFranc,,Ended,1,8,2026-08-21,,72,8.6,230647,0,0,9,0,55,66,Won 9 Primetime Emmys. 55 wins & 66 nominations total,2026-08-21,false,,,96,95,71,72,100,You've loved 1 title from creator Lauren LeFranc before.
show:250307,The Pitt,2025,show,Watched,232884,tt31938062,250307,10,2026-07-29T00:09:47.000Z,30,1970-01-01T00:00:00.000Z,30,caught-up,true,,,Drama,The staff of Pittsburgh's Trauma Medical Center work around the clock to save lives in an overcrowded and underfunded emergency department.,"hospital; real time; pittsburgh, pennsylvania; medical drama; medical procedural; drama; complicated; informative",en,8.729,917,87.3502,2167; 2170; 2294; 30435; 2354; 2371; 61399; 276713; 61567; 94607; 30876; 240850; 62022; 62073; 62078; 62107; 2427; 127239; 240627; 127607,4588; 62650; 1416; 63418; 99530; 249695; 88055; 5375; 71712; 3172; 80350; 2902; 69480; 3750; 60726; 61014; 93749; 240740; 1408; 90399,Cutter to Houston; China Beach; Home and Away; My Name is Melek; ER,Noah Wyle; Patrick Ball; Katherine LaNasa; Supriya Ganesh; Fiona Dourif,2025-01-09,,R. Scott Gemmill,,Returning Series,3,30,2026-08-21,,85,8.9,157888,0,0,5,0,45,78,Won 5 Primetime Emmys. 45 wins & 78 nominations total,2026-08-21,false,,,73,90,66,85,100,You've loved 1 title from creator R. Scott Gemmill before.
movie:446354,The Post,2017,movie,Watched,292956,tt6294822,446354,8,2017-12-22T00:00:00.000Z,1,2017-12-22T00:00:00.000Z,,,false,,,Drama; History,A cover-up that spanned four U.S. Presidents pushed the country's first female newspaper publisher and a hard-driving editor to join an unprecedented battle between journalist and government. Inspired by true events.,"vietnam war; newspaper; journalist; washington dc, usa; politics; 1970s; journalism; grave; biography; based on true story; richard nixon; pentagon papers; period drama; government cover-up; publisher",en,7.005,4988,5.4621,445122; 263373; 1009679; 4032; 4107; 263782; 263816; 263828; 263839; 4464; 4475; 4477; 4483; 4515; 814215; 1389137; 4584; 626332; 4133; 4169,390061; 10858; 820; 302401; 31018; 760336; 763144; 60309; 347123; 3291; 399790; 1211472; 353575; 837881; 10523; 522241; 44603; 292011; 14574; 649394,Hard Miles; Bloody Sunday; The Lindbergh Kidnapping Case; Seabiscuit; The Return of Martin Guerre,Meryl Streep; Tom Hanks; Sarah Paulson; Bob Odenkirk; Tracy Letts,2017-12-22,116,Steven Spielberg,,,,,2026-08-21,88,83,7.2,171711,0,2,0,0,21,116,Nominated for 2 Oscars. 21 wins & 116 nominations total,2026-08-21,false,,,52,95,83,86,100,You've loved 1 title with Bob Odenkirk before.
show:87739,The Queen's Gambit,2020,show,Watched,165792,tt10048342,87739,9,2020-10-23T00:00:00.000Z,7,1970-01-01T00:00:00.000Z,7,caught-up,false,,,Drama,"In a 1950s orphanage, a young girl reveals an astonishing talent for chess and begins an unlikely journey to stardom while grappling with addiction.",chess; based on novel or book; kentucky; female friendship; addiction; orphanage; coming of age; miniseries; orphan; historical; suicide of mother; substance abuse; historical drama; social issues; fictional biography,en,8.425,5686,16.5923,61428; 61498; 207976; 61511; 208071; 2184; 2213; 2215; 2294; 305250; 208146; 305253; 240085; 240144; 240150; 94143; 276355; 276357; 94277; 94285,72787; 130464; 58937; 39852; 259731; 78191; 111141; 31917; 66788; 40008; 120549; 248416; 218342; 241372; 32675; 273240; 72615; 91239; 116761; 225634,Cilla; The Great Fire; Scent of Love; Father Brown; The Althea Tapes,Anya Taylor-Joy; Chloe Pirrie,2020-10-23,,Scott Frank,,Ended,1,7,2026-08-21,,,8.5,660375,0,0,11,0,55,44,Won 11 Primetime Emmys. 55 wins & 44 nominations total,2026-08-21,false,,,65,100,84,,100,You've loved 1 title from creator Scott Frank before.
show:206829,The Regime,2024,show,Watched,197115,tt21375036,206829,6,2024-04-07T00:00:00.000Z,6,1970-01-01T00:00:00.000Z,6,caught-up,false,,,Drama; Comedy,The story of one year within the walls of the palace of a modern European regime as it begins to unravel.,miniseries; political satire; authoritarian regime,en,6.106,155,7.4056,886; 887; 28928; 205988; 28672; 28804; 123856; 124077; 303525; 797; 29004; 91725; 124189; 303718; 124374; 237781; 206402; 206485; 206510; 237982,67384; 62704; 212246; 206828; 135868; 90399; 64396; 137893; 206925; 226174; 158083; 211; 236235; 116450; 113984; 246992; 225634; 196214; 100575; 248416,Space Race; The Spy; Kamen Rider Jeanne & Kamen Rider Aguilera with Girls Remix; Copenhagen Cowboy; Goliath,Kate Winslet; Matthias Schoenaerts; Guillaume Gallienne; Andrea Riseborough; Danny Webb,2024-03-03,50,Will Tracy,,Ended,1,6,2026-08-21,,56,6,14285,0,0,0,1,0,0,Nominated for 1 Primetime Emmy. 7 nominations total,2026-08-21,false,,,42,85,49,56,8,You've loved 1 title with Andrea Riseborough before.
show:204284,The Rehearsal,2022,show,Watched,182868,tt10802170,204284,8,2025-06-08T00:00:00.000Z,12,1970-01-01T00:00:00.000Z,12,caught-up,false,,,Comedy; Documentary,"With a construction crew, a legion of actors, and seemingly unlimited resources, Nathan Fielder allows ordinary people to prepare for life's biggest moments by ""rehearsing"" them in carefully crafted simulations of his own design. When a single misstep could shatter your entire world, why leave life to chance?",interview; parenthood; mockumentary; rehearsal; pilot error; comedy of errors; absurd; past mistakes; social error,en,7.995,274,6.9104,2187; 2207; 2316; 2125; 2131; 2224; 276292; 276295; 2353; 126824; 276577; 61705; 61778; 94379; 61920; 240735; 61929; 2717; 2784; 277028,58957; 243; 110971; 14188; 69763; 83109; 97363; 102905; 226135; 15826; 206246; 238179; 283367; 316898; 124339; 93219; 220998; 292130; 320472; 83247,Reno 911!; The Office; Catastrophe; Nathan for You; How To with John Wilson,Nathan Fielder,2022-07-15,,Nathan Fielder,,Returning Series,2,12,2026-08-21,,87,8.5,34918,0,0,0,4,1,16,Nominated for 4 Primetime Emmys. 1 win & 16 nominations total,2026-08-21,false,,,58,90,54,87,50,"Similar to The Office, which you loved."
show:194728,The Resort,2022,show,Watched,181507,tt11897688,194728,7,2022-09-08T00:00:00.000Z,8,1970-01-01T00:00:00.000Z,8,caught-up,false,,,Comedy; Mystery,An anniversary trip puts a marriage to the test when a couple finds themselves embroiled in one of Yucatan's most bizarre unsolved mysteries.,nonlinear timeline; murder mystery; parallel stories; mystery box; tropical vacation,en,6.608,125,6.6298,63023; 95832; 241548; 136; 91997; 790; 238193; 59134; 59312; 895; 274479; 207389; 93705; 1920; 61056; 61431; 61465; 61511; 2366; 61380,106454; 107113; 69470; 120998; 111838; 248330; 202224; 242054; 245827; 113966; 155594; 225385; 256317; 209922; 243316; 67960; 66732; 4346; 67773; 254013,The Bletchley Circle; Murder Most Horrid; Lynley; Father Brown; The Afterparty,William Jackson Harper; Cristin Milioti; Nick Offerman; Skyler Gisondo; Luis Gerardo Méndez,2022-07-28,35,Andy Siara,,Ended,1,8,2026-08-21,,69,7.4,13774,0,0,0,0,1,1,1 win & 1 nomination total,2026-08-21,false,,,43,85,47,69,3,You've loved 1 title with Cristin Milioti before.
movie:281957,The Revenant,2015,movie,Watched,179334,tt1663202,281957,6,2016-01-08T00:00:00.000Z,1,2016-01-08T00:00:00.000Z,,,false,,,Western; Drama; Adventure,"In the 1820s, a frontiersman, Hugh Glass, sets out on a path of vengeance against those who left him for dead after a bear mauling.",rape; based on novel or book; parent child relationship; winter; child murder; mountain; grizzly bear; animal attack; wilderness; gore; native american; forest; based on true story; liar; fur trapping,en,7.541,19591,16.8186,315623; 315631; 315636; 1079810; 69328; 506482; 1449002; 510298; 510495; 876648; 319096; 876699; 73906; 510558; 510559; 876797; 510584; 510606; 319284; 319287,273248; 75552; 843846; 14384; 10669; 384680; 12146; 1195518; 600583; 428446; 538225; 44264; 26939; 18264; 16608; 31283; 522466; 46528; 291356; 400090,Whitney; Fantômas; The Hateful Eight,Leonardo DiCaprio; Tom Hardy; Domhnall Gleeson; Will Poulter; Forrest Goodluck,2015-12-25,157,Alejandro G. Iñárritu,,,,,2026-08-21,78,76,8,947792,3,0,0,0,94,193,Won 3 Oscars. 94 wins & 193 nominations total,2026-08-21,false,,,53,100,96,77,100,You've loved 1 title with Leonardo DiCaprio before.
show:82782,The Righteous Gemstones,2019,show,Watched,142048,tt8634332,82782,8,2025-05-04T00:00:00.000Z,36,1970-01-01T00:00:00.000Z,36,caught-up,false,,,Comedy; Drama,"The story of a world-famous televangelist family with a history of deviance, greed and, yes, charitable work, all in the name of Jesus.",dysfunctional family; religion; scam; evangelical christianity; religious hypocrisy; evangelist; televangelist; megachurch; southern culture; hilarious,en,7.485,309,26.8389,2933; 277439; 62474; 94951; 241384; 2961; 2962; 62699; 95469; 62776; 62741; 62812; 63039; 95681; 63109; 31356; 3316; 143; 40; 44,2933; 76331; 1906; 34435; 34307; 63522; 61986; 4731; 85519; 7097; 2691; 90399; 89499; 62320; 4392; 1274; 92621; 269; 249039; 2097,The Riches; Cape Fear; Seaside Hotel; Mythic Quest; The Young Pope,Danny McBride; Adam Devine; Edi Patterson; John Goodman; Cassidy Freeman,2019-08-18,,Danny McBride,,Ended,4,36,2026-08-21,,77,8.1,63308,0,0,1,0,3,34,Won 1 Primetime Emmy. 3 wins & 34 nominations total,2026-08-21,false,,,80,90,56,77,60,"Similar to Succession and Shameless, which you loved."
movie:1306368,The Rip,2026,movie,Watched,1065701,tt32642706,1306368,9,2026-08-21T14:13:55.000Z,1,2026-01-16T00:00:00.000Z,,,false,,,Action; Thriller; Crime,"Trust frays when a team of Miami cops discovers millions in cash inside a run-down stash house, calling everyone — and everything — into question.","drug crime; miami, florida; police; investigation; cover-up; betrayal; shootout; dirty cop; trust; double cross; attic; sting operation; cartel; hidden money; fbi agent",en,7.092,1850,22.1813,873097; 315837; 510242; 73587; 73780; 73984; 510653; 1631504; 325311; 1461254; 325555; 325699; 1259801; 81446; 1461294; 82081; 81778; 82825; 82727; 82633,82; 668489; 8961; 9737; 20676; 9366; 38700; 111; 421473; 18631; 324542; 10877; 13153; 4911; 30941; 997120; 14362; 8012; 169917; 400535,Ghost in the Shell; Psycho-Pass: Sinners of the System - Case.1 Crime and Punishment; Temper; The Baytown Outlaws; Sabotage,Matt Damon; Ben Affleck; Teyana Taylor; Steven Yeun; Catalina Sandino Moreno,2026-01-13,113,Joe Carnahan,,,,,2026-08-21,77,63,6.8,123010,0,0,0,0,0,0,N/A,2026-08-21,false,,,88,95,73,70,0,You've loved 1 title from director Joe Carnahan before.
show:79744,The Rookie,2018,show,Watched,134421,tt7587890,79744,7,2026-07-29T00:19:07.000Z,144,1970-01-01T00:00:00.000Z,144,caught-up,false,,,Crime; Drama; Comedy,"Starting over isn't easy, especially for small-town guy John Nolan who, after a life-altering incident, is pursuing his dream of being an LAPD officer. As the force's oldest rookie, he's met with skepticism from some higher-ups who see him as just a walking midlife crisis.","police chase; los angeles, california; police officer; police detective; street crime; lapd; police training; crime investigation; dramedy; police department; procedural; police drama; cautionary; dramatic",en,8.542,3478,265.2935,274559; 847; 814; 862; 873; 954; 1042; 59312; 274645; 92308; 92246; 124727; 59410; 59610; 1037; 1180; 1165; 1167; 1259; 1274,1450; 67116; 32632; 61969; 239826; 236429; 1486; 71790; 75219; 58841; 87773; 5920; 201992; 85385; 1414; 202296; 40675; 285807; 60585; 153657,Hornblower; In the Heat of the Night; Columbo; The Rockford Files; Revolutionary Girl Utena,Nathan Fillion; Melissa O'Neil; Eric Winter; Alyssa Diaz; Mekia Cox,2018-10-16,,Alexi Hawley,,Returning Series,9,145,2026-08-21,,64,8,125489,0,0,0,5,3,8,Nominated for 5 Primetime Emmys. 3 wins & 8 nominations total,2026-08-21,false,,,73,95,79,64,54,"Similar to Six Feet Under and The Shield, which you loved."
movie:261041,The Search for General Tso,2014,movie,Watched,160082,tt3576038,261041,4,2026-08-21T15:26:44.000Z,1,2014-04-20T00:00:00.000Z,,,false,,,Documentary,"From New York City to the farmlands of the Midwest, there are 50,000 Chinese restaurants in the U.S., yet one dish in particular has conquered the American culinary landscape with a force befitting its military moniker—“General Tso’s Chicken.” But who was General Tso and how did this dish become so ubiquitous? Ian Cheney’s delightfully insightful documentary charts the history of Chinese Americans through the surprising origins of this sticky, sweet, just-spicy-enough dish that we’ve adopted as our own.",food,en,6.5,57,0.5043,1232705; 487716; 1061682; 857559; 671900; 303116; 305753; 1032156; 1032379; 833478; 466487; 278638; 1406454; 463088; 652558; 652560; 35076; 36031; 825999; 458821,1492608; 1723460; 111332; 193645; 89708; 21925; 1699155; 450945; 147778; 979163; 1059673; 1015356; 94623; 597965; 20561; 42314; 936643; 239459; 352197; 39333,,Susan Carter; Ian Cheney; Philip Chiang; Andrew Coe; Liang Xiao Jin,2014-04-20,71,Ian Cheney,,,,,2026-08-21,90,72,6.9,1911,0,0,0,0,0,0,N/A,2026-08-21,false,,,26,85,39,81,0,Fits your taste for Documentary.
show:134373,The Sex Lives of College Girls,2021,show,Watched,168298,tt11212276,134373,7,2025-01-25T00:00:00.000Z,30,1970-01-01T00:00:00.000Z,30,caught-up,false,,,Comedy; Drama,"Follow four college roommates as they arrive at New England's prestigious Essex College. A bundle of contradictions and hormones, these girls are equal parts lovable and infuriating as they live out their new, free lives on campus.",college; friendship; promiscuity; vermont; exploring sexuality; sex life,en,7.17,388,24.641,208883; 277369; 241259; 2996; 95286; 306129; 241170; 95041; 95213; 62475; 127828; 31199; 62602; 2957; 62668; 95513; 3022; 62783; 62741; 62745,42282; 40632; 71890; 116450; 100883; 900; 62704; 31941; 1480; 66008; 71885; 211; 260458; 105; 5721; 61637; 81356; 3475; 815; 96718,The Investigator; The Moon on a Rainy Night; Baby Reindeer; The Office; The Stranded,Pauline Chalamet; Amrit Kaur; Alyah Chanelle Scott; Renika Williams; Christopher Meyer,2021-11-18,,Mindy Kaling,,Canceled,3,30,2026-08-21,,75,7.7,34323,0,0,0,0,3,9,3 wins & 9 nominations total,2026-08-21,false,,,61,90,58,75,15,"Similar to Girls and Adults, which you loved."
show:1414,The Shield,2002,show,Watched,1405,tt0286486,1414,9,2008-11-25T00:00:00.000Z,88,1970-01-01T00:00:00.000Z,88,caught-up,false,,,Crime; Drama; Action & Adventure,The story of an inner-city Los Angeles police precinct where some of the cops aren't above breaking the rules or working against their associates to both keep the streets safe and their self-interests intact.,"robbery; police brutality; mayor; drug dealer; gang; dirty cop; police corruption; los angeles, california; drugs; police detective; death; criminal investigation; lapd; grim; mexican cartel",en,8.174,889,50.7085,2171; 2179; 2223; 2204; 2210; 2279; 2332; 2343; 2302; 240085; 2142; 61457; 2229; 2234; 126491; 30286; 2359; 61299; 61406; 61352,247718; 125949; 43982; 66676; 239826; 1908; 1450; 71694; 54650; 63351; 47141; 1438; 101591; 75797; 71790; 4040; 32632; 262280; 97890; 40675,"Cold Case; Quincy, M.E.; Brotherhood; Relativity; L.A. Heat",Michael Chiklis; Catherine Dent; Paula Garcés; Walton Goggins; Michael Jace,2002-03-12,45,Shawn Ryan,,Ended,7,88,2026-08-21,,89,8.7,95059,0,0,1,0,15,62,Won 1 Primetime Emmy. 15 wins & 62 nominations total,2026-08-21,false,,,100,90,66,89,100,You've loved 1 title from creator Shawn Ryan before.
show:39852,The Sinner,2017,show,Watched,118193,tt6048596,39852,8,2021-12-01T00:00:00.000Z,32,1970-01-01T00:00:00.000Z,32,caught-up,false,,,Crime; Drama,"In a small New York town, a haunted detective hunts for answers about perplexing crimes while wrestling with his own demons.",based on novel or book; anthology; murder; memory loss; drugs; murder investigation; religiosity; sisterhood; psychotic attack,en,7.461,1287,28.8242,124511; 124540; 124546; 92154; 124583; 124585; 124586; 124587; 124595; 274479; 206268; 124800; 124817; 124822; 238380; 799; 810; 873; 895; 896,70453; 71769; 65784; 213306; 241372; 72745; 120462; 60622; 1405; 259731; 247518; 40675; 10370; 45094; 40008; 67744; 239826; 278178; 218342; 137127,The Imperial Coroner; Lynley; Victim; Love & Death; Faith Makes Great,Bill Pullman; Frances Fisher; Alice Kremelberg; Neal Huff; Cindy Cheung,2017-08-02,,Derek Simonds,,Ended,4,32,2026-08-21,,73,7.8,148512,0,0,0,1,3,17,Nominated for 1 Primetime Emmy. 3 wins & 17 nominations total,2026-08-21,false,,,78,95,69,73,31,"Similar to Fargo and Dexter, which you loved."
show:1398,The Sopranos,1999,show,Watched,1389,tt0141842,1398,10,2026-07-29T01:19:25.000Z,86,2007-06-11T02:00:00.000Z,86,caught-up,true,,,Crime; Drama,"The story of New Jersey-based Italian-American mobster Tony Soprano and the difficulties he faces as he tries to balance the conflicting requirements of his home life and the criminal organization he heads. Those difficulties are often highlighted through his ongoing professional relationship with psychiatrist Jennifer Melfi. The show features Tony's family members and Mafia associates in prominent roles and story arcs, most notably his wife Carmela and his cousin and protégé Christopher Moltisanti.",new jersey; italian american; drug dealer; strip club; mafia boss; dysfunctional family; dysfunctional marriage; family relationships; organized crime; mafia; mobster; football (soccer); psychiatrist; family; criminal organization,en,8.7,3625,109.471,61473; 2204; 2213; 2288; 2302; 94083; 61312; 61393; 126698; 61300; 208208; 276254; 94394; 240360; 276643; 30761; 94413; 94423; 61585; 94529,286709; 1621; 249039; 79086; 194764; 112693; 66025; 54650; 247718; 101591; 31050; 76177; 76231; 228305; 119845; 97951; 64481; 2204; 75666; 1409,Brotherhood; Stand Up!!; Prison Break; Huff; The Westies,James Gandolfini; Edie Falco; Jamie-Lynn Sigler; Robert Iler; Lorraine Bracco,1999-01-10,,David Chase,,Ended,6,86,2026-08-21,,94,9.2,582424,0,0,21,0,127,312,Won 21 Primetime Emmys. 127 wins & 312 nominations total,2026-08-21,false,,,100,95,80,94,100,You've loved 1 title from creator David Chase before.
show:122196,The Staircase,2022,show,Watched,176969,tt11324406,122196,7,2022-06-09T00:00:00.000Z,8,1970-01-01T00:00:00.000Z,8,caught-up,false,,,Drama; Crime,"An exploration of the life of Michael Peterson, his sprawling North Carolina family, and the suspicious death of his wife, Kathleen Peterson.",based on true story; murder; true crime; wife murderer; national news; ambivalent,en,6.977,285,8.2052,124511; 274479; 124800; 873; 1023; 59183; 29004; 274633; 92246; 206382; 206385; 303824; 59504; 59579; 238699; 274978; 29393; 274782; 92626; 274820,286801; 287238; 83851; 259731; 124800; 87784; 241372; 280511; 71715; 248416; 105804; 96488; 125366; 115004; 1405; 220801; 85385; 250504; 100414; 67046,Lynley; Love & Death; Columbo; Talking Bones; Murder in Mind,Colin Firth; Toni Collette; Michael Stuhlbarg; Dane DeHaan; Olivia DeJonge,2022-05-05,,Antonio Campos,,Ended,1,8,2026-08-21,,95,7.1,38752,0,0,0,2,0,0,Nominated for 2 Primetime Emmys. 24 nominations total,2026-08-21,false,,,62,90,55,95,16,You've loved 1 title with Michael Stuhlbarg before.
show:247767,The Studio,2025,show,Watched,228700,tt23649128,247767,8,2025-05-21T00:00:00.000Z,10,1970-01-01T00:00:00.000Z,10,caught-up,false,,,Comedy; Drama,"Desperate for celebrity approval, the newly appointed head of a movie studio and his executive team at Continental Studios must juggle corporate demands with creative ambitions as they try to keep movies alive and relevant.","hollywood; los angeles, california; movie studio; film industry; hilarious; intense",en,7.7,393,23.0744,31331; 62474; 306352; 94951; 31305; 2962; 62776; 95555; 3050; 62927; 31356; 3159; 3300; 3308; 3381; 248; 44; 171; 47; 72,216619; 1940; 64823; 2693; 70964; 76747; 197373; 71199; 80006; 4415; 53606; 154385; 112211; 243861; 124101; 96734; 211; 236235; 17287; 73107,Seaside Hotel; L.I.F.E. Anthologies; Mythic Quest; Daisy Jones & the Six; The Practice,Seth Rogen; Catherine O'Hara; Ike Barinholtz; Chase Sui Wonders; Kathryn Hahn,2025-03-25,,Peter Huyck,,Returning Series,2,10,2026-08-21,,80,8.1,63762,0,0,13,0,59,77,Won 13 Primetime Emmys. 59 wins & 77 nominations total,2026-08-21,false,,,81,90,58,80,100,You've loved 1 title with Seth Rogen before.
movie:933260,The Substance,2024,movie,Watched,748546,tt17526714,933260,5,2024-09-20T00:00:00.000Z,1,2024-09-20T00:00:00.000Z,,,false,,,Horror; Science Fiction,"A fading celebrity decides to use a black market drug, a cell-replicating substance that temporarily creates a younger, better version of herself.","new year's eve; capitalism; birthday; black market; identity; dark comedy; beauty; satire; aging; celebrity; female protagonist; los angeles, california; has been; aerobics; disfigurement",en,7.131,6339,30.3291,534; 565; 694; 747; 752; 754; 775; 679; 261362; 442512; 622172; 78; 260435; 810387; 441572; 1384841; 136; 1385033; 68; 1565807,257117; 9871; 667216; 460885; 480100; 31867; 1029281; 354251; 30694; 1109406; 715123; 34583; 11675; 19384; 9659; 1356236; 1426297; 185; 819876; 608654,Terminator Salvation; Face/Off; Aliens,Demi Moore; Margaret Qualley; Dennis Quaid; Edward Hamilton-Clark; Gore Abrams,2024-09-07,141,Coralie Fargeat,,,,,2026-08-21,89,78,7.2,416556,1,0,0,0,147,289,Won 1 Oscar. 147 wins & 289 nominations total,2026-08-21,false,,,51,100,85,84,100,You've loved 1 title with Demi Moore before.
show:129398,The Sympathizer,2024,show,Watched,184220,tt14404618,129398,7,2024-05-26T00:00:00.000Z,7,1970-01-01T00:00:00.000Z,7,caught-up,false,,,Drama; War & Politics,"Near the end of the Vietnam War, a spy who was embedded in the South Vietnam army flees to the United States and takes up residence in a refugee community, where he continues to gather intelligence and report back to the Viet Cong.",spy; based on novel or book; vietnam war; double agent; miniseries; vietnamese; vietnamese refugees; spy thriller,en,6.87,135,13.1621,61428; 61498; 61511; 208071; 2215; 2294; 305250; 208146; 305253; 240085; 240144; 240150; 94143; 276355; 276357; 94277; 94285; 94292; 61380; 61393,138624; 61859; 120911; 32675; 11095; 57276; 216089; 114922; 61933; 76887; 126308; 86733; 111800; 91725; 95480; 99799; 113962; 278178; 227114; 95556,Cilla; The Great Fire; Father Brown; The Althea Tapes; Monarch of the Glen,Hoa Xuande; Robert Downey Jr.; Toan Le; Fred Nguyen Khan; Duy Nguyen,2024-04-14,,Don McKellar,,Ended,1,7,2026-08-21,,80,6.8,9171,0,0,0,1,1,19,Nominated for 1 Primetime Emmy. 1 win & 19 nominations total,2026-08-21,false,,,54,85,48,80,29,You've loved 1 title with Robert Downey Jr. before.
show:120911,The Terminal List,2022,show,Watched,170081,tt11743610,120911,8,2022-06-22T00:00:00.000Z,8,1970-01-01T00:00:00.000Z,8,caught-up,false,,,Action & Adventure; Drama,"Navy SEAL Commander James Reece turns to vengeance as he investigates the mysterious forces behind the murder of his entire platoon. Free from the military's command structure, Reece applies the lessons he's learned from nearly two decades of warfare to hunt down the people responsible.",based on novel or book; war veteran; government conspiracy; vengeance,en,7.956,1179,37.741,19; 28159; 123443; 302921; 28140; 28208; 28315; 28330; 28196; 28293; 273274; 273410; 303124; 57979; 205441; 91035; 90972; 289; 90970; 236903,219760; 111800; 67178; 222766; 47665; 2321; 108978; 254701; 61859; 114922; 114165; 71789; 1973; 95439; 129552; 114926; 262280; 70485; 57276; 66857,Planet of the Apes; Romance; Kareinaru ichizoku; 999 Days of Begging; The Rhinemann Exchange,Chris Pratt; Jeanne Tripplehorn; Riley Keough; Taylor Kitsch; Constance Wu,2022-06-30,,David DiGilio,,Returning Series,2,16,2026-08-21,,40,7.9,127044,0,0,0,0,0,0,3 nominations total,2026-08-21,false,,,52,95,69,40,0,You've loved 2 titles with Chris Pratt before.
show:219760,The Terminal List: Dark Wolf,2025,show,Watched,202250,tt26576161,219760,8,2026-07-28T19:39:10.000Z,7,2025-09-24T07:57:00.000Z,7,caught-up,false,,,Action & Adventure; Drama,"Before The Terminal List, Navy SEAL Ben Edwards finds himself entangled in the black operations side of the CIA. The deeper Ben goes into the 'gray', the harder it will become to not give himself over to his darker impulses. Every man has two wolves inside him – light and dark – fighting for control. Which wolf will Ben Edwards feed?",based on novel or book; prequel,en,7.603,272,31.3822,124540; 124546; 92154; 124583; 124585; 124586; 124587; 124595; 238380; 799; 877; 896; 918; 1024; 28913; 29004; 29055; 29063; 274639; 274640,120911; 254701; 111800; 133903; 108181; 195868; 222766; 95839; 47665; 71663; 2321; 95439; 207718; 88987; 155534; 3894; 85273; 256711; 156390; 90228,The Imperial Coroner; Sherlock Holmes; Caprica; The Jazz Age; The Terminal List,Taylor Kitsch; Tom Hopper,2025-08-27,,Jack Carr,,Returning Series,1,7,2026-08-21,,66,7.6,26656,0,0,0,0,0,0,2 nominations total,2026-08-21,false,,,44,90,54,66,0,You've loved 1 title with Taylor Kitsch before.
show:75191,The Terror,2018,show,Watched,115673,tt2708480,75191,7,2019-10-14T00:00:00.000Z,20,1970-01-01T00:00:00.000Z,20,caught-up,false,,,Mystery; Drama; Sci-Fi & Fantasy,A chilling anthology series featuring stories of people in terrifying situations inspired by true historical events.,based on novel or book; expedition; anthology; shaman; internment camp; japanese american internment; deadly disease; horror anthology,en,7.355,1032,16.6878,61511; 2199; 2215; 305250; 305253; 2340; 240150; 94143; 276355; 276357; 94277; 94285; 94292; 94251; 61385; 61395; 61338; 2118; 2143; 61431,86686; 4346; 83135; 1386; 113036; 3470; 21561; 12832; 83659; 120462; 71116; 73987; 7143; 253372; 4340; 42009; 1413; 119279; 70485; 107119,Father Brown; Monarch of the Glen; Sarawat Mae Luk On; Koet Pen Ka; Fourever You,Derek Mio; Cristina Rodlo; Kiki Sukezane; Shingo Usami; Naoko Mori,2018-03-26,44,David Kajganich,,Canceled,2,20,2026-08-21,,75,7.8,61748,0,0,0,0,3,19,3 wins & 19 nominations total,2026-08-21,false,,,56,95,67,75,25,"Similar to Black Mirror, which you loved."
show:90259,The Third Day,2020,show,Watched,152104,tt10482370,90259,6,2020-10-19T00:00:00.000Z,6,1970-01-01T00:00:00.000Z,6,caught-up,false,,,Mystery; Drama; Sci-Fi & Fantasy,"A unique story told over two distinct halves, ""Summer"" follows Sam, a man drawn to a mysterious island off the British coast where he encounters a group of islanders set on preserving their traditions at any cost. ""Winter"" follows Helen, a strong-willed outsider who comes to the island seeking answers, but whose arrival precipitates a fractious battle to decide its fate.",island; trauma; ritual; cult; grief; missing child; tide; quest; grieving father; murder of son; isolated island; animal sacrifice; ancestral traditions; trapped on an island,en,6.466,232,5.8159,91097; 237052; 237347; 273977; 91540; 274645; 304078; 238111; 304199; 58808; 58810; 1427; 1413; 1416; 124968; 1733; 304412; 125350; 275388; 2033,4607; 283297; 113367; 7354; 97400; 215522; 75191; 88055; 124364; 68315; 64684; 71116; 253372; 131992; 64394; 93784; 83135; 255859; 112581; 83381,Skelly; American Horror Story; Grey's Anatomy; Lost; The Wilds,Jude Law; Katherine Waterston; Freya Allan; John Dagleish; Mark Lewis Jones,2020-09-14,60,Dennis Kelly,,Ended,1,6,2026-08-21,,70,6.4,11609,0,0,0,0,0,0,2 wins & 7 nominations,2026-08-21,false,,,48,90,53,70,0,You've loved 1 title with Katherine Waterston before.
movie:556984,The Trial of the Chicago 7,2020,movie,Watched,407692,tt1070874,556984,8,2020-10-16T00:00:00.000Z,1,2020-10-16T00:00:00.000Z,,,false,,,Drama; History,What was supposed to be a peaceful protest turned into a violent clash with the police. What followed was one of the most notorious trials in history.,"chicago, illinois; right and justice; political activism; black panther party; based on true story; black activist; counter-culture; historical fiction; activist; 1960s; courtroom drama; legal drama; critical; amused; assertive",en,7.656,3421,3.6568,453; 462; 482; 504; 568; 575; 594; 595; 597; 598; 600; 687; 696; 613; 746; 1564324; 769; 770; 783; 786,583406; 41478; 1028196; 392982; 898713; 42612; 407448; 686548; 502425; 1443940; 14299; 1592; 470044; 32075; 308032; 14882; 9040; 510298; 489245; 1155828,A Beautiful Mind; Shaft; The Experiment; Full Metal Jacket; A Dry White Season,Eddie Redmayne; Sacha Baron Cohen; Mark Rylance; Joseph Gordon-Levitt; Frank Langella,2020-09-25,130,Aaron Sorkin,,,,,2026-08-21,89,76,7.7,204055,0,6,0,0,60,195,Nominated for 6 Oscars. 60 wins & 195 nominations total,2026-08-21,false,,,67,95,79,83,100,You've loved 2 titles from director Aaron Sorkin before.
show:83851,The Undoing,2020,show,Watched,152473,tt8134470,83851,9,2026-07-29T00:25:42.000Z,6,2020-11-30T03:04:00.000Z,6,caught-up,false,,,Drama; Crime; Mystery,"Grace and Jonathan Fraser are living the only lives they ever wanted. Overnight a chasm opens in their lives: a violent death and a chain of terrible revelations. Left behind in the wake of a spreading and very public disaster, Grace must dismantle one life and create another for her child and her family.","based on novel or book; miniseries; love affair; oncologist; murder investigation; manhattan, new york city; father son relationship; suspect husband; psychological drama; adulterous husband; murdered mistress",en,7.356,877,11.1319,61428; 61498; 208006; 61511; 208071; 2171; 2179; 2215; 305250; 208146; 305253; 240085; 94065; 240144; 240150; 240166; 94143; 276355; 276357; 94277,241372; 259731; 87784; 123192; 78191; 220801; 253321; 156933; 240920; 213306; 280511; 223313; 246461; 227975; 218342; 278178; 61555; 1405; 250504; 136308,Cilla; The Great Fire; Deadly Sins: No Forgiveness; Father Brown; The Althea Tapes,Nicole Kidman; Hugh Grant; Edgar Ramírez; Noah Jupe; Lily Rabe,2020-10-25,60,David E. Kelley,,Ended,1,6,2026-08-21,,62,7.4,116355,0,0,0,2,2,31,Nominated for 2 Primetime Emmys. 2 wins & 31 nominations total,2026-08-21,false,,,69,90,66,62,51,You've loved 3 titles from creator David E. Kelley before.
show:254544,The Waterfront,2025,show,Watched,240137,tt31216548,254544,7,2025-06-19T00:00:00.000Z,8,1970-01-01T00:00:00.000Z,8,caught-up,false,,,Drama; Crime,A prominent North Carolina fishing family wades into treacherous waters to keep their crumbling business empire afloat.,fishing; opium; drug trafficking; north carolina; empire,en,7.1,95,6.8351,1438; 60916; 126124; 93740; 92137; 31586; 242875; 308606; 101389; 69329; 69880; 8624; 247718; 70168; 70359; 75961; 78074; 13261; 249586; 105305,86588; 158083; 64199; 287238; 270734; 126167; 2850; 100414; 87773; 1908; 10305; 262352; 71715; 262388; 66676; 66025; 46441; 64836; 241372; 247723,The Wire; Foundation; ZeroZeroZero; MobLand; Painkiller,Holt McCallany; Melissa Benoist; Jake Weary; Rafael L. Silva; Humberly González,2025-06-19,,Kevin Williamson,,Canceled,1,8,2026-08-21,,54,7,16695,0,0,0,0,0,0,N/A,2026-08-21,false,,,47,85,44,54,0,You've loved 1 title with Holt McCallany before.
show:688,The West Wing,1999,show,Watched,686,tt0200276,688,10,2026-07-29T01:24:35.000Z,154,2006-05-15T00:40:00.000Z,154,caught-up,true,,,Drama,The West Wing provides a glimpse into presidential politics in the nation's capital as it tells the stories of the members of a fictional presidential administration. These interesting characters have humor and dedication that touches the heart while the politics that they discuss touch on everyday life.,"washington dc, usa; the white house; usa president; politics; government; political intrigue ; usa politics; political consultant; political conflict; chief of staff",en,8.253,598,103.3849,277414; 62459; 31229; 62614; 62814; 95603; 63175; 209238; 128459; 91016; 235; 396; 58464; 91506; 91725; 58776; 274561; 59617; 1441; 1481,61378; 95004; 341; 21762; 32692; 211564; 284; 85950; 1532; 74016; 68780; 3828; 33155; 46880; 2389; 133908; 34531; 6467; 1606; 1054,Banned Tape; 1992; The Tiger; The Spy; Empire of Gold,Martin Sheen; Allison Janney; John Spencer; Bradley Whitford; Joshua Malina,1999-09-22,,Aaron Sorkin,,Ended,7,154,2026-08-21,,78,8.9,97576,0,0,26,0,123,264,Won 26 Primetime Emmys. 123 wins & 264 nominations total,2026-08-21,false,,,76,90,62,78,100,You've loved 2 titles from creator Aaron Sorkin before.
show:111803,The White Lotus,2021,show,Watched,168471,tt13406094,111803,9,2026-07-29T00:24:14.000Z,21,2025-04-07T02:27:00.000Z,21,caught-up,false,,,Comedy; Drama; Mystery,"Follow the exploits of various guests and employees at an exclusive tropical resort over the span of a week as with each passing day, a darker complexity emerges in these picture-perfect travelers, the hotel’s cheerful employees and the idyllic locale itself.","hotel; sicily, italy; exotic island; hawaii; exploitation; thailand; palermo, sicily; class; vacation; satire; anthology; whodunit; self help guru; incest; beach resort",en,7.592,1507,59.0406,2913; 127674; 62474; 62622; 62652; 95516; 62794; 3068; 3073; 62851; 95558; 62964; 241551; 209001; 62722; 95670; 95673; 95822; 95832; 128115,126914; 88989; 693; 206829; 41875; 186; 71199; 39525; 236235; 93784; 67697; 133439; 133813; 93287; 96734; 80213; 80925; 270476; 87428; 262352,Seaside Hotel; With Love; Desperate Housewives; The Regime; Weeds,Leslie Bibb; Carrie Coon; Walton Goggins; Sarah Catherine Hook; Jason Isaacs,2021-07-11,,Mike White,,Returning Series,3,21,2026-08-21,,80,8,322287,0,0,16,0,82,228,Won 16 Primetime Emmys. 82 wins & 228 nominations total,2026-08-21,false,,,80,95,71,80,100,You've loved 1 title from creator Mike White before.
show:113367,The Wilds,2020,show,Watched,162178,tt8633062,113367,7,2022-05-06T00:00:00.000Z,18,1970-01-01T00:00:00.000Z,18,caught-up,false,,,Mystery; Drama,"A group of teen girls from different backgrounds must fight for survival after a plane crash strands them on a deserted island. The castaways both clash and bond as they learn more about each other, the secrets they keep, and the traumas they've all endured. But there’s just one twist… these girls did not end up on this island by accident.",adolescence; island; feminism; flashback; teenage girl; deserted island; lgbt; mental health; female empowerment; plane crash; anxiety; survivor,en,7.595,502,7.094,240105; 240150; 2147; 2234; 30430; 93975; 240054; 2366; 305413; 61406; 61350; 93972; 240316; 94413; 61739; 61775; 61664; 30876; 62046; 2388,215522; 4607; 283297; 270572; 117488; 66788; 208397; 90259; 78670; 255859; 158154; 31917; 156820; 118958; 194766; 88989; 85552; 225171; 110531; 123192,Fourever You; Transparent; Sense8; Lost; Yellowjackets,Zack Calderon; Alex Fitzalan; Sarah Pidgeon; Sophia Ali; Charles Alexander,2020-12-11,,Sarah Streicher,,Canceled,2,18,2026-08-21,,70,7.3,26782,0,0,0,0,1,2,1 win & 2 nominations total,2026-08-21,false,,,63,90,60,70,4,"Similar to Lost and Pluribus, which you loved."
show:1438,The Wire,2002,show,Watched,1429,tt0306414,1438,9,2008-03-09T00:00:00.000Z,60,1970-01-01T00:00:00.000Z,60,caught-up,false,,,Crime; Drama,"Told from the points of view of both the Baltimore homicide and narcotics detectives and their targets, the series captures a universe in which the national war on drugs has become a permanent, self-sustaining bureaucracy, and distinctions between good and evil are routinely obliterated.","corruption; newspaper; drug trafficking; drug dealer; baltimore, usa; gangster; police; organized crime; police detective; surveillance; power politics; urban decay; newspaper reporter; wiretapping; workers union",en,8.6,2784,72.809,2919; 2930; 95341; 2997; 208921; 241361; 306189; 95057; 95210; 62459; 240975; 2966; 2973; 62620; 62688; 62641; 95484; 62781; 62756; 3114,125949; 97890; 54650; 14531; 1409; 247718; 106158; 79618; 125909; 76231; 4040; 97951; 79086; 1414; 194764; 1908; 194; 66676; 119845; 43982,Burn Notice; Shantaram; Rivals; Too Much; The Rise of the Qin Empire,Dominic West; Lance Reddick; Sonja Sohn; Wendell Pierce; Michael Kenneth Williams,2002-06-02,,David Simon,,Ended,5,60,2026-08-21,,91,9.3,426865,0,0,0,2,18,59,Nominated for 2 Primetime Emmys. 18 wins & 59 nominations total,2026-08-21,false,,,100,95,77,91,100,You've loved 1 title from creator David Simon before.
movie:1290879,The Woman in Cabin 10,2025,movie,Watched,1050468,tt7130300,1290879,7,2026-08-21T14:29:59.000Z,1,2025-10-10T00:00:00.000Z,,,false,,,Mystery; Thriller; Crime,"On a lavish yacht for an assignment, a journalist sees a passenger go overboard. But when no one believes her, she risks her life to uncover the truth.",journalist; based on novel or book; boat; investigation; fake identity; murder; terminal cancer; luxury yacht; mystery; melodramatic,en,6.166,1107,9.539,69165; 873097; 1249933; 315766; 1080009; 73861; 319287; 691018; 74215; 73354; 73365; 73369; 73529; 318922; 73483; 510276; 876684; 1631665; 510653; 1084225,4281; 11074; 169917; 26204; 881164; 26331; 1949; 13252; 10398; 6103; 9573; 9481; 20416; 11092; 419835; 11929; 6105; 999205; 1197306; 910,A Serbian Film; Fantômas; Mardock Scramble: The First Compression; Kill Your Friends,Keira Knightley; Guy Pearce; David Ajala; Gitte Witt; Art Malik,2025-10-09,95,Simon Stone,,,,,2026-08-21,28,41,5.8,65603,0,0,0,0,0,0,N/A,2026-08-21,false,,,37,95,68,35,0,You've loved 1 title with Guy Pearce before.
show:209922,The Woman in the Wall,2023,show,Watched,198112,tt21822590,209922,7,2023-09-24T00:00:00.000Z,6,1970-01-01T00:00:00.000Z,6,caught-up,false,,,Crime; Mystery,"When Lorna Brady, a survivor of one of Ireland's Magdalene Laundries, wakes to find a corpse in her house, she has no idea who the dead woman is or if she's responsible for the apparent murder, because she has long suffered from extreme bouts of sleepwalking.",gothic thriller; magdalene asylum,en,6.672,96,4.7962,303990; 262460; 92089; 124499; 124509; 124511; 124543; 124548; 92150; 92170; 92173; 92185; 92186; 124594; 124595; 124601; 124602; 124605; 92117; 92119,39852; 213306; 241372; 247518; 157061; 106388; 72748; 4920; 278178; 70453; 72750; 80213; 1405; 10370; 240740; 40008; 218342; 129680; 65784; 121710,The Temptation Of Happiness; The Imperial Coroner; The Sinner; Cross; 56 Days,Ruth Wilson; Daryl McCormack; Abby Fitz; Mark Huberman; Hilda Fay,2023-08-27,,Joe Murtagh,,Ended,1,6,2026-08-21,,73,7.2,7561,0,0,0,0,3,11,3 wins & 11 nominations total,2026-08-21,false,,,42,85,44,73,17,"Similar to Dexter, which you loved."
movie:520663,The Woman in the Window,2021,movie,Watched,368850,tt6111574,520663,8,2021-05-14T00:00:00.000Z,1,2021-05-14T00:00:00.000Z,,,false,,,Crime; Mystery; Thriller,An agoraphobic woman living alone in New York begins spying on her new neighbors only to witness a disturbing act of violence.,new york city; based on novel or book; wine; murder; neighbor; agoraphobia; car accident; death; mental illness; medication pills,en,5.972,2186,3.728,1429715; 49365; 49498; 49502; 49526; 49527; 1233084; 487088; 299474; 49691; 49315; 49332; 49712; 49786; 487249; 46995; 47003; 297153; 297171; 46911,346685; 9481; 11835; 169917; 32076; 14550; 70577; 419835; 3594; 17057; 11929; 1586; 1530875; 31598; 12994; 11524; 11349; 55846; 30941; 13389,Kill Your Darlings; Lady in White; The Crooked Web; So Evil My Love; Premium Rush,Amy Adams; Gary Oldman; Anthony Mackie; Fred Hechinger; Wyatt Russell,2021-05-13,100,Joe Wright,,,,,2026-08-21,25,41,5.7,87890,0,0,0,0,0,0,8 nominations total,2026-08-21,false,,,37,95,75,33,0,You've loved 1 title with Amy Adams before.
show:62699,The Young Pope,2016,show,Watched,108927,tt3655448,62699,8,2017-02-13T00:00:00.000Z,10,1970-01-01T00:00:00.000Z,10,caught-up,false,,,Drama,"Lenny Belardo, the youngest and first American Pope in the history of the Church, must establish his new papacy and navigate the power struggles of the closed, secretive Vatican.",vatican (holy see); pope; god; conspiracy; religion; roman catholic church,it,7.684,667,6.6086,129127; 33629; 5715; 129552; 129576; 6015; 6051; 34061; 6337; 129895; 130014; 130265; 34639; 34711; 34714; 64230; 211323; 34835; 7096; 64482,88408; 235350; 33025; 90399; 323903; 114922; 226174; 220801; 39269; 73607; 100575; 61702; 262848; 70485; 153657; 130464; 158083; 129552; 124394; 71715,The Night Agent; Ambitions; Citadel; Matlock; Fool Me Once,Jude Law; Diane Keaton; Silvio Orlando; Javier Cámara; Scott Shepherd,2016-10-21,55,Paolo Sorrentino,,Ended,1,10,2026-08-21,,68,8.3,50592,0,0,0,2,5,29,Nominated for 2 Primetime Emmys. 5 wins & 29 nominations total,2026-08-21,false,,,46,90,63,68,55,Titles you loved list this as similar or recommended (1 time).
movie:89492,This Is 40,2012,movie,Watched,66764,tt1758830,89492,10,2026-08-21T14:13:28.000Z,1,2012-12-21T00:00:00.000Z,,,true,,,Comedy,"Pete and Debbie are both about to turn 40, their kids hate each other, both of their businesses are failing, they're on the verge of losing their house, and their relationship is threatening to fall apart.",husband wife relationship; family relationships; sequel; love; parenting; spin off; parents; financial problem; duringcreditsstinger; dubious,en,5.9,2381,7.6413,49245; 1232943; 1608013; 667375; 49519; 49520; 49524; 1608055; 1429786; 1607803; 1233066; 484473; 297021; 297052; 47017; 46929; 1230286; 46972; 297298; 1427472,71552; 208134; 20860; 214756; 595813; 12133; 2295; 573435; 522931; 266294; 521844; 51540; 267193; 399796; 862551; 9941; 802372; 50022; 383498; 356305,Kaguya-sama: Love is War - Final Chapter; The Croods; R.I.P.D.; Something Blue; Big Girls Don't Cry... They Get Even,Paul Rudd; Leslie Mann; John Lithgow; Megan Fox; Maude Apatow,2012-12-20,134,Judd Apatow,Knocked Up Collection,,,,2026-08-21,52,59,6.2,159153,0,0,0,0,2,11,2 wins & 11 nominations total,2026-08-21,false,,,69,95,75,56,15,You loved This Is 40 — this is another entry in the same Knocked Up franchise.
show:154359,This Is Going to Hurt,2022,show,Watched,159683,tt8681148,154359,8,2022-07-14T00:00:00.000Z,7,1970-01-01T00:00:00.000Z,7,caught-up,false,,,Comedy; Drama,The unvarnished truth of life as a doctor working in obstetrics and gynaecology.,coming out; hospital; based on memoir or autobiography; lgbt; maternity ward; gynaecology; obstetrics; nhs; gay theme,en,7.645,172,4.9002,2167; 2170; 2294; 208146; 240150; 2234; 61534; 126670; 93969; 93975; 240054; 2371; 305413; 61399; 61406; 61350; 61363; 305355; 93972; 240316,80350; 62650; 251941; 4556; 78950; 93749; 5721; 61932; 1416; 116450; 136044; 32406; 123192; 7097; 63418; 60655; 4588; 3172; 61406; 2902,Cutter to Houston; China Beach; 180 Degree Longitude Passes Through Us; Fourever You; Transparent,Ben Whishaw; Ambika Mod; Rory Fleck-Byrne; Michele Austin; Alex Jennings,2022-02-08,,Adam Kay,,Ended,1,7,2026-08-21,,91,8.3,22817,0,0,0,0,17,17,Won 4 BAFTA Awards. 17 wins & 17 nominations total,2026-08-21,false,,,49,85,50,91,51,Fits your taste for Comedy / Drama.
movie:359940,"Three Billboards Outside Ebbing, Missouri",2017,movie,Watched,266092,tt5027774,359940,8,2017-11-10T00:00:00.000Z,1,2017-11-10T00:00:00.000Z,,,false,,,Crime; Drama,"After seven months have passed without a culprit in her daughter's murder case, Mildred Hayes makes a bold move, painting three signs leading into her town with a controversial message directed at Bill Willoughby, the town's revered chief of police. When his second-in-command Officer Jason Dixon, an immature mother's boy with a penchant for violence, gets involved, the battle between Mildred and Ebbing's law enforcement is only exacerbated.",small town; police brutality; missouri; alcoholism; murder; cancer; teenage girl; police corruption; racism; biting; guilty conscience; angry; serious; grieving mother; tragic,en,8.051,11103,10.6278,299364; 49471; 49498; 1429912; 1429903; 1233208; 49741; 46976; 46980; 46989; 46995; 297153; 46901; 46919; 46957; 664820; 297191; 47156; 47044; 47113,10633; 578189; 647557; 470044; 3580; 1598; 1426776; 27526; 33831; 471507; 1266; 10126; 646097; 4911; 26789; 773975; 257440; 11699; 11835; 39310,The Crooked Web; Intimate Confessions of a Chinese Courtesan; Black and Blue; Rebel Ridge; Dark Blue,Frances McDormand; Woody Harrelson; Sam Rockwell; Abbie Cornish; Lucas Hedges,2017-12-01,115,Martin McDonagh,,,,,2026-08-21,90,88,8.1,601876,2,0,0,0,132,233,Won 2 Oscars. 132 wins & 233 nominations total,2026-08-21,false,,,80,100,90,89,100,You've loved 1 title with Woody Harrelson before.
show:247522,Tires,2024,show,Watched,228099,tt31491435,247522,10,2026-08-11T00:07:50.000Z,18,2025-06-05T04:31:00.000Z,30,in-progress,true,,,Comedy,"At his father's auto shop, a hapless manager strives to improve customer service and drive profits while keeping his troublemaking cousin in line.",office; car mechanic; work; workplace; business; tire; sitcom; sale; workplace comedy; colleague; inspirational; car; hilarious; bold; excited,en,6.74,96,45.5279,2898; 2904; 2905; 277315; 2987; 277438; 2996; 95182; 62474; 94951; 2635; 2647; 2652; 2656; 127712; 31184; 31243; 31244; 31245; 31321,36994; 244623; 8592; 71209; 86893; 94252; 112211; 69555; 126506; 71683; 40110; 1915; 1320; 57815; 60783; 1229; 94951; 4546; 75967; 251941,Small Wonder; Cafe Americain; The Ropers; Ha Ha Maker; Mesudarim,Steve Gerben; Shane Gillis; Chris O'Connor; Kilah Fox; Stavros Halkias,2024-05-23,,Shane Gillis,,Returning Series,3,30,2026-08-21,,48,7.6,20758,0,0,0,0,0,0,1 nomination total,2026-08-21,false,,,64,85,44,48,0,You've loved 1 title from creator Shane Gillis before.
show:90296,Tokyo Vice,2022,show,Watched,156576,tt2887954,90296,8,2024-04-04T00:00:00.000Z,18,1970-01-01T00:00:00.000Z,18,caught-up,false,,,Crime; Drama,"A first-hand account of the Tokyo Metropolitan Police beat following Jake Adelstein, an American journalist who embeds himself into the Tokyo Vice police squad to reveal corruption. Based on Jake Adelstein’s non-fiction book of the same name.","japan; detective; journalist; based on novel or book; journalism; underground; yakuza; gangster; tokyo, japan; criminal underworld; cynical; atmospheric; detached; criminal organization; 1990s",en,7.857,406,22.1002,19; 171; 28159; 28109; 123417; 123443; 302921; 303055; 28140; 28208; 28315; 28330; 28196; 28293; 273274; 273410; 123358; 303124; 58148; 58154,256116; 94659; 64199; 100414; 10370; 76231; 119845; 39351; 147050; 156473; 213306; 80213; 234212; 138108; 239826; 262352; 4040; 4170; 1486; 72742,Planet of the Apes; Martin; Romance; Kareinaru ichizoku; 999 Days of Begging,Ansel Elgort; Ken Watanabe; Rachel Keller; Show Kasamatsu; Rinko Kikuchi,2022-04-07,,J.T. Rogers,,Canceled,2,18,2026-08-21,,76,8.1,54142,0,0,0,0,0,0,3 nominations total,2026-08-21,false,,,51,90,58,76,0,Titles you loved list this as similar or recommended (1 time).
movie:361743,Top Gun: Maverick,2022,movie,Watched,297485,tt1745960,361743,9,2022-05-27T00:00:00.000Z,1,2022-05-27T00:00:00.000Z,,,false,,,Action; Drama,"After more than thirty years of service as one of the Navy’s top aviators, and dodging the advancement in rank that would ground him, Pete “Maverick” Mitchell finds himself training a detachment of TOP GUN graduates for a specialized mission the likes of which no living pilot has ever seen.",fighter pilot; u.s. navy; sequel; nuclear weapons; military; aircraft carrier; naval aviation; war,en,8.16,11389,41.4694,440; 502; 534; 559; 584; 600; 608; 744; 660; 679; 623409; 1192869; 260346; 260202; 28; 58; 87; 89; 96; 260514,8963; 17761; 40683; 3536; 516486; 8665; 18771; 44833; 10863; 43279; 881; 296098; 263341; 575265; 1669; 8619; 11422; 2567; 72431; 17744,Aliens vs Predator: Requiem; Terminator Salvation; Spider-Man 3; 2 Fast 2 Furious; Full Metal Jacket,Tom Cruise; Miles Teller; Jennifer Connelly; Bashir Salahuddin; Jon Hamm,2022-05-21,131,Joseph Kosinski,Top Gun Collection,,,,2026-08-21,96,78,8.2,892240,1,0,0,0,114,237,Won 1 Oscar. 114 wins & 237 nominations total,2026-08-21,false,,,94,100,91,87,100,You loved Top Gun: Maverick — this is another entry in the same Top Gun franchise.
show:46638,Top of the Lake,2013,show,Watched,46365,tt2103085,46638,7,2026-07-29T00:25:00.000Z,13,2017-09-01T01:57:00.000Z,13,caught-up,false,,,Crime; Drama; Mystery,"A woman haunted by her past, Detective Robin Griffin, investigates complex and unsettling cases.",sexual abuse; new zealand; female cop; police detective; missing child; female detective; small community,en,7.05,411,7.8385,2171; 2222; 2223; 2210; 2332; 2343; 61457; 2229; 61537; 61555; 61565; 126491; 30286; 61405; 61352; 61367; 61676; 240850; 30948; 62097,2734; 2583; 46316; 61555; 34415; 66023; 96450; 202308; 115004; 2171; 247518; 1486; 4860; 100010; 72748; 67743; 87773; 106349; 1450; 3797,Cold Case; L.A. Heat; Lewis; The Missing; The Brokenwood Mysteries,Elisabeth Moss; David Dencik; Nicole Kidman; Gwendoline Christie; Alice Englert,2013-03-18,,Jane Campion,,Ended,2,13,2026-08-21,92,,7.4,39045,0,0,1,0,21,75,Won 1 Primetime Emmy. 21 wins & 75 nominations total,2026-08-21,false,,,58,90,58,92,100,You've loved 2 titles with Elisabeth Moss before.
show:10545,True Blood,2008,show,Watched,10494,tt0844441,10545,6,2026-07-29T01:23:12.000Z,80,2014-08-25T02:04:00.000Z,80,caught-up,false,,,Sci-Fi & Fantasy; Drama; Mystery,"Thanks to a Japanese scientist's invention of synthetic blood, vampires have progressed overnight from legendary monsters to fellow citizens. And while humans have been safely removed from the menu, many remain apprehensive about these creatures ""coming out of the coffin."" Religious leaders, government officials, and vampire fundamentalists around the world have chosen their sides.  But in the small Louisiana town of Bon Temps, the jury is still out.",based on novel or book; small town; fairy; vampire; louisiana; romance; dark comedy; undead; werewolf; ghost; dark fantasy; erotic thriller; interspecies romance; wonder; steamy,en,7.615,2113,41.953,61492; 61459; 207907; 61461; 207961; 207965; 207976; 61511; 61512; 61529; 208060; 2213; 2215; 2286; 2268; 208115; 305250; 208133; 305253; 2340,46896; 67861; 66732; 18165; 128098; 124364; 47640; 19614; 63210; 60556; 65820; 77459; 134865; 86423; 64230; 1402; 12832; 71912; 136735; 81559,Parasyte -the maxim-; Scent of Love; Father Brown; Stand Up!!; Monarch of the Glen,Anna Paquin; Stephen Moyer; Alexander Skarsgård; Sam Trammell; Ryan Kwanten,2008-09-07,60,Alan Ball,,Ended,7,80,2026-08-21,,69,7.9,269080,0,0,1,0,39,160,Won 1 Primetime Emmy. 39 wins & 160 nominations total,2026-08-21,false,,,65,95,74,69,100,You've loved 1 title from creator Alan Ball before.
show:46648,True Detective,2014,show,Watched,46375,tt2356777,46648,9,2024-02-18T00:00:00.000Z,30,1970-01-01T00:00:00.000Z,30,caught-up,false,,,Drama; Mystery,"An American anthology police detective series utilizing multiple timelines in which investigations seem to unearth personal and professional secrets of those involved, both within or outside the law.",philosophy; detective; investigation; anthology; murder; serial killer; police corruption; police detective; nonlinear timeline; police investigation; murder investigation; murder mystery; neo-noir; grim; philosophical,en,8.289,4289,62.0108,26; 65; 28159; 28160; 28109; 123245; 123526; 47; 136; 194; 250; 303138; 58148; 318; 474; 28361; 90972; 287; 396; 484,64513; 4860; 1405; 2458; 39351; 60622; 4057; 213306; 85853; 40675; 65784; 1486; 46316; 43982; 228026; 87773; 1426; 67743; 3476; 39852,"The Job; Romance; NYPD Blue; Station Eleven; Murder, She Wrote",Jodie Foster; Kali Reis; Fiona Shaw; Finn Bennett; Isabella Star LaBlanc,2014-01-12,,Nic Pizzolatto,,Returning Series,4,30,2026-08-21,,75,8.8,745221,0,0,6,0,46,168,Won 6 Primetime Emmys. 46 wins & 168 nominations total,2026-08-21,false,,,95,95,81,75,100,You've loved 1 title from creator Nic Pizzolatto before.
show:76177,Trust,2018,show,Watched,126719,tt5664952,76177,7,2018-05-27T00:00:00.000Z,10,1970-01-01T00:00:00.000Z,10,caught-up,false,,,Crime; Drama,"The trials and triumphs of one of the wealthiest and unhappiest families of the United States, the Gettys. Originally planned to be told over multiple seasons and spanning the twentieth century, the series begins in 1973 with the kidnapping of John Paul Getty III, an heir to the Getty oil fortune, by the Italian mafia in Rome.",kidnapping; mafia; wealthy family,en,6.886,101,7.0956,894; 28672; 1444; 238362; 92137; 60929; 62829; 5640; 129495; 6093; 241964; 5894; 34121; 210898; 63663; 34633; 309603; 34741; 242845; 97075,132016; 218351; 67384; 1398; 71715; 75666; 119845; 72742; 90399; 100414; 153657; 82883; 277439; 76231; 79086; 1621; 278624; 10305; 156902; 64199,ZeroZeroZero; Clickbait; Full Circle; The Gold; Goliath,Donald Sutherland; Hilary Swank; Harris Dickinson; Michael Esper; Brendan Fraser,2018-03-25,,Simon Beaufoy,,Ended,1,10,2026-08-21,,67,7.5,8749,0,0,0,0,1,2,1 win & 2 nominations total,2026-08-21,false,,,63,85,45,67,4,"Similar to Goliath and The Sopranos, which you loved."
show:153312,Tulsa King,2022,show,Watched,191758,tt16358384,153312,8,2025-11-23T00:00:00.000Z,29,1970-01-01T00:00:00.000Z,29,caught-up,false,,,Crime; Drama,"New York mafia capo Dwight ""The General"" Manfredi is released from prison after 25 years and exiled by his boss to set up shop in Tulsa, Oklahoma. Realizing that his mob family may not have his best interests in mind, Dwight slowly builds a crew.","betrayal; fish out of water; sicilian mafia; protection racket; neo-western; tulsa, oklahoma; dramedy; self made man; mob family; american midwest; racketeering; criminal empire; repairing family connections; nepotism; approving",en,8.302,2740,67.1461,2215; 2283; 2332; 94244; 94112; 94415; 276609; 240456; 126892; 61664; 2522; 30794; 2746; 2875; 127358; 127426; 62187; 95259; 62547; 241166,66025; 1398; 286709; 76231; 247718; 1409; 194764; 75666; 60059; 71715; 119845; 1436; 273247; 64199; 79086; 72742; 287238; 97951; 201304; 255570,Monarch of the Glen; L.A. Heat; Sense8; Animal Kingdom; The Sopranos,Sylvester Stallone; Gretchen Mol,2022-11-13,,Taylor Sheridan,,Returning Series,4,39,2026-08-21,,66,7.9,114631,0,0,0,2,0,0,Nominated for 2 Primetime Emmys. 8 nominations total,2026-08-21,false,,,88,95,77,66,16,You've loved 6 titles from creator Taylor Sheridan before.
movie:718821,Twisters,2024,movie,Watched,561219,tt12584954,718821,9,2024-07-19T00:00:00.000Z,1,2024-07-19T00:00:00.000Z,,,false,,,Action; Thriller,"As storm season intensifies, the paths of former storm chaser Kate Carter and reckless social-media superstar Tyler Owens collide when terrifying phenomena never seen before are unleashed. The pair and their competing teams find themselves squarely in the paths of multiple storm systems converging over central Oklahoma in the fight of their lives.",dying and death; rodeo; climate; tornado; twister; natural disaster; oklahoma; storm chaser; sequel; meteorologist; duringcreditsstinger; disaster movie; weather chasers; social media influencer; youtuber,en,6.761,3116,8.8753,315635; 510276; 73751; 1084199; 82992; 326003; 82702; 82411; 82675; 519176; 519182; 1094844; 1094974; 884588; 1462566; 1600527; 1227128; 44037; 1051002; 481881,664; 216282; 1311844; 9341; 985939; 8656; 435; 423087; 2133; 900409; 404368; 1284041; 514690; 9433; 8960; 274855; 447365; 11228; 95; 980489,Spider-Man: Homecoming; Fast & Furious 6; Hancock; Armageddon; Gran Turismo,Daisy Edgar-Jones; Glen Powell; Anthony Ramos; Brandon Perea; Maura Tierney,2024-07-10,123,Lee Isaac Chung,Twister Collection,,,,2026-08-21,75,65,6.5,190996,0,0,0,0,0,0,37 nominations total,2026-08-21,false,,,65,95,78,70,0,You loved Twisters — this is another entry in the same Twister franchise.
movie:473033,Uncut Gems,2019,movie,Watched,328678,tt5727208,473033,8,2019-12-25T00:00:00.000Z,1,2019-12-25T00:00:00.000Z,,,false,,,Drama; Thriller; Crime,"A charismatic New York City jeweler always on the lookout for the next big score makes a series of high-stakes bets that could lead to the windfall of a lifetime. Howard must perform a precarious high-wire act, balancing business, family, and encroaching adversaries on all sides in his relentless pursuit of the ultimate win.",bet; infidelity; new york city; gambling; auction; ethiopia; dark comedy; basketball; money; art house; debt; apartment building; opal; pawnshop; character study,en,7.172,5522,9.4778,486880; 486898; 1057006; 1057023; 1232933; 49456; 49471; 49511; 49526; 49527; 1608096; 1429903; 667498; 487088; 49574; 49622; 487176; 49689; 486906; 1430200,13641; 1429; 10220; 14576; 241239; 247; 26719; 59143; 1317288; 489243; 1263012; 18129; 31692; 203; 1138749; 12706; 482; 396371; 74998; 190955,Premium Rush; Devious Nanny; The Passion of Ayn Rand; Marty Supreme; Dead Man's Wire,Adam Sandler; LaKeith Stanfield; Julia Fox; Kevin Garnett; Idina Menzel,2019-08-30,136,Benny Safdie,,,,,2026-08-21,91,93,7.4,351556,0,0,0,0,27,91,27 wins & 91 nominations total,2026-08-21,false,,,85,100,84,92,100,You've loved 1 title with LaKeith Stanfield before.
show:128095,Under the Banner of Heaven,2022,show,Watched,182832,tt1998372,128095,6,2026-07-29T00:31:41.000Z,7,2022-06-02T05:25:00.000Z,7,caught-up,false,,,Crime; Drama; Mystery,A devout detective's faith is tested as he investigates a brutal murder that seems to be connected to an esteemed Utah family's spiral into LDS fundamentalism and their distrust in the government.,"detective; based on novel or book; small town; homicide; investigation; based on true story; salt lake city, utah; speculative; 1980s; religious group; mormonism",en,7.516,405,9.8723,277316; 208883; 2928; 95341; 95344; 241372; 208906; 208921; 208923; 208932; 277439; 241259; 241275; 241290; 95272; 95279; 277488; 127651; 127865; 127875,247518; 100010; 72748; 39852; 213306; 19885; 128904; 7263; 218342; 220801; 137127; 71769; 4860; 3476; 80213; 84661; 244243; 1405; 259731; 106349,Cold Case Files: The Grim Sleeper; The Investigator; Shantaram; When One Day I Will Sleep; 56 Days,Andrew Garfield; Sam Worthington; Daisy Edgar-Jones; Denise Gough; Wyatt Russell,2022-04-28,68,Dustin Lance Black,,Ended,1,7,2026-08-21,,71,7.5,37288,0,0,0,1,2,30,Nominated for 1 Primetime Emmy. 2 wins & 30 nominations total,2026-08-21,false,,,62,90,58,71,42,You've loved 1 title with Daisy Edgar-Jones before.
show:248984,Unlocked: A Jail Experiment,2024,show,Watched,230808,tt31722999,248984,4,2026-07-29T00:20:48.000Z,16,2026-01-07T08:49:00.000Z,16,caught-up,false,,,Reality,"At an Arkansas detention facility, a sheriff implements a radical social experiment to grant men who are incarcerated more agency in this reality series.",reality,en,6.8,23,3.9638,30357; 240051; 208443; 240680; 208711; 207068; 239167; 275387; 125880; 207503; 207505; 207513; 126357; 239839; 239876; 276012; 1997; 274314; 304017; 124873,65854; 4940; 85904; 65300; 210922; 116250; 5583; 262469; 218521; 87387; 78533; 61582; 241168; 75383; 139566; 14814; 154521; 66902; 169588; 99353,Love is Blind,,2024-04-10,,,,Returning Series,2,16,2026-08-21,,,7.1,2065,0,0,0,0,0,0,N/A,2026-08-21,false,,,28,65,31,,0,"A newer or less-connected title — worth a look, lower confidence."
show:99581,Unorthodox,2020,show,Watched,157592,tt9815454,99581,8,2020-03-26T00:00:00.000Z,4,1970-01-01T00:00:00.000Z,4,caught-up,false,,,Drama,A Hasidic Jewish woman in Brooklyn flees to Berlin from an arranged marriage and is taken in by a group of musicians — until her past comes calling.,based on novel or book; feminism; strong woman; marriage; miniseries; judaism; social issues; mother daughter relationship; intimate,de,7.715,761,6.4475,61428; 61498; 61511; 208071; 2184; 2215; 305250; 208146; 305253; 240085; 240144; 240150; 94143; 276355; 276357; 94277; 94285; 94292; 61380; 61393,240667; 116761; 90399; 9323; 223313; 248416; 244244; 200908; 87049; 99747; 262848; 259702; 253376; 285739; 111141; 207717; 273240; 72787; 199001; 90257,Cilla; The Great Fire; Father Brown; The Althea Tapes; Maude,Shira Haas; Amit Rahav; Jeff Wilbusch; Alex Reid; Delia Mayer,2020-03-26,,Anna Winger,,Ended,1,4,2026-08-21,,85,8,97818,0,0,1,0,12,33,Won 1 Primetime Emmy. 12 wins & 33 nominations total,2026-08-21,false,,,47,90,64,85,77,Fits your taste for Drama.
show:219788,Unstable,2023,show,Watched,202259,tt19394168,219788,7,2024-08-01T00:00:00.000Z,16,1970-01-01T00:00:00.000Z,16,caught-up,false,,,Comedy; Drama,"He's an eccentric biotech genius. His son's a pragmatist living in his shadow. To save the family business, they'll have to work through some issues.",family business ; workplace comedy; father son relationship; joyful,en,6.888,85,7.097,277405; 2996; 95041; 94951; 240892; 127897; 31184; 31245; 2962; 277513; 62649; 95517; 3018; 209100; 3111; 3089; 63071; 63101; 277762; 62897,69555; 70964; 36994; 244623; 4731; 1906; 1274; 76331; 133439; 121509; 1434; 73925; 1568; 226285; 126506; 205504; 93290; 71199; 32406; 258036,The Office; The Stranded; Mythic Quest; Dear Phoebe; Farrington of the F.O.,Rob Lowe; John Owen Lowe; Sian Clifford; Rachel Marsh; Emma Ferreira,2023-03-30,,Rob Lowe,,Canceled,2,16,2026-08-21,,68,6.7,10828,0,0,0,0,0,0,2 nominations total,2026-08-21,false,,,63,85,43,68,0,"Similar to Six Feet Under and Succession, which you loved."
show:86248,Upload,2020,show,Watched,158690,tt7826376,86248,8,2025-08-25T00:00:00.000Z,29,1970-01-01T00:00:00.000Z,29,caught-up,false,,,Comedy; Sci-Fi & Fantasy; Drama,"In 2033, people who are near death can be “uploaded” into virtual reality hotels run by 6 tech firms. Cash-strapped Nora lives in Brooklyn and works customer service for the luxurious “Lakeview” digital afterlife. When L.A. party-boy/coder Nathan’s self-driving car crashes, his high-maintenance girlfriend uploads him permanently into Nora’s VR world.","technology; virtual reality; afterlife; brooklyn, new york city; boyfriend girlfriend relationship; suspicious death; calm; near future; adoring; enthusiastic; sympathetic",en,7.774,1472,19.0646,92408; 877; 274570; 59599; 1095; 206686; 29181; 1398; 92782; 92785; 125305; 125350; 125398; 1481; 125703; 206916; 93292; 60834; 60846; 1686,2566; 73157; 81349; 66573; 84880; 47640; 157239; 85723; 86340; 83631; 225171; 132188; 68421; 69061; 136738; 71738; 103768; 64254; 32022; 61664,Caprica; Moon River; Trail of Lies; Ghost in the Shell: Stand Alone Complex; The Sopranos,Robbie Amell; Andy Allo; Allegra Edwards; Zainab Johnson; Kevin Bigley,2020-04-30,,Greg Daniels,,Ended,4,29,2026-08-21,,68,7.8,89424,0,0,0,0,3,8,3 wins & 8 nominations total,2026-08-21,false,,,67,95,71,68,14,You've loved 1 title from creator Greg Daniels before.
movie:458723,Us,2019,movie,Watched,305845,tt6857112,458723,9,2019-03-22T00:00:00.000Z,1,2019-03-22T00:00:00.000Z,,,false,,,Horror; Mystery; Thriller,"Husband and wife Gabe and Adelaide Wilson take their kids to their beach house expecting to unplug and unwind with friends. But as night descends, their serenity turns to tension and chaos when some shocking visitors arrive uninvited.","mask; boardwalk; murder; psychological thriller; fear; family vacation; home invasion; amusement park; doppelgänger; santa cruz, california; aggressive; 1980s; duality; ambiguous; distressing",en,6.94,8228,8.5131,1565823; 2275; 2291; 1566001; 1007793; 2370; 625579; 263472; 2527; 1387727; 1387791; 2749; 2761; 2762; 2768; 2912; 444689; 1194778; 2985; 2990,631843; 1330421; 913290; 1160003; 10299; 44247; 811656; 41446; 431185; 532814; 807356; 250574; 10576; 814800; 323368; 1043565; 8461; 539; 740925; 9792,Jacob's Ladder; Topaz; We Die Alone; This Man Must Die; Unhinged Date,Lupita Nyong'o; Winston Duke; Elisabeth Moss; Tim Heidecker; Shahadi Wright Joseph,2019-03-14,116,Jordan Peele,,,,,2026-08-21,93,81,6.8,390771,0,0,0,0,87,135,87 wins & 135 nominations total,2026-08-21,false,,,71,100,87,87,100,You've loved 2 titles from director Jordan Peele before.
show:78903,Utopia,2020,show,Watched,145296,tt8303474,78903,6,2020-09-25T00:00:00.000Z,8,1970-01-01T00:00:00.000Z,8,caught-up,false,,,Drama; Action & Adventure; Mystery,A group of young adults who met online are mercilessly hunted by a shadowy deep state organization after they come into possession of a near-mythical cult underground graphic novel.,cult; psychotic; mysterious; shocking; philosophical; complex; apocalyptic vision; comic book writer; based on tv series; suspenseful; intense; harsh; informative,en,7.193,489,5.9585,2919; 241319; 241372; 95269; 31331; 306189; 95205; 306352; 3114; 95555; 277589; 3050; 128184; 241501; 241548; 3216; 30; 91097; 253; 47,62286; 1402; 194583; 64230; 4330; 90802; 79788; 19614; 114922; 1412; 227114; 12832; 67195; 61889; 47640; 75450; 222766; 46896; 90795; 93784,Burn Notice; 56 Days; The Rise of the Qin Empire; The Equalizer; L.I.F.E. Anthologies,Sasha Lane; John Cusack; Ashleigh LaThrop; Dan Byrd; Desmin Borges,2020-09-25,,Gillian Flynn,,Canceled,1,8,2026-08-21,,,6.7,16605,0,0,0,0,0,0,1 nomination total,2026-08-21,false,,,56,90,60,,0,"Similar to Watchmen and Marvel's Daredevil, which you loved."
show:2947,Veep,2012,show,Watched,2927,tt1759761,2947,8,2019-05-12T00:00:00.000Z,65,1970-01-01T00:00:00.000Z,65,caught-up,false,,,Comedy; War & Politics,"A look into American politics, revolving around former Senator Selina Meyer who finds being Vice President of the United States is nothing like she expected and everything everyone ever warned her about.",politics; female politician; political satire; sitcom; vice president; aggressive; usa politics; political; lighthearted; political drama; amused; conceited,en,7.508,541,25.9013,72; 171; 123484; 47; 28265; 346; 236996; 273802; 273654; 589; 607; 733; 555; 691; 28928; 1012; 797; 123895; 237630; 274416,8592; 4507; 13943; 251608; 65150; 555; 69555; 61969; 66573; 33922; 4483; 112211; 1433; 15907; 4415; 713; 90877; 31941; 76747; 64823,Only Fools and Horses; Martin; American Dragon: Jake Long; Parks and Recreation; Workin' Moms,Julia Louis-Dreyfus; Anna Chlumsky; Tony Hale; Reid Scott; Timothy Simons,2012-04-22,,Armando Iannucci,,Ended,7,65,2026-08-21,,82,8.4,70884,0,0,17,0,82,256,Won 17 Primetime Emmys. 82 wins & 256 nominations total,2026-08-21,false,,,69,90,61,82,100,You've loved 1 title with Julia Louis-Dreyfus before.
show:74140,Waco,2018,show,Watched,125211,tt6040674,74140,9,2026-08-21T15:31:12.000Z,6,2018-03-01T03:42:00.000Z,6,caught-up,false,,,Crime; Drama,"The harrowing true story of the 1993 standoff between the FBI, ATF and the Branch Davidians, a spiritual sect led by David Koresh in Waco, TX that resulted in a deadly shootout and fire.","fbi; siege; cult; based on true story; shootout; raid; cult leader; standoff; compound; negotiator; 1990s; waco, texas; atf; waco siege",en,7.441,253,8.2491,171; 57; 303124; 205443; 91097; 289; 383; 90955; 205495; 236869; 28599; 273801; 91324; 91275; 660; 123737; 630; 303182; 578; 274061,200701; 45094; 4330; 228305; 113959; 287238; 278624; 62816; 129552; 66025; 1705; 245927; 61239; 128904; 64481; 227114; 76231; 89393; 1973; 201992,Martin; Unbelievable; Task; Furious; Lucky,Michael Shannon; Taylor Kitsch; Rory Culkin; Paul Sparks; Andrea Riseborough,2018-01-24,42,John Erick Dowdle,,Ended,1,6,2026-08-21,,56,7.8,27235,0,0,0,3,0,0,Nominated for 3 Primetime Emmys. 5 nominations total,2026-08-21,false,,,68,90,54,56,24,You've loved 1 title from creator John Erick Dowdle before.
movie:812583,Wake Up Dead Man: A Knives Out Mystery,2025,movie,Watched,646497,tt14364480,812583,6,2026-08-21T14:29:39.000Z,1,2025-11-26T00:00:00.000Z,,,false,,,Thriller; Mystery; Comedy,"When young priest Jud Duplenticy is sent to assist charismatic firebrand Monsignor Jefferson Wicks, it’s clear that all is not well in the pews. After a sudden and seemingly impossible murder rocks the town, the lack of an obvious suspect prompts local police chief Geraldine Scott to join forces with renowned detective Benoit Blanc to unravel a mystery that defies all logic.",dark comedy; sequel; whodunit; murder investigation; murder mystery; upstate new york; web of lies; mystery thriller; hidden motives; clue‑based deduction; high‑society secrets; eccentric detective; manipulative personalities; hidden relationships; isolated mansion,en,7.206,2775,17.3173,1608013; 667498; 487176; 1607845; 49444; 1233066; 46909; 297349; 1605094; 850880; 484718; 1054221; 484505; 299513; 1430275; 50001; 50022; 667989; 1057754; 487560,419835; 870028; 1007734; 6105; 13252; 1530875; 1172009; 1083420; 486131; 5236; 32669; 1439112; 1249213; 869597; 323368; 396806; 910; 122930; 467905; 3529,Kaguya-sama: Love is War - Final Chapter; Chainsaw Man - Assassins Arc; Kung Fu Panda 2; Super Troopers 2; Nobody 2,Daniel Craig; Josh O'Connor; Glenn Close; Josh Brolin; Mila Kunis,2025-11-26,145,Rian Johnson,Knives Out Collection,,,,2026-08-21,,80,7.3,232785,0,0,0,0,8,54,8 wins & 54 nominations total,2026-08-21,false,,,56,95,77,80,70,You've loved 4 titles with Josh Brolin before.
show:85271,WandaVision,2021,show,Watched,146518,tt9140560,85271,8,2021-03-05T00:00:00.000Z,9,1970-01-01T00:00:00.000Z,9,caught-up,false,,,Sci-Fi & Fantasy; Mystery; Drama,Wanda Maximoff and Vision—two super-powered beings living idealized suburban lives—begin to suspect that everything is not as it seems.,artificial intelligence (a.i.); witch; loss of loved one; magic; sorcery; supernatural; superhero; based on comic; grief; suburbia; miniseries; family; superhero team; marvel cinematic universe (mcu); sitcom,en,8.181,12838,28.9331,2901; 2903; 208891; 277387; 2925; 95346; 2985; 2987; 241388; 208923; 277415; 241363; 95269; 127635; 127651; 127668; 127735; 127753; 127758; 95041,89572; 138501; 80986; 79611; 69629; 84958; 1606; 60735; 2883; 68716; 125474; 95057; 1449; 67466; 64432; 2603; 1706; 16399; 92749; 51370,Ramona; Hatena Illusion; Mesudarim; Sunset Song; Human Error,Elizabeth Olsen; Paul Bettany; Kathryn Hahn; Teyonah Parris; Randall Park,2021-01-15,,Jac Schaeffer,,Ended,1,9,2026-08-21,,77,7.9,414781,0,0,3,0,33,97,Won 3 Primetime Emmys. 33 wins & 97 nominations total,2026-08-21,false,,,56,100,92,77,100,You've loved 1 title with Elizabeth Olsen before.
movie:308266,War Dogs,2016,movie,Watched,217987,tt2005151,308266,7,2016-08-19T00:00:00.000Z,1,2016-08-19T00:00:00.000Z,,,false,,,Comedy; Crime; Drama,"Based on the true story of two young men, David Packouz and Efraim Diveroli, who won a $300 million contract from the Pentagon to arm America's allies in Afghanistan.",corruption; smuggling (contraband); iraq; rise and fall; drugs; american exceptionalism,en,6.9,5624,10.8871,476; 479; 481; 507; 524; 549; 582; 654; 793; 261510; 260274; 810055; 90; 1191588; 101; 66; 2112; 2118; 2168; 262872,106646; 337170; 95755; 4982; 16941; 945937; 67899; 31863; 171337; 79026; 438808; 645886; 556867; 4133; 939979; 401743; 10081; 20762; 241239; 12888,Drugstore Cowboy; Shaft; 7 Virgins; Killing Zoe; Basquiat,Miles Teller; Jonah Hill; Ana de Armas; Bradley Cooper; Kevin Pollak,2016-08-18,114,Todd Phillips,,,,,2026-08-21,62,57,7.1,294013,0,0,0,0,0,0,3 nominations total,2026-08-21,false,,,53,100,84,60,0,You've loved 1 title from director Todd Phillips before.
show:73544,Warrior,2019,show,Watched,143887,tt5743796,73544,8,2023-08-17T00:00:00.000Z,30,1970-01-01T00:00:00.000Z,30,caught-up,false,,,Crime; Drama; Action & Adventure; Western,"A gritty, action-packed crime drama set during the brutal Tong Wars of San Francisco’s Chinatown in the second half of the 19th century. The series follows Ah Sahm, a martial arts prodigy who immigrates from China to San Francisco under mysterious circumstances, and becomes a hatchet man for one of Chinatown’s most powerful tongs.","san francisco, california; martial arts; 19th century; frantic; early america; tong wars",en,8,671,20.3238,24; 104; 160; 225; 237; 240; 123478; 32; 44; 246; 474; 91015; 518; 520; 236994; 28467; 273768; 586; 600; 620,1401; 1973; 86752; 1406; 47665; 47450; 114165; 262280; 285807; 218351; 72710; 67178; 256116; 138971; 66025; 108978; 85021; 83685; 222766; 247718,Hell on Wheels; 24; Deadwood; Black Sails; Legends,Andrew Koji; Olivia Cheng; Jason Tobin; Dianne Doan; Kieran Bew,2019-04-05,55,Jonathan Tropper,,Canceled,3,30,2026-08-21,,,8.4,51822,0,0,0,3,1,12,Nominated for 3 Primetime Emmys. 1 win & 12 nominations total,2026-08-21,false,,,63,90,63,,38,"Similar to Deadwood, which you loved."
show:79788,Watchmen,2019,show,Watched,145026,tt7049682,79788,10,2026-07-29T00:56:11.000Z,9,2019-12-16T03:07:00.000Z,9,caught-up,true,,,Drama; Crime; Sci-Fi & Fantasy; Mystery,"Set in an alternate history where “superheroes” are treated as outlaws, “Watchmen” embraces the nostalgia of the original groundbreaking graphic novel while attempting to break new ground of its own.",vigilante; superhero; based on graphic novel,en,7.624,1664,12.1508,936; 1029; 273954; 124100; 303597; 303701; 206402; 206476; 1157; 274388; 1213; 1259; 1269; 1279; 1300; 1303; 58981; 29253; 59041; 1394,1412; 71663; 67178; 1403; 75450; 62643; 60708; 61889; 1639; 42531; 12832; 80213; 4619; 131927; 88987; 71340; 3470; 48860; 1402; 158141,Kamen Rider Jeanne & Kamen Rider Aguilera with Girls Remix; Black Scorpion; Arrow; Black Lightning; Marvel's Agents of S.H.I.E.L.D.,Regina King; Yahya Abdul-Mateen II; Jeremy Irons; Jean Smart; Tom Mison,2019-10-20,,Damon Lindelof,,Ended,1,9,2026-08-21,,,8.2,143625,0,0,11,0,55,74,Won 11 Primetime Emmys. 55 wins & 74 nominations total,2026-08-21,false,,,78,95,72,,100,You've loved 1 title from creator Damon Lindelof before.
show:88713,We Are Who We Are,2020,show,Watched,161186,tt9848536,88713,7,2020-11-02T00:00:00.000Z,8,1970-01-01T00:00:00.000Z,8,caught-up,false,,,Drama,"Two American kids who live on a U.S. military base in Italy explore friendship, first love, identity, and all the messy exhilaration and anguish of being a teenager.","venice, italy; military base; us army; romance; coming of age; lgbt; lgbt teen; generation z; teenage protagonist; love story; gay theme; lesbian; transgender",en,7.7,390,5.4462,243028; 242986; 243068; 243069; 97276; 281540; 243081; 243083; 243084; 281575; 243140; 243155; 243175; 35351; 35356; 35385; 35395; 7632; 97418; 7661,199001; 80006; 107365; 130842; 248394; 80335; 54155; 240667; 72071; 79340; 194766; 207717; 211288; 89630; 113962; 111616; 262848; 273240; 260592; 90870,Love Song in Winter; Unknown; My Life with the Walter Boys; One Day; The Chi,Jack Dylan Grazer; Jordan Kristine Seamón; Chloë Sevigny; Kid Cudi; Alice Braga,2020-09-14,,Luca Guadagnino,,Ended,1,8,2026-08-21,,77,7.3,10073,0,0,0,0,0,0,9 nominations,2026-08-21,false,,,45,90,58,77,0,You've loved 1 title with Chloë Sevigny before.
show:125949,We Own This City,2022,show,Watched,175013,tt14192504,125949,10,2026-07-28T19:40:27.000Z,6,2022-05-31T02:04:00.000Z,6,caught-up,false,,,Crime; Drama,The story of the rise and fall of the Baltimore Police Department's Gun Trace Task Force — and the corruption and moral collapse that befell an American city in which the policies of drug prohibition and mass arrest were championed at the expense of actual police work.,"robbery; detective; police brutality; based on novel or book; drug dealer; baltimore, usa; wiretap; strip club; murder; organized crime; miniseries; police corruption; fbi agent",en,7.138,287,6.8395,277316; 208883; 277387; 95341; 95344; 2997; 241372; 95302; 208921; 208923; 208932; 277439; 241275; 241363; 241290; 95272; 95279; 127651; 127735; 127865,1438; 209876; 4040; 1405; 287238; 40675; 1908; 64513; 132016; 213306; 54650; 1621; 228305; 1414; 97890; 75540; 101591; 43982; 79618; 1486,Cold Case Files: The Grim Sleeper; The Investigator; Ramona; Shantaram; When One Day I Will Sleep,Jon Bernthal; Wunmi Mosaku; Jamie Hector; Josh Charles; McKinley Belcher III,2022-04-25,,George Pelecanos,,Ended,1,6,2026-08-21,,83,7.6,31159,0,0,0,0,2,12,2 wins & 12 nominations total,2026-08-21,false,,,93,90,55,83,16,You've loved 1 title from creator George Pelecanos before.
movie:138832,We're the Millers,2013,movie,Watched,93163,tt1723121,138832,8,2026-08-21T14:26:06.000Z,1,2013-08-07T00:00:00.000Z,,,false,,,Comedy; Crime,A veteran pot dealer creates a fake family as part of his plan to move a huge shipment of weed into the U.S. from Mexico.,"drug dealer; mexico; drug smuggling; fireworks; camping; denver, colorado; carnival; witness protection; stripper; road trip; breaking the fourth wall; marijuana; drug stealing; man child; drugs",en,6.8,9597,13.749,4954; 4995; 4997; 446108; 264122; 4339; 264227; 4982; 264999; 4771; 4836; 814764; 4543; 1195657; 264578; 13153; 13198; 453635; 13335; 13612,9430; 1025596; 11455; 10189; 10029; 9737; 13168; 648579; 1293162; 9618; 680; 339846; 9490; 8961; 22048; 399361; 490005; 10909; 412988; 9384,Wonderland; Monty Python's The Meaning of Life; Rapid Fire; Thieves Highway; Pulp Fiction,Jennifer Aniston; Jason Sudeikis; Emma Roberts; Will Poulter; Ed Helms,2013-08-07,110,Rawson Marshall Thurber,,,,,2026-08-21,48,44,7,520762,0,0,0,0,4,17,4 wins & 17 nominations total,2026-08-21,false,,,41,100,89,46,25,You've loved 1 title with Jason Sudeikis before.
show:117821,WeCrashed,2022,show,Watched,170891,tt12005128,117821,7,2022-04-22T00:00:00.000Z,8,1970-01-01T00:00:00.000Z,8,caught-up,false,,,Drama,"Inspired by actual events—and the love story at the center of it all. WeWork grew from a single coworking space into a global brand worth $47 billion in under a decade. Then, in less than a year, its valuation dropped $40 billion. What happened?",based on true story; miniseries; entrepreneur; startup; founder; based on podcast,en,7.351,225,10.7478,61428; 61498; 208059; 208071; 208146; 240085; 240144; 61380; 61393; 61331; 2239; 61559; 126577; 30280; 126670; 30324; 30327; 30381; 30427; 30503,122066; 97539; 80335; 80006; 225120; 241485; 90870; 240667; 246246; 123192; 229236; 72787; 285739; 107365; 197434; 199001; 323903; 2595; 270734; 116761,Cilla; The Great Fire; The Althea Tapes; 180 Degree Longitude Passes Through Us; Out There,Jared Leto; Anne Hathaway; Kyle Marvin,2022-03-17,,Drew Crevello,,Ended,1,8,2026-08-21,,65,7.3,24579,0,0,0,0,2,2,2 wins & 2 nominations total,2026-08-21,false,,,35,90,53,65,6,Fits your taste for Drama.
movie:9522,Wedding Crashers,2005,movie,Watched,4800,tt0396269,9522,10,2026-08-21T14:12:49.000Z,1,2005-07-15T00:00:00.000Z,,,true,,,Comedy; Romance,"John and his buddy Jeremy are emotional criminals who know how to use a woman's hopes and dreams for their own carnal gain. Their modus operandi: crashing weddings. Normally, they meet guests who want to toast the romantic day with a random hook-up. But when John meets Claire, he discovers what true love – and heartache – feels like.",cake; sailing; fake identity; wedding; lying,en,6.502,4795,8.3692,442; 457; 480; 537; 712; 750; 760; 761; 788; 623569; 260168; 441384; 263000; 2180; 2181; 2018; 2020; 2033; 2348; 2376,8874; 15602; 1618945; 818612; 6961; 184098; 3078; 1321439; 31674; 209406; 3101; 918; 16899; 15128; 40687; 1218762; 763532; 5968; 1433842; 6877,Popular Music; Monsoon Wedding; Not Here to Be Loved; Yoh! Bestie; The Wrong Paris,Owen Wilson; Vince Vaughn; Christopher Walken; Rachel McAdams; Isla Fisher,2005-07-13,119,David Dobkin,,,,,2026-08-21,75,64,7,395754,0,0,0,0,11,11,11 wins & 11 nominations total,2026-08-21,false,,,38,95,82,70,33,You've loved 1 title from director David Dobkin before.
show:119051,Wednesday,2022,show,Watched,173996,tt13443470,119051,4,2026-07-29T00:13:43.000Z,16,2025-09-03T08:10:00.000Z,16,caught-up,false,,,Sci-Fi & Fantasy; Mystery; Comedy,"Smart, sarcastic and a little dead inside, Wednesday Addams investigates twisted mysteries while making new friends — and foes — at Nevermore Academy.",witch; friendship; teenage girl; spin off; gothic; dark fantasy; goth girls; academy; intimate; adoring; based on comic strip,en,8.3,10757,59.2917,2905; 208883; 95336; 2996; 2998; 127651; 306129; 241170; 95041; 95213; 127828; 62602; 2957; 277513; 62688; 62643; 62668; 95479; 3022; 62783,210235; 84880; 132188; 66573; 32625; 4346; 97645; 1026; 66732; 1126; 86686; 229711; 112164; 281666; 253372; 65820; 83631; 110492; 62046; 72339,The Ropers; The Investigator; The Office; The Witch's Diner; The Stranded,Jenna Ortega; Steve Buscemi; Emma Myers; Hunter Doohan; Joy Sunday,2022-11-23,,Miles Millar,,Returning Series,3,16,2026-08-21,,66,8,498028,0,0,4,0,24,78,Won 4 Primetime Emmys. 24 wins & 78 nominations total,2026-08-21,false,,,60,100,90,66,100,You've loved 1 title with Steve Buscemi before.
show:186,Weeds,2005,show,Watched,185,tt0439100,186,10,2026-07-29T01:21:49.000Z,102,2012-09-17T02:30:00.000Z,102,caught-up,true,,,Comedy; Crime; Drama,"After the unexpected death of her husband, a suburban mom resorts to selling weed to support her family.",drug dealer; outlaw; dysfunctional family; dark comedy; marijuana; single mother; drugs; family conflict; fast food; simulated sex; daily drama,en,7.478,1023,51.7586,61529; 2191; 2197; 2204; 2211; 2293; 2262; 208146; 2305; 240085; 94137; 2134; 2140; 2144; 2147; 61437; 61507; 94016; 2349; 61304,194764; 87428; 69470; 1396; 236235; 71715; 84977; 81357; 66676; 693; 74577; 119845; 64199; 71199; 158083; 197373; 74317; 262388; 34307; 126914,One Day at a Time; Jam; Brotherhood; 'Allo 'Allo!; The War at Home,Mary-Louise Parker; Justin Kirk; Hunter Parrish; Alexander Gould; Kevin Nealon,2005-08-07,,Jenji Kohan,,Ended,8,102,2026-08-21,,71,7.9,122241,0,0,2,0,15,100,Won 2 Primetime Emmys. 15 wins & 100 nominations total,2026-08-21,false,,,96,95,67,71,100,You've loved 1 title from creator Jenji Kohan before.
show:63247,Westworld,2016,show,Watched,99718,tt0475784,63247,8,2022-08-14T00:00:00.000Z,36,1970-01-01T00:00:00.000Z,36,caught-up,false,,,Sci-Fi & Fantasy; Western,"A dark odyssey about the dawn of artificial consciousness and the evolution of sin. Set at the intersection of the near future and the reimagined past, it explores a world in which every human appetite, no matter how noble or depraved, can be indulged.",artificial intelligence (a.i.); android; remake; role playing; second life; robot; wild west; theme park; based on movie; ethical dilemma; moral dilemma; psychological drama; amused; pretentious,en,8.018,6331,39.367,2286; 2263; 276365; 61339; 2117; 2118; 2121; 61449; 30237; 2355; 61709; 61752; 30527; 94305; 94810; 62070; 2418; 2509; 94854; 94823,95403; 67198; 85723; 21494; 1972; 73157; 157239; 433; 195339; 62822; 51704; 106379; 877; 52814; 86374; 68421; 65820; 39373; 157744; 241554,Alien: Earth; Fallout; Caprica; War of the Worlds; Altered Carbon,Evan Rachel Wood; Thandiwe Newton; Jeffrey Wright; Tessa Thompson; Aaron Paul,2016-10-02,,Jonathan Nolan,,Canceled,4,36,2026-08-21,,71,8.4,556181,0,0,7,0,57,214,Won 7 Primetime Emmys. 57 wins & 214 nominations total,2026-08-21,false,,,51,100,85,71,100,You've loved 1 title with Jeffrey Wright before.
show:83631,What We Do in the Shadows,2019,show,Watched,142927,tt7908628,83631,8,2024-12-19T00:00:00.000Z,61,1970-01-01T00:00:00.000Z,61,caught-up,false,,,Comedy; Sci-Fi & Fantasy,"A documentary-style look into the daily (or rather, nightly) lives of a group of vampires in Staten Island who have “lived” together for hundreds and hundreds of years.","vampire; mockumentary; based on movie; staten island, new york city; candid; playful; whimsical; amused; audacious; exuberant",en,7.986,1038,29.4228,908; 889; 1042; 1050; 205988; 91557; 123895; 124101; 1012; 58557; 237630; 274595; 58957; 1411; 1338; 1346; 1475; 1797; 1804; 206686,65820; 84880; 80475; 61671; 260458; 56590; 63593; 4731; 4483; 62668; 69900; 90877; 40245; 119051; 745; 4556; 243316; 2742; 85948; 129502,Revolutionary Girl Utena; Hacks; Nathan for You; Unbreakable Kimmy Schmidt; Adults,Kayvan Novak; Matt Berry; Natasia Demetriou; Harvey Guillén; Mark Proksch,2019-03-27,,Jemaine Clement,,Ended,6,61,2026-08-21,,,8.5,125308,0,0,1,0,28,213,Won 1 Primetime Emmy. 28 wins & 213 nominations total,2026-08-21,false,,,58,95,67,,100,"Similar to Adults, which you loved."
movie:244786,Whiplash,2014,movie,Watched,149047,tt2582802,244786,10,2026-08-21T15:22:10.000Z,1,2014-10-10T00:00:00.000Z,,,false,,,Drama; Music; Thriller,"Under the direction of a ruthless instructor, a talented young drummer begins to pursue perfection at any cost, even his humanity.",new york city; jazz; musician; obsession; music teacher; conservatory; drums; montage; perfectionist; public humiliation; jazz band; angry; aggressive; young adult; music school,en,8.375,16953,30.2217,873225; 73823; 319075; 319096; 73861; 1453131; 319308; 74026; 74198; 1253366; 73567; 1452842; 73900; 510635; 510355; 690622; 1084418; 1453343; 699210; 81952,41823; 11564; 3537; 846956; 33408; 504562; 121879; 12104; 502033; 14299; 15393; 482; 835113; 1370814; 32075; 603519; 16295; 109417; 1580; 10060,Whitney; A Serbian Film; Under Still Waters; The Penthouse; Killer Joe,Miles Teller; J.K. Simmons; Paul Reiser; Melissa Benoist; Austin Stowell,2014-10-10,107,Damien Chazelle,,,,,2026-08-21,94,89,8.5,1134459,3,0,0,0,100,144,Won 3 Oscars. 100 wins & 144 nominations total,2026-08-21,false,,,81,100,94,92,100,You've loved 2 titles from director Damien Chazelle before.
show:96237,White House Plumbers,2023,show,Watched,169968,tt11468254,96237,7,2023-05-22T00:00:00.000Z,5,1970-01-01T00:00:00.000Z,5,caught-up,false,,,Drama,The true story of how Nixon’s own political saboteurs and Watergate masterminds accidentally toppled the Presidency they were zealously trying to protect.,based on novel or book; watergate scandal; biography; politics; satire; based on true story; miniseries; satirical; history,en,6.205,127,6.7321,124518; 124540; 124546; 92154; 124578; 124583; 124585; 124586; 124587; 124595; 92135; 124714; 124800; 124817; 238380; 206285; 799; 886; 887; 896,107407; 113984; 245219; 1425; 216082; 129552; 155533; 15114; 199001; 64464; 83605; 72787; 248416; 270734; 220801; 114922; 17035; 32675; 222766; 116761,More than Blue: The Series; The Imperial Coroner; Rise of the Great Wall; Love & Death; Faith Makes Great,Woody Harrelson; Justin Theroux; Lena Headey; Domhnall Gleeson; Judy Greer,2023-05-01,,Alex Gregory,,Ended,1,5,2026-08-21,,62,6.8,11489,0,0,0,0,0,0,18 nominations total,2026-08-21,false,,,42,85,47,62,0,You've loved 1 title with Woody Harrelson before.
show:270476,Widow's Bay,2026,show,Watched,254678,tt33332385,270476,10,2026-07-29T00:11:56.000Z,10,1970-01-01T00:00:00.000Z,10,caught-up,false,,,Drama; Comedy; Mystery,"The mayor of a New England town resolves to turn it into the next tourist hot spot, despite local warnings that it's cursed.",mayor; island; fog; supernatural; curse; new england; curious; disturbed; folk horror; supernatural horror; fishing village; horror; comedy horror,en,8.1,395,35.2818,92090; 238355; 892; 912; 1026; 59312; 303975; 238309; 59525; 1186; 1149; 1096; 1069; 1087; 238549; 206586; 206696; 1402; 93011; 238903,71116; 124364; 68315; 50825; 86423; 69470; 283297; 93784; 64684; 693; 79240; 133439; 39525; 12832; 136745; 54671; 83659; 1413; 113036; 80213,Blade of the Immortal; The House of Jealousy; Amazing Stories; The Bletchley Circle; Trăng Điên,Matthew Rhys; Kate O'Flynn; Kevin Carroll; Dale Dickey; Kingston Rumi Southwick,2026-04-28,,Katie Dippold,,Returning Series,2,10,2026-08-21,,,8.2,44043,0,0,0,1,0,0,Nominated for 1 Primetime Emmy. 15 nominations total,2026-08-21,false,,,72,90,58,,8,You've loved 1 title from creator Katie Dippold before.
show:208569,Will Trent,2023,show,Watched,197615,tt17543592,208569,4,2026-07-29T00:18:15.000Z,59,1970-01-01T00:00:00.000Z,59,caught-up,false,,,Crime; Drama; Comedy,"Special Agent Will Trent was abandoned at birth and endured a harsh coming-of-age in Atlanta's overwhelmed foster care system. Determined to make sure no one feels as he did, he now has the highest clearance rate.",fbi; sarcasm; georgia; dyslexia; police detective; special agent; police department; chihuahua dog; pariah; police procedural; fbi agent,en,7.26,206,40.6964,2930; 127948; 2651; 127896; 2966; 2973; 62620; 62687; 62756; 62816; 3114; 3129; 62864; 277789; 62710; 3034; 95826; 128020; 3163; 63175,289560; 4057; 2651; 64481; 87773; 201992; 287238; 85727; 225780; 61676; 85385; 103302; 58841; 45094; 61969; 156473; 126914; 64513; 47600; 62816,Profiler; No Offence; Criminal Minds; The Bay; Furious,Ramón Rodríguez; Erika Christensen; Iantha Richardson; Jake McLaughlin; Sonja Sohn,2023-01-03,,Daniel T. Thomsen,,Returning Series,4,59,2026-08-21,,71,7.7,28123,0,0,0,1,8,23,Nominated for 1 Primetime Emmy. 8 wins & 23 nominations total,2026-08-21,false,,,42,90,52,71,47,You've loved 1 title with Sonja Sohn before.
movie:395834,Wind River,2017,movie,Watched,238651,tt5362988,395834,9,2017-08-04T00:00:00.000Z,1,2017-08-04T00:00:00.000Z,,,false,,,Crime; Mystery; Thriller,An FBI agent teams with the town's veteran game tracker to investigate a murder that occurred on a Native American reservation.,"wyoming, usa; fbi; investigation; native american; murder; native american reservation; questioning; mysterious; disturbed; nervous; cautionary; serious; depressing; apologetic; audacious",en,7.4,5897,11.2978,49365; 49498; 487088; 1607845; 49315; 49786; 46995; 297153; 46945; 297191; 47156; 47044; 664413; 46767; 299707; 487287; 49797; 299862; 49981; 50001,12395; 603119; 1082195; 419835; 421473; 1632; 290751; 596161; 1226578; 76640; 10431; 339527; 10427; 1293162; 121606; 13975; 561362; 6977; 83899; 273481,Lady in White; The Crooked Web; Devious Nanny; Chainsaw Man - Assassins Arc; Don't Look Back,Jeremy Renner; Elizabeth Olsen; Gil Birmingham; Graham Greene; Jon Bernthal,2017-08-03,107,Taylor Sheridan,Wind River Collection,,,,2026-08-21,87,73,7.7,311709,0,0,0,0,17,27,17 wins & 27 nominations total,2026-08-21,false,,,100,100,84,80,61,You loved Wind River — this is another entry in the same Wind River franchise.
show:124067,Winning Time: The Rise of the Lakers Dynasty,2022,show,Watched,176451,tt10244600,124067,8,2023-09-17T00:00:00.000Z,17,1970-01-01T00:00:00.000Z,17,caught-up,false,,,Drama; Comedy,"A fast-break series chronicling the professional and personal lives of the 1980s Los Angeles Lakers, one of sports' most revered and dominant dynasties — a team that defined an era, both on and off the court.",based on novel or book; basketball; breaking the fourth wall; national basketball association (nba); basketball team; 1980s; los angeles lakers,en,7.665,188,10.7474,208883; 95341; 95344; 241372; 208921; 208923; 277439; 241275; 241290; 95279; 127651; 127865; 127875; 306201; 62458; 240975; 241065; 305817; 305820; 208942,269; 244623; 1425; 87049; 39702; 239826; 95396; 208921; 119181; 90870; 90399; 130464; 256711; 157367; 206925; 199001; 116799; 158756; 73925; 80006,The Investigator; Shantaram; When One Day I Will Sleep; 56 Days; Rivals,John C. Reilly; Quincy Isaiah; Jason Clarke; Adrien Brody; Gaby Hoffmann,2022-03-06,,Jim Hecht,,Canceled,2,17,2026-08-21,,68,8.3,32422,0,0,0,6,7,34,Nominated for 6 Primetime Emmys. 7 wins & 34 nominations total,2026-08-21,false,,,76,85,51,68,96,You've loved 1 title with Jason Clarke before.
show:198178,Wonder Man,2026,show,Watched,196325,tt21066182,198178,6,2026-07-29T00:13:33.000Z,8,1970-01-01T00:00:00.000Z,8,caught-up,false,,,Comedy; Drama,"Simon and Trevor, two actors at opposite ends of their careers, chase life-changing roles.",remake; based on comic; super power; audition; struggling actor; marvel cinematic universe (mcu),en,7.077,343,14.813,2272; 2287; 2345; 2309; 2316; 61423; 61546; 61550; 126559; 126485; 126660; 30391; 94198; 61405; 61374; 208076; 240411; 61580; 61709; 61752,67466; 69629; 254420; 47813; 42548; 94686; 60735; 279471; 124010; 92783; 80986; 85271; 1809; 2299; 1849; 2586; 103783; 39859; 88329; 1948,The Office; Professor T; Elle; She-Hulk: Attorney at Law; WandaVision,Yahya Abdul-Mateen II; Arian Moayed; X Mayo; Ben Kingsley,2026-01-27,,Andrew Guest,,Canceled,1,8,2026-08-21,,75,7.4,31966,0,0,0,0,0,0,N/A,2026-08-21,false,,,50,90,57,75,0,You've loved 1 title with Yahya Abdul-Mateen II before.
show:87104,Years and Years,2019,show,Watched,131650,tt8694364,87104,8,2019-06-18T00:00:00.000Z,6,1970-01-01T00:00:00.000Z,6,caught-up,false,,,Drama; War & Politics; Sci-Fi & Fantasy,"As Britain is rocked by unstable political, economic and technological advances, members of the Lyons family converge on one crucial night in 2019. Over the next 15 years, the twists and turns of their everyday lives are explored as we find out if this ordinary family could change the world.",political activism; dystopia; politics; dysfunctional family; family relationships; miniseries; lgbt; political satire; philosophical; refugee crisis; thought provoking; north of england; 2030s; political; cerebral,en,7.54,376,5.8395,124518; 124549; 124578; 124800; 124817; 274555; 274559; 886; 887; 1042; 1053; 1065; 59149; 28928; 29004; 274677; 206485; 206510; 274505; 124643,93289; 42009; 125116; 69478; 79680; 93740; 80752; 97173; 248937; 323411; 62858; 11838; 86550; 93784; 119279; 212462; 67683; 233629; 95396; 138169,More than Blue: The Series; Love & Death; Faith Makes Great; Space Race; Revolutionary Girl Utena,Emma Thompson; Anne Reid; Rory Kinnear; Jessica Hynes; Russell Tovey,2019-05-14,60,,,Ended,1,6,2026-08-21,,78,8.3,36005,0,0,0,0,1,17,1 win & 17 nominations total,2026-08-21,false,,,60,75,58,78,19,You've loved 1 title with Rory Kinnear before.
show:117488,Yellowjackets,2021,show,Watched,176276,tt11041332,117488,8,2025-04-11T00:00:00.000Z,29,1970-01-01T00:00:00.000Z,29,caught-up,false,,,Drama; Mystery,"This equal parts survival epic, psychological horror story and coming-of-age drama tells the saga of a team of wildly talented high school girls soccer players who become the (un)lucky survivors of a plane crash deep in the remote northern wilderness. The series chronicles their descent from a complicated but thriving team to savage clans, while also tracking the lives they’ve attempted to piece back together nearly 25 years later.",women's football (soccer); wilderness; stranded; flashback; survival; female protagonist; psychological thriller; lgbt; football (soccer) team; 1990s; plane crash; cannibalism; crazy; absurd; horror,en,7.436,1013,28.5212,273295; 302917; 302942; 236887; 236903; 16118; 16089; 16171; 16399; 16585; 16660; 320885; 19125; 19531; 46502; 46511; 321380; 19614; 46342; 46588,4607; 99248; 129680; 253376; 113367; 112581; 68315; 130464; 211288; 69061; 31917; 110531; 90972; 195822; 147050; 134865; 283297; 244447; 4920; 124364,Lost; The Wilds; The Mist; Tell Me Lies; Station Eleven,Melanie Lynskey; Tawny Cypress; Sophie Nélisse; Jasmin Savoy Brown; Sophie Thatcher,2021-11-14,,Ashley Lyle,,Returning Series,4,30,2026-08-21,,74,7.7,113374,0,0,0,10,23,106,Nominated for 10 Primetime Emmys. 23 wins & 106 nominations total,2026-08-21,false,,,60,95,67,74,100,"Similar to Lost, which you loved."
show:73586,Yellowstone,2018,show,Watched,126995,tt4236770,73586,9,2024-12-15T00:00:00.000Z,53,1970-01-01T00:00:00.000Z,53,caught-up,false,,,Western; Drama,"Follow the violent world of the Dutton family, who controls the largest contiguous ranch in the United States. Led by their patriarch John Dutton, the family defends their property against constant attack by land developers, an Indian reservation, and America’s first National Park.",montana; ranch; family drama; crime family; cattle ranch; neo-western; yellowstone; wildlife conservation; trend; arrogant; complicated; contemporary western,en,8.266,3290,114.476,95057; 63141; 31556; 3249; 209454; 3232; 40; 123548; 219; 341; 365; 58263; 206061; 59312; 877; 1018; 1042; 124861; 1087; 1144,240993; 299167; 157744; 243396; 118357; 113985; 122235; 215866; 2562; 41692; 1406; 43901; 66025; 73467; 138971; 1436; 5742; 100010; 89498; 204999,Superman & Lois; Westside; Brothers and Sisters; The Bletchley Circle; Caprica,Luke Grimes; Kelly Reilly; Wes Bentley; Cole Hauser; Kelsey Asbille,2018-06-20,,Taylor Sheridan,,Ended,5,53,2026-08-21,,,8.6,315343,0,0,0,1,11,52,Nominated for 1 Primetime Emmy. 11 wins & 52 nominations total,2026-08-21,false,,,100,95,79,,82,You've loved 6 titles from creator Taylor Sheridan before.
show:78191,You,2018,show,Watched,124764,tt7335184,78191,8,2025-04-24T00:00:00.000Z,50,1970-01-01T00:00:00.000Z,50,caught-up,false,,,Mystery; Crime; Drama,"A dangerously charming, obsessive man goes to extreme measures to insert himself into the lives of women who fascinate him.",new york city; based on novel or book; jealousy; infidelity; cheating; obsession; female friendship; addiction; stalker; love; murder; serial killer; literary agent; psychological thriller; writer,en,8.005,4051,52.3929,211927; 243028; 243069; 35341; 97317; 243073; 243076; 243083; 243084; 243086; 281555; 243141; 35379; 7647; 35430; 97405; 281611; 281632; 211720; 131142,241372; 71769; 72750; 213306; 83851; 218342; 67744; 97173; 108181; 132016; 1405; 220801; 72745; 259731; 39852; 123192; 244243; 250504; 80213; 277439,Thirteen Years of Dust; Love Song in Winter; Unknown; Ringer; Go East,Penn Badgley; Charlotte Ritchie; Griffin Matthews; Anna Camp; Madeline Brewer,2018-09-09,,Greg Berlanti,,Ended,5,50,2026-08-21,,73,7.6,361631,0,0,0,0,4,11,4 wins & 11 nominations total,2026-08-21,false,,,84,95,81,73,19,You've loved 1 title with Anna Camp before.
show:255661,Young Sherlock,2026,show,Watched,242387,tt8599532,255661,8,2026-03-04T00:00:00.000Z,8,1970-01-01T00:00:00.000Z,8,caught-up,false,,,Action & Adventure; Mystery,"Sherlock Holmes is a disgraced young man, raw and unfiltered, when he finds himself wrapped up in a murder case that threatens his liberty. His first ever case unravels a globe-trotting conspiracy that changes his life forever.","based on novel or book; conspiracy; oxford, england; globetrotting; oxford university; sherlock; origin story; 1870s; sherlock holmes; inspirational; exhilarated",en,7.836,295,25.0175,124595; 274479; 238380; 799; 896; 1018; 28913; 59312; 274735; 303990; 1097; 92599; 124938; 1375; 1399; 1405; 304190; 238787; 60286; 275419,23027; 96228; 896; 253368; 202879; 3876; 137437; 12786; 44264; 157004; 6127; 2343; 2255; 9855; 1415; 62478; 92749; 89572; 62823; 103540,The Imperial Coroner; Lynley; Sherlock Holmes; Bonanza; The Bletchley Circle,Hero Fiennes Tiffin; Dónal Finn; Zine Tseng; Natascha McElhone; Max Irons,2026-03-04,,Matthew Parkhill,,Returning Series,2,11,2026-08-21,,65,7.5,24793,0,0,0,0,0,0,N/A,2026-08-21,false,,,52,90,55,65,0,You've loved 1 title with Natascha McElhone before.
show:241609,Your Friends & Neighbors,2025,show,Watched,217691,tt30459041,241609,8,2026-07-29T00:12:49.000Z,9,2025-05-30T02:02:00.000Z,19,in-progress,false,,,Drama; Crime; Comedy,"When a financial titan suddenly finds himself divorced and jobless, he starts robbing his wealthy neighbors to stay afloat. Stealing from his own social circle strangely exhilarates him—but he gradually gets tangled in a deadly web.",stealing; wealthy; fired from the job; ex-husband ex-wife relationship; financial crisis; divorced man; family issues; affair; black comedy,en,7.76,325,34.255,2248; 61604; 2410; 241064; 31086; 29650; 1583; 1661; 1803; 1892; 1930; 2076; 62626; 62728; 62810; 3114; 2910; 2987; 278009; 96102,71715; 3764; 87428; 278624; 76331; 2933; 76177; 154385; 208713; 1398; 64199; 64836; 100414; 218351; 136044; 156902; 16208; 62320; 186; 226174,Mesudarim; Good Girls; Why Women Kill; Lucky; Succession,Jon Hamm; Amanda Peet; Olivia Munn; Hoon Lee; Mark Tallman,2025-04-10,,Jonathan Tropper,,Returning Series,2,19,2026-08-21,,65,7.7,55661,0,0,0,1,2,9,Nominated for 1 Primetime Emmy. 2 wins & 9 nominations total,2026-08-21,false,,,77,90,56,65,21,You've loved 2 titles with Jon Hamm before.
show:86430,Your Honor,2020,show,Watched,144121,tt7440726,86430,8,2023-02-19T00:00:00.000Z,20,1970-01-01T00:00:00.000Z,20,caught-up,false,,,Drama; Crime,New Orleans judge Michael Desiato is forced to confront his own deepest convictions when his son is involved in a hit and run that embroils an organized crime family.,"new orleans, louisiana; remake; aggressive; legal thriller; bitter; distressing",en,8.05,1706,13.5818,61387; 61546; 30286; 126660; 276161; 61405; 208076; 61580; 61752; 30962; 94823; 62142; 2436; 2527; 306189; 31319; 92852; 60059; 1381; 275102,116799; 60059; 67679; 67384; 287238; 64199; 239826; 85853; 213306; 259453; 156933; 81358; 137893; 277439; 131927; 66025; 194764; 262388; 204490; 225634,Professor T; The Rise of the Qin Empire; Better Call Saul; The Lincoln Lawyer; Goliath,Bryan Cranston; Hope Davis; Isiah Whitlock Jr.; Michael Stuhlbarg; Lilli Kay,2020-12-06,,Peter Moffat,,Ended,2,20,2026-08-21,,59,7.6,79309,0,0,0,0,3,12,Nominated for 1 BAFTA Award3 wins & 12 nominations total,2026-08-21,false,,,78,95,72,59,18,You've loved 1 title with Bryan Cranston before.
movie:97630,Zero Dark Thirty,2012,movie,Watched,70890,tt1790885,97630,10,2026-08-21T15:21:52.000Z,1,2012-12-19T00:00:00.000Z,,,true,,,Thriller; Drama,"A chronicle of the decade-long hunt for al-Qaeda terrorist leader Osama bin Laden after the September 2001 attacks, and his death at the hands of the Navy S.E.A.L. Team 6 in May, 2011.",hotel; van; mossad; central intelligence agency (cia); assassination; prisoner; car dealer; iraq; pakistan; f word; man hunt; u.s. navy seal; female protagonist; gunfight; terrorism,en,6.99,4969,8.5308,438; 446; 453; 462; 465; 471; 479; 480; 481; 499; 504; 507; 513; 527; 1563776; 537; 539; 570; 571,7485; 345887; 193756; 130267; 524348; 14637; 811592; 9691; 405775; 18355; 9802; 415842; 997120; 9545; 612; 27576; 9882; 574207; 8007; 1817,Cube Zero; A Beautiful Mind; Brute; Shaft; Monsoon Wedding,Jessica Chastain; Jason Clarke; Joel Edgerton; Jennifer Ehle; Mark Strong,2012-12-19,157,Kathryn Bigelow,,,,,2026-08-21,91,95,7.4,341117,1,0,0,0,85,174,Won 1 Oscar. 85 wins & 174 nominations total,2026-08-21,false,,,69,95,83,93,100,You've loved 2 titles from director Kathryn Bigelow before.
show:216082,Zero Day,2025,show,Watched,201952,tt23872886,216082,7,2025-02-20T00:00:00.000Z,6,1970-01-01T00:00:00.000Z,6,caught-up,false,,,Drama; War & Politics,"A former U.S. President is called out of retirement to find the source of a deadly cyberattack, only to discover a vast web of lies and conspiracies.",usa president; investigation; conspiracy; miniseries; political thriller; cyberwar; absurd; cliché; pretentious,en,6.977,482,13.7365,208883; 277387; 2929; 208906; 208923; 277439; 241257; 241363; 277488; 127735; 127865; 95041; 95210; 62459; 62421; 127948; 240942; 127856; 31199; 31310,1407; 129552; 1425; 113962; 245927; 67026; 245219; 93166; 156988; 104954; 62560; 156819; 138624; 248937; 32675; 91962; 95396; 34639; 220801; 114922,The Investigator; Ramona; Time Bomb 9/11; Sunset Song; Cape Fear,Robert De Niro; Jesse Plemons; Lizzy Caplan; Connie Britton; Joan Allen,2025-02-20,,Eric Newman,,Ended,1,6,2026-08-21,,52,7,61835,0,0,0,3,0,0,Nominated for 3 Primetime Emmys. 6 nominations total,2026-08-21,false,,,75,90,60,52,24,You've loved 1 title with Connie Britton before.
show:92137,ZeroZeroZero,2020,show,Watched,152322,tt8332438,92137,8,2020-03-06T00:00:00.000Z,8,1970-01-01T00:00:00.000Z,8,caught-up,false,,,Crime; Drama,"Based on the book of the same name by bestselling author Roberto Saviano, ZeroZeroZero is an unforgettable exploration of the inner workings of the global cocaine trade.",mexico; drug trafficking; cocaine; drug dealer; drug smuggling; organized crime; mafia; police corruption,it,7.753,527,7.6353,92150; 238362; 124727; 274955; 1095; 1398; 1409; 238843; 1438; 29746; 1414; 93544; 125909; 125949; 93716; 93816; 126124; 61058; 61068; 2098,66676; 61068; 12822; 262280; 211169; 1908; 119845; 54650; 63351; 75666; 255570; 1409; 76231; 66310; 247718; 80968; 1414; 194764; 101591; 76177,Ghost in the Shell: Stand Alone Complex; The Sopranos; Sons of Anarchy; The Wire; The Shield,Andrea Riseborough; Giuseppe De Domenico; Harold Torres; Dane DeHaan; Adriano Chiaramida,2020-02-14,55,Leonardo Fasoli,,Ended,1,8,2026-08-21,,74,8.1,32596,0,0,0,0,1,2,1 win & 2 nominations total,2026-08-21,false,,,82,90,61,74,4,You've loved 1 title with Andrea Riseborough before.
show:286709,The Westies,2026,show,Watchlist,279635,tt31849235,286709,,,,,,,false,2026-07-28T20:02:37.000Z,,Drama; Crime,"As the Javits Center construction project ignites a battle for profit in early 1980s Hell's Kitchen, a generational rift threatens the uneasy peace between violent Irish gang the Westies and the Mafia, and draws FBI heat.",irish-american; organized crime; 1980s; hell's kitchen; italian mafia; cliché,en,7.13,23,28.5513,2204; 61393; 61446; 240067; 94394; 61658; 240422; 30543; 94305; 30878; 2382; 94696; 62122; 2581; 94659; 2873; 94902; 31050; 62172; 62208,76231; 1398; 287238; 137893; 112693; 66025; 75666; 67744; 67384; 64199; 119845; 44856; 70485; 60574; 97951; 64836; 45094; 71715; 1621; 1409,Brotherhood; Mayans M.C.; The Sopranos; Furious; Griselda,J.K. Simmons; Titus Welliver; Tom Brittney; Stanley Morgan; Sarah Bolger,2026-07-12,,Chris Brancato,,Returning Series,1,8,2026-08-21,,61,,,0,0,0,0,0,0,N/A,2026-08-21,false,,,83,80,31,61,0,You've loved 1 title from creator Chris Brancato before.
show:291084,Best Medicine,2026,show,Watchlist,285217,tt36885662,291084,,,,,,,false,2026-07-28T20:02:52.000Z,,Comedy; Drama,"Martin Best is a brilliant surgeon who abruptly leaves his illustrious career in Boston to become the general practitioner in a quaint East Coast fishing village where he spent summers as a child. Unfortunately, Martin's blunt and borderline rude bedside manner rubs the quirky, needy locals the wrong way, and he quickly alienates the town, even though he's all they’ve got.",surgeon; remake; based on tv series; medical procedural,en,7.154,26,24.7455,2272; 2316; 61546; 126660; 276234; 94198; 61405; 305357; 208076; 61580; 61752; 62046; 62068; 30962; 94842; 94823; 62142; 2586; 127621; 2686,93749; 3172; 74016; 1039; 1028; 1021; 918; 2430; 4477; 126660; 240740; 61014; 125952; 65938; 39279; 71199; 62046; 119845; 218347; 1530,The Office; Professor T; Sanford and Son; Dr. Death; Private Practice,Josh Charles; Abigail Spencer; Josh Segarra; Cree Cicchino; Annie Potts,2026-01-04,,Liz Tuccillo,,Returning Series,2,14,2026-08-21,,62,5.5,455,0,0,0,0,0,0,N/A,2026-08-21,false,,,45,80,32,62,0,You've loved 1 title with Josh Charles before.
show:254528,The Hawk,2026,show,Watchlist,240024,tt27550719,254528,,,,,,,false,2026-07-28T20:02:59.000Z,,Comedy,"On the back nine of his career, golf legend Lonnie ""The Hawk"" Hawkins chases one final major — and drags everyone he loves into the chaos.",golf,en,5.256,45,15.3611,241138; 245876; 248830; 137390; 25986; 95844; 123557; 206908; 126133; 94830; 243140; 65898; 129383; 5101; 280539; 213933; 104930; 219200; 219742; 253810,33922; 203614; 18614; 1915; 4415; 76345; 90877; 1795; 713; 112211; 1229; 64823; 307534; 249023; 10420; 251608; 93290; 1568; 42032; 610,Stick; Portlandia; Colin from Accounts; The Larry Sanders Show; In Living Color,Will Ferrell; Molly Shannon; Jimmy Tatro; Fortune Feimster,2026-07-16,,Will Ferrell,,Returning Series,1,10,2026-08-21,,48,,,0,0,0,0,0,0,N/A,2026-08-21,false,,,26,80,37,48,0,You've loved 3 titles with Will Ferrell before.
show:241609,Your Friends & Neighbors,2025,show,Watchlist,217691,tt30459041,241609,,,,,,,false,2026-07-29T00:12:52.000Z,,Drama; Crime; Comedy,"When a financial titan suddenly finds himself divorced and jobless, he starts robbing his wealthy neighbors to stay afloat. Stealing from his own social circle strangely exhilarates him—but he gradually gets tangled in a deadly web.",stealing; wealthy; fired from the job; ex-husband ex-wife relationship; financial crisis; divorced man; family issues; affair; black comedy,en,7.76,325,34.255,2248; 61604; 2410; 241064; 31086; 29650; 1583; 1661; 1803; 1892; 1930; 2076; 62626; 62728; 62810; 3114; 2910; 2987; 278009; 96102,71715; 3764; 87428; 278624; 76331; 2933; 76177; 154385; 208713; 1398; 64199; 64836; 100414; 218351; 136044; 156902; 16208; 62320; 186; 226174,Mesudarim; Good Girls; Why Women Kill; Lucky; Succession,Jon Hamm; Amanda Peet; Olivia Munn; Hoon Lee; Mark Tallman,2025-04-10,,Jonathan Tropper,,Returning Series,2,19,2026-08-21,,65,7.7,55661,0,0,0,1,2,9,Nominated for 1 Primetime Emmy. 2 wins & 9 nominations total,2026-08-21,false,,,77,90,56,65,21,You've loved 2 titles with Jon Hamm before.
show:226285,Elsbeth,2024,show,Watchlist,205237,tt26591110,226285,,,,,,,false,2026-07-29T00:14:28.000Z,,Crime; Drama; Comedy,"After her successful career in Chicago, Elsbeth Tascioni, an astute but unconventional attorney, utilizes her singular point of view to make unique observations and corner brilliant criminals alongside the NYPD.",playful; legal; amused; comforting,en,6.731,132,46.6482,72; 171; 123249; 44; 47; 115; 121; 248; 346; 424; 484; 90937; 236996; 670; 589; 607; 733; 237328; 562; 889,226174; 116799; 67384; 32697; 153657; 32940; 33301; 85385; 119845; 64199; 10305; 65628; 81358; 136044; 10370; 1480; 126914; 44856; 111261; 138108,"Only Fools and Horses; Martin; American Dragon: Jake Long; Torchwood; Murder, She Wrote",Carrie Preston; Wendell Pierce,2024-02-29,,Robert King,,Returning Series,4,51,2026-08-21,,69,7.6,14961,0,0,0,0,4,15,4 wins & 15 nominations total,2026-08-21,false,,,53,85,47,69,23,You've loved 1 title with Wendell Pierce before.
show:154385,BEEF,2023,show,Watchlist,197667,tt14403178,154385,,,,,,,false,2026-07-29T00:18:40.000Z,,Comedy; Drama,A road rage incident between two strangers — a failing contractor and an unfulfilled entrepreneur — sparks a feud that brings out their darkest impulses.,"husband wife relationship; midlife crisis; marriage; coercion; anthology; revenge; dark comedy; billionaire; los angeles, california; east asian lead; road rage; country club; art exhibition; unfaithful wife; asian american",en,7.747,1007,28.1722,847; 854; 954; 895; 28915; 28928; 1026; 1037; 29063; 91539; 206010; 206013; 206014; 206182; 28672; 273908; 274056; 124077; 124092; 303633,87428; 197373; 61118; 67280; 78950; 126914; 61637; 69470; 81357; 62320; 53606; 42032; 243316; 99652; 70964; 67780; 1568; 67883; 206828; 92621,The Rockford Files; Murder Most Horrid; Amazing Stories; United States; The Jazz Age,Steven Yeun; Oscar Isaac; Carey Mulligan; Cailee Spaeny; Charles Melton,2023-04-06,,Lee Sung Jin,,Returning Series,2,18,2026-08-21,,82,8,163497,0,0,8,0,44,46,Won 8 Primetime Emmys. 44 wins & 46 nominations total,2026-08-21,false,,,80,95,67,82,100,You've loved 1 title with Steven Yeun before.
show:254420,Elle,2026,show,Watchlist,239856,tt32020831,254420,,,,,,,false,2026-07-29T00:18:56.000Z,,Comedy; Drama,"Before Elle Woods was a fish-out-of-water at Harvard, we meet her in 1995 in the tumultuous waters of high school where she encounters tricky friendships, forbidden romance, and questionable fashion choices. In this unexpected chapter of her adolescence, we learn about the experiences that shaped Elle into the iconic young woman we've come to know and love.",high school; prequel; based on movie; teenage romance; 1990s,en,7.866,86,18.9724,124578; 124814; 274548; 877; 900; 904; 951; 952; 1043; 29016; 29069; 29117; 274637; 206485; 274505; 274622; 274694; 303870; 1190; 1149,4107; 39859; 62823; 94617; 2382; 1803; 3497; 279471; 1395; 93825; 124010; 60705; 195670; 2299; 32942; 198178; 1432; 2191; 67466; 47813,More than Blue: The Series; Caprica; Skins; Lincoln Heights; Moesha,Lexi Minetree; June Diane Raphael; Tom Everett Scott; Gabrielle Policano; Jacob Moskovitz,2026-07-01,,Laura Kittrell,,Returning Series,2,8,2026-08-21,,52,6.9,2692,0,0,0,0,0,0,N/A,2026-08-21,false,,,41,85,43,52,0,Fits your taste for Comedy / Drama.
show:125988,Silo,2023,show,Watchlist,180770,tt14688458,125988,,,,,,,false,2026-07-29T00:29:21.000Z,,Sci-Fi & Fantasy; Drama,"In a ruined and toxic future, thousands live in a giant silo deep underground. After its sheriff breaks a cardinal rule and residents die mysteriously, engineer Juliette starts to uncover shocking secrets and the truth about the silo.",corruption; based on novel or book; post-apocalyptic future; dystopia; politics; disaster; cynical; hidden powers; silo; societal ignorance; cautionary; systemic corruption,en,8.19,2467,232.4461,61498; 61461; 61511; 2215; 305250; 305253; 2340; 240150; 94143; 276355; 276357; 94277; 94285; 94292; 61263; 61338; 61345; 2118; 61425; 61431,86550; 287527; 79680; 1425; 85273; 1402; 71914; 48866; 46639; 90972; 93784; 62858; 86374; 106379; 77459; 60948; 83870; 94305; 42009; 99741,The Great Fire; Father Brown; Monarch of the Glen; Sarawat Mae Luk On; Koet Pen Ka,Rebecca Ferguson; Common; Chinaza Uche; Ashley Zukerman; Shane McRae,2023-05-04,,Graham Yost,,Returning Series,4,30,2026-08-21,,77,8.1,218324,0,0,0,2,4,30,Nominated for 2 Primetime Emmys. 4 wins & 30 nominations total,2026-08-21,false,,,74,95,76,77,54,You've loved 1 title from creator Graham Yost before.
show:287238,Furious,2026,show,Watchlist,280335,tt36303968,287238,,,,,,,false,2026-07-29T00:30:04.000Z,,Drama; Crime,"FBI agent Alice Black is on the hunt for a mysterious and calculating female serial killer. Both walk their own paths toward justice, and as their lives start to intertwine, the line between right and wrong begins to blur.",serial killer; based on movie; fbi agent; thriller,en,7.037,54,60.1237,2263; 240151; 276389; 61446; 61555; 126520; 126597; 30286; 94028; 126725; 61290; 61299; 94413; 276671; 61863; 94372; 62097; 208251; 305613; 240740,45094; 213306; 278624; 4057; 70485; 201992; 67744; 239826; 64199; 241372; 103302; 1405; 64481; 4040; 158083; 131927; 277439; 61859; 220801; 256317,The Missing; RIPLEY; Scarpetta; Cross; Lucky,Emmy Rossum; Lola Petticrew; Scoot McNairy; Quincy Tyler Bernstine,2026-07-27,,Elizabeth Meriwether,,Returning Series,1,8,2026-08-21,,,,,0,0,0,0,0,0,N/A,2026-08-21,false,,,70,85,39,,0,"Similar to Mindhunter and Dexter, which you loved."
show:278624,Lucky,2026,show,Watchlist,265812,tt34866681,278624,,,,,,,false,2026-07-29T00:30:18.000Z,,Drama; Crime,"When a multi-million-dollar heist goes sideways, con artist Lucky is forced to go on the run. Pursued by both the FBI and a ruthless crime boss, Lucky must fight for her life—and a way out.",based on novel or book; fbi; crime boss; heist; con artist; on the run; miniseries; heist gone wrong; con woman,en,7.184,182,130.7669,844; 886; 887; 896; 28913; 1024; 274260; 205987; 205988; 29063; 206118; 91586; 28672; 273866; 28804; 273916; 273941; 274047; 123856; 124067,64199; 287238; 156902; 64836; 218351; 209876; 116799; 208713; 119845; 277439; 4040; 61859; 213306; 1621; 262280; 47600; 79086; 71715; 68735; 129552,Space Race; Romance in the Alley; The Jazz Age; Winning Time: The Rise of the Lakers Dynasty; Sneaky Pete,Anya Taylor-Joy; Annette Bening; Clifton Collins Jr.; Aunjanue Ellis-Taylor; Timothy Olyphant,2026-07-14,,Jonathan Tropper,,Ended,1,7,2026-08-21,,83,6.6,4683,0,0,0,0,0,0,N/A,2026-08-21,false,,,76,85,51,83,0,You've loved 1 title with Anya Taylor-Joy before.
movie:1318413,Pressure,2026,movie,Watchlist,1077714,tt32547691,1318413,,,,,,,false,2026-07-29T00:47:53.000Z,,Thriller; History; War,"In the tense 72 hours before D-Day, and the fate of the free world hanging in the balance, General Dwight D. Eisenhower and Captain James Stagg face an impossible choice—launch the largest and most dangerous seaborne invasion in history or risk losing the war altogether.",weather forecast; world war ii; metereologist; d-day; historical drama; 1940s; extreme weather; matter of fact; unexpected problems; high‑stakes mission,en,7.762,309,17.9252,1627810; 73907; 73908; 1253618; 74012; 1084029; 1452783; 319113; 73900; 1631858; 1631877; 877013; 1253715; 510671; 876326; 510221; 319337; 81736; 1639084; 81642,31065; 13922; 9664; 36583; 969492; 11372; 857; 567189; 615115; 339259; 13210; 13813; 1770; 1244531; 4461; 10105; 10491; 31962; 853; 23908,Land of Bad; Saving Private Ryan; Tom Clancy's Without Remorse,Andrew Scott; Brendan Fraser; Kerry Condon; Chris Messina; Damian Lewis,2026-05-25,101,Anthony Maras,,,,,2026-08-21,,69,7.3,20671,0,0,0,0,0,0,1 win total,2026-08-21,false,,,51,90,56,69,0,You've loved 1 title with Kerry Condon before.
show:131142,Love Story,2026,show,Watchlist,185998,tt15232564,131142,,,,,,,false,2026-07-29T01:05:26.000Z,,Drama,An anthology of sweeping true love stories that captured the world’s attention.,based on novel or book; anthology; romance; love story,en,8.3,63,13.8921,2913; 208883; 277369; 277404; 277406; 95341; 95344; 95346; 241372; 208906; 208913; 208921; 208923; 208931; 277439; 277414; 277415; 241275; 241348; 241361,273240; 207717; 260592; 73607; 90705; 10370; 259702; 126301; 85273; 95839; 107119; 219760; 225265; 86456; 116761; 81322; 199001; 4340; 102904; 223313,The Investigator; The Moon on a Rainy Night; The Dangerous Affair; Obsessed; Shantaram,Sarah Pidgeon; Paul Anthony Kelly; Grace Gummer,2026-02-12,,Connor Hines,,Returning Series,1,9,2026-08-21,,,7.7,1962,0,0,0,0,0,0,N/A,2026-08-21,false,,,53,85,40,,0,Titles you loved list this as similar or recommended (1 time).
show:303630,Cupertino,2026,show,Watchlist,304435,tt33270224,303630,,,,,,,false,2026-07-29T01:26:13.000Z,,Drama,"A scrappy lawyer takes on a powerful tech giant in a high-stakes legal battle, navigating the cutthroat world of Silicon Valley while fighting for justice and the little guy's rights.",court; lawyer; legal,en,0,0,3.1933,61554; 61786; 61889; 62085; 2420; 2466; 2882; 95110; 95231; 31076; 127814; 31325; 60059; 1365; 29600; 1480; 1435; 29829; 1791; 275631,205272; 100575; 90399; 133908; 37780; 107365; 67384; 226174; 211564; 130842; 286617; 2199; 5325; 94245; 51537; 1365; 262848; 21762; 67118; 81747,Marvel's Daredevil; Better Call Saul; Eli Stone; The Good Wife; Ambitions,Mike Colter; Rachel Keller; Ella Stiller; Nik Dodani; Busy Philipps,2026-10-08,,Robert King,,Planned,1,3,2026-08-21,,,,,0,0,0,0,0,0,N/A,2026-08-21,false,,,11,80,0,,0,"Similar to Marvel's Daredevil and Better Call Saul, which you loved."
show:273207,Neagley,2026,show,Watchlist,258222,tt33539520,273207,,,,,,,false,2026-07-31T13:56:08.000Z,,Drama; Mystery; Crime,"Frances Neagley is a private investigator in Chicago. When she learns that a beloved friend from her past has been killed in a suspicious accident, she becomes hell bent on justice. Using everything she's learned from Jack Reacher and her time as a member of the 110 Special Investigators, Neagley puts herself on a dangerous path to uncover a menacing evil.","chicago, illinois; private investigator; justice; spin off",en,0,0,11.7261,799; 934; 938; 954; 1057; 92294; 996; 206402; 1028; 1198; 1270; 206586; 125024; 1379; 275188; 239000; 60059; 304307; 29574; 29502,58841; 67993; 1620; 954; 925; 153657; 10365; 587; 106388; 996; 1937; 4521; 156933; 85853; 4582; 254071; 130273; 2458; 156993; 213306,Sherlock Holmes; The Rockford Files; Kamen Rider Jeanne & Kamen Rider Aguilera with Girls Remix; Holby City; Better Call Saul,Maria Sten; Greyston Holt; Adeline Rudolph; Matthew Del Negro; Damon Herriman,2026-09-16,,Nick Santora,,In Production,1,8,2026-08-21,,,,,0,0,0,0,0,0,N/A,2026-08-21,false,,,0,80,0,,0,"Similar to Better Call Saul, which you loved."
show:213562,Crystal Lake,2026,show,Watchlist,199470,tt23148340,213562,,,,,,,false,2026-07-31T13:56:18.000Z,,Mystery; Drama,"Single mother Pam Voorhees has been unable to shake her grief after her young, sickly son Jason tragically drowned in the town lake almost a year before. When two strangers arrive at Pam’s door digging into her past, a disturbing chain of events are set into motion, leaving the townspeople of Crystal Lake wondering: just who is Pam Voorhees?",mother; summer camp; prequel; camp; slasher; found footage; based on movie; horror,en,0,0,2.9529,124578; 238355; 877; 303975; 238309; 59525; 1186; 1259; 1087; 238549; 206586; 29301; 1337; 1402; 275188; 275102; 60059; 92916; 92925; 206799,46786; 129680; 244244; 253376; 283297; 226637; 246461; 110531; 80213; 262352; 233256; 71116; 5273; 21728; 253321; 6127; 218342; 246386; 118958; 62823,More than Blue: The Series; The House of Jealousy; Caprica; Trăng Điên; Crown of Blood,Linda Cardellini; William Catlett; Devin Kessler; Cameron Scoggins; Gwendolyn Sundstrom,2026-10-15,,Brad Caleb Kane,,In Production,1,8,2026-08-21,,,,,0,0,0,0,0,0,N/A,2026-08-21,false,,,0,80,0,,0,You've loved 1 title with Linda Cardellini before.
show:273240,Off Campus,2026,show,Watchlist,258304,tt33546863,273240,,,,,,,false,2026-07-31T22:55:12.000Z,,Drama,"Hannah Wells tutors hockey captain Garrett Graham to win over her crush. Their deal becomes real connection as they face their pasts. Friends Logan, Dean, Tucker, and Allie navigate college life and love.",based on novel or book; self-discovery; love; romance; romantic; compassionate,en,8.909,799,74.3412,124540; 124546; 124549; 92154; 92182; 124578; 124583; 124585; 124586; 124587; 124595; 238249; 238250; 124764; 124812; 124825; 92414; 238360; 238369; 238380,131142; 207717; 260592; 130464; 95839; 225265; 199001; 155534; 240667; 219760; 88324; 99747; 259702; 223313; 285739; 126301; 118947; 85273; 301507; 51537,More than Blue: The Series; The Imperial Coroner; Second Chance; Love Story; Tell Me Lies,Ella Bright; Belmont Cameli; Mika Abdalla; Stephen Kalyn; Jalen Thomas Brooks,2026-05-13,,Louisa Levy,,Returning Series,1,8,2026-08-21,,71,7.9,41672,0,0,0,0,0,0,2 nominations total,2026-08-21,false,,,57,90,65,71,0,Titles you loved list this as similar or recommended (1 time).
show:97546,Ted Lasso,2020,show,Watchlist,162639,tt10986410,97546,,,,,,,false,2026-08-06T01:26:21.000Z,,Drama; Comedy,"Ted Lasso, an American football coach, moves to England when he's hired to manage a soccer team—despite having no experience. With cynical players and a doubtful town, will he get them to see the Ted Lasso Way?",england; male friendship; friendship; fish out of water; football (soccer); american abroad; teammate; professional sports; football (soccer) team; workplace comedy; team owner; football (soccer) coach; reflective; optimist; coaching,en,8.359,2570,179.4465,211936; 211720; 131193; 35254; 211731; 97173; 97186; 64684; 64688; 64699; 7610; 7698; 7798; 7777; 310289; 35415; 35473; 281762; 310429; 131028,62704; 31497; 211; 244623; 92621; 4598; 243316; 112211; 199001; 219788; 216795; 380; 62117; 100883; 33301; 158756; 1320; 815; 126506; 70964,And Then There Were None; Ballers; The League; The Game; Running Point,Jason Sudeikis; Hannah Waddingham; Jeremy Swift; Brett Goldstein; Brendan Hunt,2020-08-14,,Jason Sudeikis,,Returning Series,4,44,2026-08-21,,74,8.7,448773,0,0,13,0,73,213,Won 13 Primetime Emmys. 73 wins & 213 nominations total,2026-08-21,false,,,74,95,76,74,100,You've loved 1 title from creator Jason Sudeikis before.
movie:875828,Peaky Blinders: The Immortal Man,2026,movie,Watchlist,701249,tt15574124,875828,,,,,,,false,2026-08-21T15:27:10.000Z,,Crime; Drama,"After his estranged son gets embroiled in a Nazi plot, self-exiled gangster Tommy Shelby must return to Birmingham to save his family — and his nation.",england; gangster; betrayal; organized crime; period drama; gang warfare; 1940s; birmingham; based on tv series; fatalism; dark atmosphere; haunted by his demons; german covert operation; british underworld; wartime trauma,en,7.203,1165,16.5884,1388390; 3548; 3573; 1567149; 4348; 3982; 4982; 265059; 4836; 814757; 4584; 4588; 3701; 3480; 3635; 3777; 3683; 4155; 13223; 13254,12888; 1127110; 22073; 379149; 259695; 799876; 20721; 769; 14807; 697843; 1008409; 668489; 171337; 842544; 974453; 16885; 379; 47504; 4982; 8848,Havoc,Cillian Murphy; Barry Keoghan; Rebecca Ferguson; Tim Roth; Stephen Graham,2026-03-05,112,Tom Harper,,,,,2026-08-21,,59,6.5,74842,0,0,0,0,0,0,N/A,2026-08-21,false,,,47,95,68,59,0,You've loved 2 titles with Cillian Murphy before.
show:95350,Lanterns,2026,show,Watchlist,157599,tt26545992,95350,,,,,,,false,2026-08-11T00:07:34.000Z,,Drama; Mystery; Sci-Fi & Fantasy,"Two intergalactic cops, new recruit John Stewart and Lantern legend Hal Jordan, are drawn into a dark, Earth-based mystery as they investigate a murder in the American heartland.",small town; recruit; superhero; based on comic; super power; ex-marine; murder investigation; buddy cop; trainee; multiple storylines; nebraska; aggressive; willpower; 2010s; dc universe (dcu),en,8.1,125,271.8148,873; 936; 894; 1029; 91520; 28727; 124100; 303597; 303701; 274379; 91746; 237512; 124396; 124364; 91875; 206402; 206476; 1130; 1144; 1149,60708; 39351; 42531; 75450; 50825; 79501; 1403; 66190; 86423; 1486; 79788; 69050; 38472; 71663; 53425; 128904; 213306; 218342; 1920; 98187,Columbo; American Rust; FROM; Kamen Rider Jeanne & Kamen Rider Aguilera with Girls Remix; New Amsterdam,Kyle Chandler; Aaron Pierre; Kelly Macdonald; Garret Dillahunt; Poorna Jagannathan,2026-08-16,,Damon Lindelof,,Returning Series,1,8,2026-08-21,,72,,,0,0,0,0,0,0,N/A,2026-08-21,false,,,69,85,47,72,0,You've loved 1 title from creator Damon Lindelof before.
movie:1265609,War Machine,2026,movie,Watchlist,1026879,tt15940132,1265609,,,,,,,false,2026-08-21T15:27:26.000Z,,Action; Science Fiction; Thriller,"On one last grueling mission during Army Ranger training, a combat engineer must lead his unit in a fight against a giant otherworldly killing machine.",struggle for survival; military training; afghanistan veteran; grim; alien hunters; alien arrival; military sci-fi; u.s. army ranger; extraterrestrial threat; special forces training; firefights; hostile encounter; high‑intensity conflict; gore elements; veteran soldier,en,7.442,2324,33.1531,4421; 852303; 298032; 482034; 1599603; 41972; 1236470; 11866; 9905; 1017179; 12149; 643532; 25763; 12611; 13183; 13025; 1020525; 27012; 464768; 279969,605722; 106; 563; 1241470; 969492; 9425; 1009640; 429415; 688258; 766507; 534; 1257009; 1196067; 9349; 16320; 324670; 736485; 1035048; 775996; 9383,The Lost Bus; Land of Bad; Terminator Salvation,Alan Ritchson; Dennis Quaid; Stephan James; Jai Courtney; Esai Morales,2026-02-12,110,Patrick Hughes,War Machine Collection,,,,2026-08-21,,54,6.3,86956,0,0,0,0,0,0,1 nomination total,2026-08-21,false,,,47,95,75,54,0,You've loved 1 title with Jai Courtney before.
show:247522,Tires,2024,show,Watchlist,228099,tt31491435,247522,,,,,,,false,2026-08-11T00:07:54.000Z,,Comedy,"At his father's auto shop, a hapless manager strives to improve customer service and drive profits while keeping his troublemaking cousin in line.",office; car mechanic; work; workplace; business; tire; sitcom; sale; workplace comedy; colleague; inspirational; car; hilarious; bold; excited,en,6.74,96,45.5279,2898; 2904; 2905; 277315; 2987; 277438; 2996; 95182; 62474; 94951; 2635; 2647; 2652; 2656; 127712; 31184; 31243; 31244; 31245; 31321,36994; 244623; 8592; 71209; 86893; 94252; 112211; 69555; 126506; 71683; 40110; 1915; 1320; 57815; 60783; 1229; 94951; 4546; 75967; 251941,Small Wonder; Cafe Americain; The Ropers; Ha Ha Maker; Mesudarim,Steve Gerben; Shane Gillis; Chris O'Connor; Kilah Fox; Stavros Halkias,2024-05-23,,Shane Gillis,,Returning Series,3,30,2026-08-21,,48,7.6,20758,0,0,0,0,0,0,1 nomination total,2026-08-21,false,,,64,85,44,48,0,You've loved 1 title from creator Shane Gillis before.
movie:1265063,After the Hunt,2025,movie,Watchlist,1026370,tt32159989,1265063,,,,,,,false,2026-08-21T15:27:42.000Z,,Drama,"A college professor finds herself at a personal and professional crossroads when a star pupil levels an accusation against one of her colleagues, and a dark secret from her own past threatens to come to light.",husband wife relationship; philosophy; narcissism; plagiarism; yale university; female protagonist; psychological thriller; ulcer; generation gap; sexless marriage; sexual assault; college professor; academia; accusation; complex,en,5.676,515,9.9114,3877; 1009724; 4024; 4483; 4507; 1389137; 4570; 263393; 813917; 4147; 4148; 4267; 4251; 4547; 4552; 3902; 4195; 4203; 4380; 1052886,414454; 14; 9061; 619979; 547017; 340613; 839369; 340666; 210577; 928270; 9769; 114155; 18190; 11184; 1944; 9357; 13250; 317744; 235271; 95608,Things We Lost in the Fire; The Return of Martin Guerre; Komang; Revolutionary Road; The Wife,Julia Roberts; Ayo Edebiri; Andrew Garfield; Michael Stuhlbarg; Chloë Sevigny,2025-10-09,139,Luca Guadagnino,,,,,2026-08-21,36,52,5.7,21862,0,0,0,0,2,5,2 wins & 5 nominations total,2026-08-21,false,,,33,90,61,44,9,You've loved 1 title with Ayo Edebiri before.
show:252107,Star City,2026,show,Watchlist,235622,tt32140872,252107,,,,,,,false,2026-07-28T19:26:36.000Z,,Drama; Sci-Fi & Fantasy; War & Politics,"Step into a thrilling chapter inspired by For All Mankind. Same alt-history universe. Different perspective: the Soviet Union's. Go behind the Iron Curtain with the cosmonauts, engineers, and intelligence officers who risked it all in the race for the Moon.",cold war; soviet union; moon landing; alternate history; astronaut; spin off; space race; cosmonaut; paranoid thriller; space program; surveillance state; thriller,en,7.746,72,15.8155,211927; 35430; 211892; 97186; 64685; 7730; 281748; 310295; 7583; 64809; 64840; 7895; 8015; 243380; 131305; 310800; 94305; 277805; 94372; 94413,63639; 86374; 34967; 85949; 157239; 48866; 51704; 127235; 67198; 60741; 106379; 424; 1407; 93784; 128839; 108545; 71340; 114472; 21494; 69061,Thirteen Years of Dust; Tinker Tailor Soldier Spy; Close to the Enemy; War of the Worlds; Falling Skies,Rhys Ifans; Anna Maxwell Martin; Agnes O'Casey; Alice Englert; Solly McLeod,2026-05-28,,Ben Nedivi,,Returning Series,1,8,2026-08-21,,80,,,0,0,0,0,0,0,N/A,2026-08-21,false,,,60,85,42,80,0,"Similar to Homeland, which you loved."
show:108978,Reacher,2022,show,Watchlist,155536,tt9288030,108978,,,,,,,false,2026-08-11T00:08:04.000Z,,Action & Adventure; Crime,"Jack Reacher, a veteran military police investigator, has just recently entered civilian life. Reacher is a drifter, carrying no phone and the barest of essentials as he travels the country and explores the nation he once served.",assassin; based on novel or book; gun; espionage; police; newfoundland and labrador; conspiracy; agent; blunt; reboot,en,8.085,3099,659.7644,19; 123443; 50; 28136; 28196; 303124; 57954; 365; 430; 474; 289; 485; 509; 512; 520; 530; 90923; 273566; 586; 237232,61859; 111800; 68006; 120911; 222766; 1973; 213306; 287238; 95480; 67116; 262280; 225385; 241882; 67178; 129552; 256317; 60855; 85021; 40675; 131927,Planet of the Apes; Kareinaru ichizoku; The Night Manager; The Old Man; The Terminal List,Alan Ritchson; Agnez Mo; Sydelle Noel; Anggun; Christopher Rodriguez Marquette,2022-02-03,,Nick Santora,,Returning Series,4,32,2026-08-21,,75,8,291841,0,0,0,0,3,13,3 wins & 13 nominations total,2026-08-21,false,,,54,95,78,75,19,Titles you loved list this as similar or recommended (1 time).
show:240993,Ransom Canyon,2025,show,Watchlist,216613,tt28088031,240993,,,,,,,false,2026-08-13T13:32:56.000Z,,Drama; Western,"Passions run deep in a small Texas town, as three ranching dynasties fight for their land, their legacies and the people they love.",based on novel or book; texas; ranch; romance; family; playful; inspirational; western,en,7.296,125,18.3306,124540; 124546; 124549; 92154; 92182; 124583; 124585; 124586; 124587; 124595; 238249; 238250; 124764; 124800; 124812; 124825; 92414; 238360; 238380; 274559,118357; 41692; 73586; 2562; 201877; 122235; 204999; 62732; 157744; 5742; 243396; 299167; 1401; 124800; 43901; 60626; 1406; 138971; 215866; 99346,The Imperial Coroner; Love & Death; Second Chance; 1883; Lonesome Dove,Josh Duhamel; Minka Kelly; Lizzy Greene; Garrett Wareing; Marianly Tejada,2025-04-17,,April Blair,,Returning Series,2,18,2026-08-21,,58,6.8,10653,0,0,0,0,1,2,1 win & 2 nominations total,2026-08-21,false,,,71,85,47,58,4,"Similar to 1883 and Yellowstone, which you loved."
movie:1007734,Nobody 2,2025,movie,Watchlist,810123,tt28996126,1007734,,,,,,,false,2026-08-21T15:27:51.000Z,,Action; Thriller; Comedy; Crime,"Former assassin Hutch Mansell takes his family on a nostalgic vacation to a small-town theme park, only to be pulled back into violence when they clash with a corrupt operator, a crooked sheriff, and a ruthless crime boss.",dark comedy; black humor; sequel; one man army; family vacation; marital tensions; celebratory; russian mafia; revenge cycle; explosive action; assassin contracts; reluctant killer; family under pressure; eccentric allies; hit list,en,6.919,1765,13.5917,1448938; 876655; 73819; 319296; 74035; 73395; 318917; 73567; 73587; 510276; 73697; 1084242; 319001; 1084244; 73751; 319217; 690711; 1084721; 1453346; 325524,458156; 278924; 615457; 1181540; 1106289; 808023; 1168190; 812583; 11412; 680; 647785; 467905; 4959; 486131; 603692; 944; 8374; 522627; 539885; 879444,Killer Joe; Toy Story 5; John Wick: Chapter 3 - Parabellum; Nobody; Wake Up Dead Man: A Knives Out Mystery,Bob Odenkirk; Connie Nielsen; John Ortiz; Colin Hanks; RZA,2025-08-13,89,Timo Tjahjanto,Nobody Collection,,,,2026-08-21,76,59,6.3,89019,0,0,0,0,0,0,3 nominations total,2026-08-21,false,,,47,95,73,68,0,You've loved 1 title with Bob Odenkirk before.
show:260458,Adults,2025,show,Watchlist,250203,tt33049767,260458,,,,,,,false,2026-08-14T23:35:00.000Z,,Comedy,"A group of twenty-somethings in New York trying to be good people, despite being neither ""good"" nor ""people"" yet.",new york city; twenty something; housemates,en,6,70,30.1537,124610; 917; 1085; 1088; 59941; 29202; 1400; 29458; 1336; 125694; 1417; 1420; 93272; 93288; 60839; 1668; 1922; 1964; 2036; 61118,815; 138089; 243316; 1088; 71890; 61671; 84584; 2742; 203614; 261363; 71885; 85702; 2691; 4483; 745; 1795; 74321; 51345; 112211; 77485,Kate & Allie; Jack & Jill; Dream On; Seinfeld; Glee,Malik Elassal; Lucy Freyer; Jack Innanen; Amita Rao; Owen Thiele,2025-05-28,,Ben Kronengold,,Returning Series,2,17,2026-08-21,,65,7.4,6769,0,0,0,0,0,0,N/A,2026-08-21,false,,,59,85,41,65,0,You've loved 1 title from creator Ben Kronengold before.
movie:1236470,The Lost Bus,2025,movie,Watchlist,1000306,tt21103218,1236470,,,,,,,false,2026-08-21T15:28:08.000Z,,Drama; Thriller,A determined father risks everything to rescue a dedicated teacher and her students from a raging wildfire.,california; based on novel or book; based on true story; struggle for survival; single father; school bus; schoolteacher; 2010s; firemen; children in danger; harrowing,en,7.021,797,7.7461,1079810; 69321; 1627835; 506482; 510298; 510495; 876648; 73838; 876699; 73907; 510558; 510559; 876797; 510584; 319284; 319287; 319373; 691018; 690293; 318846,417812; 578701; 32075; 8092; 20766; 451915; 726209; 337844; 1196573; 1242404; 264644; 44115; 5919; 10081; 567797; 2998; 11093; 41240; 758679; 773975,Pretty Maids All in a Row; Fantômas; The Big Short; A Dry White Season; The Road,Matthew McConaughey; America Ferrera; Yul Vazquez; Ashlie Atkinson; Kimberli Flores,2025-09-19,130,Paul Greengrass,,,,,2026-08-21,87,64,6.8,51736,0,1,0,0,1,5,Nominated for 1 Oscar. 1 win & 5 nominations total,2026-08-21,false,,,64,90,65,76,22,You've loved 1 title with Matthew McConaughey before.
show:273247,The Lowdown,2025,show,Watchlist,258223,tt31289994,273247,,,,,,,false,2026-08-15T23:33:14.000Z,,Crime; Drama,"Follow the gritty exploits of citizen journalist Lee Raybon, a self-proclaimed Tulsa ""truthstorian"" whose obsession with the truth is always getting him into trouble.","dark comedy; cowboy; neo-western; investigative journalism; tulsa, oklahoma",en,6.8,65,18.606,895; 1018; 206014; 28751; 124256; 238043; 1274; 1424; 1436; 29642; 238419; 60616; 60622; 239497; 62620; 5487; 33400; 241506; 5639; 279725,201304; 76231; 128904; 244447; 80213; 119845; 43901; 67384; 90296; 89498; 66025; 85853; 98657; 1436; 217211; 106388; 138971; 86423; 2562; 1409,Murder Most Horrid; Bonanza; Six Feet Under; Justified; A Very British Coup,Ethan Hawke,2025-09-23,,Sterlin Harjo,,Returning Series,2,9,2026-08-21,,85,7.3,7729,0,0,0,0,1,3,1 win & 3 nominations total,2026-08-21,false,,,79,85,41,85,5,You've loved 1 title from creator Sterlin Harjo before.
movie:760329,The Smashing Machine,2025,movie,Watchlist,599275,tt11214558,760329,,,,,,,false,2026-08-21T15:28:20.000Z,,Drama; History; Action,"In the late 1990s, up-and-coming mixed martial artist Mark Kerr aspires to become the greatest fighter in the world. However, he must also battle his opioid dependence and a volatile relationship with his girlfriend Dawn.",sports; drug addiction; biography; based on true story; mixed martial arts (mma); price of fame; 1990s; sports drama; depressed; self awareness; intense; biographical drama,en,6.359,683,8.5966,2323; 263262; 2381; 2428; 2576; 2771; 2977; 1194892; 3087; 625419; 263373; 2654; 2669; 2787; 444799; 3033; 625568; 2539; 2604; 813461,1292415; 436932; 1287322; 766931; 718633; 448776; 59440; 1289601; 79026; 245527; 943822; 15255; 11690; 402529; 20721; 391757; 592643; 846433; 96399; 10081,,Dwayne Johnson; Emily Blunt; Ryan Bader; Bas Rutten; Oleksandr Usyk,2025-10-01,123,Benny Safdie,,,,,2026-08-21,71,65,6.3,69975,0,1,0,0,3,26,Nominated for 1 Oscar. 3 wins & 26 nominations total,2026-08-21,false,,,54,90,63,68,47,You've loved 2 titles with Emily Blunt before.
show:253941,The Paper,2025,show,Watchlist,239158,tt32159809,253941,,,,,,,false,2026-08-16T02:26:10.000Z,,Comedy,"The documentary crew that immortalized Dunder Mifflin's Scranton branch is in search of a new subject when they discover a historic Toledo newspaper, The Truth Teller, and the eager publisher trying to revive it.",ohio; mockumentary; spin off; newspaper office; american midwest; documentary crew; follow-up,en,7.09,89,21.8856,2905; 277438; 241356; 2996; 2998; 95213; 62611; 209100; 3068; 62815; 3111; 62875; 95766; 63032; 306520; 241550; 3138; 31375; 155; 28110,2316; 2187; 97; 2299; 5258; 72031; 2191; 62479; 110; 69320; 2586; 65701; 2548; 3253; 4589; 2016; 39357; 4576; 69866; 260471,The Ropers; Office Joe; The Office; 3rd Rock from the Sun; The Office,Domhnall Gleeson; Sabrina Impacciatore,2025-09-04,,Michael Koman,,Returning Series,2,20,2026-08-21,,87,7,12968,0,0,0,0,0,0,3 nominations total,2026-08-21,false,,,64,85,44,87,0,You've loved 1 title from creator Michael Koman before.
movie:986097,HIM,2025,movie,Watchlist,792648,tt20990442,986097,,,,,,,false,2026-08-21T15:28:30.000Z,,Horror; Mystery; Thriller,"After suffering a potentially career-ending brain trauma, Cameron Cade receives a lifeline when his hero, legendary eight-time Championship quarterback and cultural megastar Isaiah White, offers to train Cam at Isaiah's isolated compound that he shares with his celebrity influencer wife. But as Cam's training accelerates, Isaiah's charisma begins to curdle into something darker.",ritual; cult; training; religion; psychotic; injury; quarterback; athletics; candid; satanic; blood; critical; horror; audacious; bold,en,5.642,445,6.342,1566601; 1389085; 4513; 1195363; 1009649; 4349; 1566921; 1195409; 1567014; 1567046; 4229; 263905; 4771; 663775; 46008; 46009; 483586; 46439; 1229915; 46467,24740; 41505; 1251717; 675531; 808396; 1029235; 30694; 1217585; 772973; 782936; 632357; 604079; 1130276; 1063877; 713364; 1100988; 296271; 882598; 740903; 1142414,The Entity; 28 Years Later; Smile,Tyriq Withers; Marlon Wayans; Julia Fox; Tim Heidecker; Jim Jefferies,2025-09-18,96,Justin Tipping,,,,,2026-08-21,30,38,5,22463,0,0,0,0,0,0,7 nominations total,2026-08-21,false,,,30,90,59,34,0,You've loved 1 title with Tim Heidecker before.
show:259453,Suits LA,2025,show,Watchlist,248982,tt29485142,259453,,,,,,,false,2026-07-28T19:26:36.000Z,,Drama,"Ted Black, a former federal prosecutor from New York, has reinvented himself representing the most powerful clients in Los Angeles. But his firm is at a crisis point, and in order to survive, he must embrace a role he held in contempt his entire career.","los angeles, california; spin off; legal drama",en,6.795,61,10.0999,205272; 90872; 9865; 10020; 10050; 10213; 10257; 37780; 10323; 10365; 10388; 37702; 10431; 10639; 10641; 10758; 10951; 10953; 10955; 11259,80006; 1423; 239826; 205272; 116799; 732; 85853; 37680; 400; 81922; 203744; 86430; 32632; 2595; 1365; 67119; 256711; 67384; 201992; 107365,Ray Donovan; Ballard; The Lincoln Lawyer; Perry Mason; Suits,Stephen Amell; Lex Scott Davis; Josh McDermitt; Bryan Greenberg,2025-02-23,,Aaron Korsh,,Canceled,1,13,2026-08-21,,48,5.8,6415,0,0,0,0,0,0,N/A,2026-08-21,false,,,44,85,40,48,0,"Similar to The Lincoln Lawyer and Goliath, which you loved."
movie:1244999,Stans,2025,movie,Watchlist,1008206,tt31313835,1244999,,,,,,,false,2026-08-21T15:28:53.000Z,,Documentary; Music,"A revealing, edgy, and disarmingly personal journey into the world of superfandom, told through the lens of one of the world's most iconic and enduring artists, Eminem, and the fans that worship him.",rap music; fandom; music documentary; viral; rap documentary; famous song,en,7.1,63,1.2344,1566618; 445065; 626304; 1388805; 1195310; 626361; 263593; 1229464; 1604134; 1604220; 1426672; 1052973; 1229421; 1604012; 48018; 1055378; 54518; 1063307; 1063313; 303849,1022256; 664416; 1098164; 574638; 1482168; 84342; 543836; 962192; 21525; 797309; 412924; 957457; 493106; 654754; 1477565; 696396; 625561; 601169; 26723; 1517772,,Eminem; Carson Daly; Ed Sheeran; Dr. Dre; LL Cool J,2025-08-06,102,Steven Leckart,,,,,2026-08-21,90,,7.5,1029,0,0,0,0,0,0,N/A,2026-08-21,false,,,43,85,40,90,0,Fits your taste for Documentary / Music.
movie:541671,Ballerina,2025,movie,Watchlist,392717,tt7181546,541671,,,,,,,false,2026-08-21T15:29:02.000Z,,Action; Thriller; Crime,"Taking place during the events of John Wick: Chapter 3 – Parabellum, Eve Macarro begins her training in the assassin traditions of the Ruska Roma.",assassin; tattoo; grenade; austria; training; female protagonist; female assassin; spin off; flamethrower; burning; hunted; burning building; ballerina; gun fight; vengeance,en,7.271,2897,19.6666,4954; 446101; 4349; 4909; 3432; 1396734; 13637; 13486; 13184; 8643; 1569357; 8838; 449992; 11220; 451518; 16225; 456611; 1205861; 15982; 27578,50456; 324552; 539885; 62835; 578701; 24; 11412; 617502; 574060; 393; 552688; 645788; 484641; 339692; 278924; 534490; 22832; 597891; 4959; 12106,The Expendables; John Wick: Chapter 2,Ana de Armas; Keanu Reeves; Ian McShane; Anjelica Huston; Gabriel Byrne,2025-06-04,125,Len Wiseman,,,,,2026-08-21,,59,6.8,148470,0,0,0,0,1,21,1 win & 21 nominations total,2026-08-21,false,,,46,95,77,59,23,You've loved 1 title with Ian McShane before.
show:61244,Happy Valley,2014,show,Watchlist,60750,tt3428912,61244,,,,,,,false,2026-08-21T15:29:38.000Z,,Crime; Drama; Mystery,"Happy Valley is a dark, funny, multi-layered thriller revolving around the personal and professional life of Catherine, a dedicated, experienced, hard-working copper. She is also a bereaved mother who looks after her orphaned grandchild.",rape; police; yorkshire; revenge; rural area; death of daughter; police sergeant; crime investigation; thoughtful; suspenseful; excited,en,7.94,409,11.2318,208878; 95341; 2997; 241372; 208923; 208931; 277439; 241259; 95269; 127751; 306189; 95210; 306293; 306352; 305830; 2651; 241384; 2973; 62620; 62688,247518; 46638; 70384; 46316; 201408; 2428; 2734; 2171; 98161; 218342; 60585; 253391; 6322; 115004; 66023; 2583; 61457; 1450; 100010; 91746,Shantaram; 56 Days; Sunset Song; Cape Fear; Baby Reindeer,Sarah Lancashire; Siobhan Finneran; James Norton; Rhys Connah; Charlie Murphy,2014-04-29,59,Sally Wainwright,,Ended,3,18,2026-08-21,,87,8.5,72590,0,0,0,0,36,35,Won 6 BAFTA 36 wins & 35 nominations total,2026-08-21,false,,,60,90,58,87,100,"Similar to Bosch, which you loved."
show:43982,Line of Duty,2012,show,Watchlist,43740,tt2303687,43982,,,,,,,false,2026-08-21T15:29:46.000Z,,Crime; Drama; Mystery,"A drama about the investigations of AC-12, a controversial police anticorruption unit.",police; dirty cop; internal affairs; police corruption; procedural; anti-corruption; police procedural,en,8.204,492,22.9839,92154; 92137; 274479; 862; 934; 1024; 1059; 994; 1180; 1259; 1095; 92599; 238581; 124995; 124888; 1337; 1338; 60129; 1405; 1411,1486; 64433; 62620; 1450; 79618; 40675; 202296; 46648; 228026; 1908; 137127; 1414; 106158; 4040; 125949; 213306; 87773; 153657; 75797; 58841,ZeroZeroZero; Lynley; In the Heat of the Night; Inspector Rex; Ashes to Ashes,Martin Compston; Vicky McClure; Adrian Dunbar; Gregory Piper; Nigel Boyle,2012-06-26,60,Jed Mercurio,,Returning Series,7,42,2026-08-21,,86,8.7,78115,0,0,0,0,21,61,Nominated for 13 BAFTA 21 wins & 61 nominations total,2026-08-21,false,,,89,90,60,86,100,"Similar to Dexter and True Detective, which you loved."
show:245256,Say Nothing,2024,show,Watchlist,222933,tt31122777,245256,,,,,,,false,2026-08-21T15:29:55.000Z,,Drama; Crime,"Through the eyes of various Irish Republican Army (IRA) members, explore the extremes some people will go to in the name of their beliefs, the way a deeply divided society can suddenly tip over into armed conflict, the long shadow of radical violence for both victims and perpetrators, and the emotional and psychological costs of a code of silence.","based on novel or book; grave; civil rights; northern ireland; miniseries; conflict; ira (irish republican army); the troubles (north ireland, 1966-98); irish history",en,7.445,110,8.3179,61428; 61498; 61511; 208071; 2215; 305250; 208146; 305253; 240085; 240144; 240150; 240166; 94143; 276355; 276357; 94277; 94285; 94292; 61380; 61393,248416; 2850; 218344; 278178; 49010; 108181; 158083; 39852; 241372; 220801; 67384; 10370; 138108; 100414; 155533; 138624; 280511; 126167; 40675; 65153,Cilla; The Great Fire; Father Brown; The Althea Tapes; Monarch of the Glen,Lola Petticrew; Maxine Peake; Hazel Doupe; Anthony Boyle; Tom Vaughan-Lawlor,2024-11-14,,Joshua Zetumer,,Ended,1,9,2026-08-21,,80,8.2,15249,0,0,0,1,4,22,Nominated for 1 Primetime Emmy. 4 wins & 22 nominations total,2026-08-21,false,,,52,85,46,80,38,"Similar to Goliath, which you loved."
show:139099,The Consultant,2023,show,Watchlist,191307,tt16152716,139099,,,,,,,false,2026-07-28T19:26:36.000Z,,Comedy; Drama,"After an unspeakable tragedy at CompWare, a games studio based in downtown Los Angeles, a mysterious consultant, Regus Patoff, blows into town and takes charge.",based on novel or book; business consultant; dark comedy; video game development; mobile game,en,6.824,247,8.9827,895; 896; 28913; 1024; 274260; 29063; 206013; 206014; 206118; 91586; 28672; 273866; 273941; 274047; 124067; 124079; 303572; 909; 918; 799,78950; 71199; 203614; 115626; 241554; 126914; 64199; 94951; 81358; 218347; 209727; 96734; 70964; 246992; 206925; 227139; 39702; 233079; 62704; 39525,Murder Most Horrid; Romance in the Alley; The Jazz Age; Winning Time: The Rise of the Lakers Dynasty; Sherlock Holmes,Christoph Waltz; Nat Wolff; Brittany O'Grady; Aimee Carrero,2023-02-23,,Tony Basgallop,,Canceled,1,8,2026-08-21,,65,6.5,17913,0,0,0,0,0,0,1 nomination total,2026-08-21,false,,,34,90,53,65,0,Fits your taste for Comedy / Drama.
show:80307,Bodyguard,2018,show,Watchlist,133330,tt7493974,80307,,,,,,,false,2026-08-21T15:30:03.000Z,,Crime; Drama; War & Politics; Mystery,A troubled war veteran is assigned to protect a controversial politician who may be the target of a terror plot.,assassination; middle east; detective; bodyguard; politics; politician; army; police; conspiracy; terrorism; family; female politician; security; veteran; traumatized,en,7.773,1200,9.1943,61473; 61459; 61465; 61511; 61517; 2171; 2222; 2204; 2288; 2332; 2338; 2301; 2303; 94083; 240151; 276389; 94277; 61312; 61335; 2142,1407; 222766; 66857; 1973; 129552; 61859; 66789; 91962; 72748; 71146; 60972; 220801; 34639; 155533; 287450; 156819; 225385; 93166; 262352; 256317,Parasyte -the maxim-; Father Brown; Cold Case; Brotherhood; Prison Break,Richard Madden; Keeley Hawes; Sophie Rundle; Gina McKee; Pippa Haywood,2018-08-26,60,Jed Mercurio,,Ended,1,6,2026-08-21,,79,8,163511,0,0,0,2,17,30,Nominated for 2 Primetime Emmys. 17 wins & 30 nominations total,2026-08-21,false,,,70,95,69,79,80,You've loved 1 title with Sophie Rundle before.
show:73375,Tom Clancy's Jack Ryan,2018,show,Watchlist,124381,tt5057054,73375,,,,,,,false,2026-08-21T15:30:46.000Z,,Action & Adventure; Drama,"When CIA analyst Jack Ryan stumbles upon a suspicious series of bank transfers his search for answers pulls him from the safety of his desk job and catapults him into a deadly game of cat and mouse throughout Europe and the Middle East, with a rising terrorist figurehead preparing for a massive attack against the US and her allies.",central intelligence agency (cia); based on novel or book; intelligence; espionage; jack ryan; national security; ex military; analyst; counterterrorism; government agency; intelligence service; cia analyst,en,7.682,1861,50.1567,2919; 208883; 277387; 2928; 95341; 95344; 241372; 208921; 208923; 277439; 241275; 241290; 95279; 127651; 127865; 127875; 306201; 95205; 62458; 240975,111800; 71146; 210916; 1407; 114922; 4297; 262793; 129552; 1411; 61703; 61859; 66282; 81946; 208713; 113962; 2046; 289560; 95480; 207334; 246412,Burn Notice; The Investigator; Ramona; Shantaram; When One Day I Will Sleep,John Krasinski; Wendell Pierce; Abbie Cornish; Okieriete Onaodowan; Louis Ozawa,2018-08-30,,Graham Roland,,Ended,4,30,2026-08-21,,,8,190829,0,0,0,3,2,32,Nominated for 3 Primetime Emmys. 2 wins & 32 nominations total,2026-08-21,false,,,59,95,73,,60,You've loved 1 title with John Krasinski before.
show:63646,Counterpart,2017,show,Watchlist,102692,tt4643084,63646,,,,,,,false,2026-08-21T15:30:55.000Z,,Sci-Fi & Fantasy; Drama,Howard Silk is a lowly cog in a bureaucratic UN agency who is turning the last corner of a life filled with regret when he discovers the agency he works for is guarding a secret: a crossing to a parallel dimension.,spy; united nations; parallel world,en,7.462,452,12.2945,2999; 2660; 62681; 95480; 3142; 128163; 3414; 165; 91016; 167; 28315; 210; 91725; 123873; 29043; 124605; 124763; 59643; 92472; 92685,85273; 76479; 114922; 1403; 111894; 67683; 323411; 128839; 1705; 156988; 106541; 127235; 90228; 4046; 1593; 62858; 219080; 79340; 43020; 129552,Slow Horses; The Invisible Man; The Spy; The Boys; Citadel,J.K. Simmons; Nazanin Boniadi; Harry Lloyd; Olivia Williams; Sara Serraiocco,2017-12-10,56,Justin Marks,,Canceled,2,20,2026-08-21,,76,8,34253,0,0,1,0,2,12,Won 1 Primetime Emmy. 2 wins & 12 nominations total,2026-08-21,false,,,57,90,59,76,36,You've loved 2 titles with J.K. Simmons before.
show:290856,Marshals,2026,show,Watchlist,284855,tt36849871,290856,,,,,,,false,2026-07-28T19:26:36.000Z,,Drama; Crime; Action & Adventure,"With the Yellowstone Ranch behind him, Kayce Dutton joins an elite unit of U.S. Marshals, combining his skills as a cowboy and Navy SEAL to bring range justice to Montana, where he and his teammates must balance family, duty and the high psychological cost that comes with serving as the last line of defense in the region's war on violence.",montana; u.s. marshal; spin off; cowboy; police procedural; based on tv series,en,7.94,350,43.3646,934; 1018; 1024; 1057; 994; 206402; 1028; 1131; 238581; 206586; 125024; 206689; 1394; 1405; 275188; 238889; 60059; 92830; 92852; 1447,7235; 99121; 13837; 758; 10083; 5608; 2966; 1059; 600; 254071; 1018; 9855; 3876; 120317; 61565; 6127; 1532; 4003; 62829; 2303,Bonanza; Inspector Rex; Kamen Rider Jeanne & Kamen Rider Aguilera with Girls Remix; Holby City; Dexter,Luke Grimes; Logan Marshall-Green; Arielle Kebbel; Ash Santos; Tatanka Means,2026-03-01,,Spencer Hudnut,,Returning Series,2,14,2026-08-21,,57,6,7830,0,0,0,0,0,0,N/A,2026-08-21,false,,,67,90,57,57,0,You've loved 1 title with Luke Grimes before.
show:66025,Animal Kingdom,2016,show,Candidate,,tt5574490,66025,,,,,,,false,,6,Crime; Drama,"17-year-old Joshua ""J"" Cody moves in with his freewheeling relatives in their Southern California beach town after his mother dies of a heroin overdose. Headed by boot-tough matriarch Janine ""Smurf"" Cody and her right-hand Baz, who runs the business and calls the shots, the clan also consists of Pope, the oldest and most dangerous of the Cody boys; Craig, the tough and fearless middle son; and Deran, the troubled, suspicious ""baby"" of the family.",outlaw; dysfunctional family; crime family; southern california; female gangleader,en,7.776,562,44.7863,61437; 126441; 62073; 61985; 61986; 94997; 62172; 62456; 1396; 1398; 1406; 1409; 1423; 1436; 1437; 1799; 60626; 1638; 60574; 1814,1409; 76231; 194764; 71715; 239826; 137893; 112693; 287238; 64199; 85385; 247718; 277439; 71694; 1423; 66676; 87773; 1398; 286709; 79086; 45094,Bloodline; Breaking Bad; The Sopranos; Deadwood; Sons of Anarchy,Finn Cole; Shawn Hatosy; Ben Robson; Jake Weary; Leila George,2016-06-14,50,Jonathan Lisco,,Ended,6,75,2026-08-21,,65,8.2,53331,0,0,0,0,1,4,1 win & 4 nominations total,2026-08-21,false,,,76,90,61,65,6,"Similar to Breaking Bad and The Sopranos, which you loved."
show:2562,How the West Was Won,1977,show,Candidate,,tt0077027,2562,,,,,,,false,,4,Western; Drama,"The Macahans, a family from Virginia headed by Zeb Macahan, travel across the country to pioneer a new land and a new home in the American West.",,en,7,34,10.3621,,240993; 118357; 1401; 43901; 73586; 138971; 1406; 157744; 89498; 122235; 41692; 201877; 365; 215866; 99346; 66025; 1436; 299167; 73467; 243396,Ransom Canyon; 1883; Hell on Wheels; Longmire; Yellowstone,James Arness; Fionnula Flanagan; Bruce Boxleitner; Kathryn Holcomb; William Kirby Cullen,1977-02-06,60,,,Ended,3,28,2026-08-21,,,8.2,2847,0,0,2,0,6,3,Won 2 Primetime Emmys. 6 wins & 3 nominations total,2026-08-21,false,,,72,65,34,,55,"Similar to 1883 and Yellowstone, which you loved."
show:138971,Billy the Kid,2022,show,Candidate,,tt14586544,138971,,,,,,,false,,4,Western; Drama,"An epic romantic adventure series based on the life of famous American outlaw Billy the Kid — from his humble Irish roots, to his early days as a cowboy and gunslinger in the American frontier, to his pivotal role in the Lincoln County War and beyond.",gunslinger; card game; new mexico; fast draw; cattle rustling; outlaw gang; american frontier,en,7.687,166,13.6527,1436; 60059; 1401; 61112; 4624; 128904; 66737; 132352; 132360; 132364; 309263; 6770; 7235; 7861; 284880; 8009; 216879; 73467; 43397; 225171,1401; 201304; 1406; 2562; 73467; 240993; 66025; 41692; 1436; 89498; 243396; 118357; 43901; 215866; 73586; 1409; 299167; 201877; 122235; 157744,Justified; Better Call Saul; Hell on Wheels; Dark Winds; Godless,Tom Blyth; Daniel Webber; Alex Roe,2022-04-24,51,Michael Hirst,,Ended,3,24,2026-08-21,,60,7.3,9796,0,0,0,0,2,14,2 wins & 14 nominations total,2026-08-21,false,,,72,85,50,60,18,"Similar to Justified and Better Call Saul, which you loved."
show:43901,Longmire,2012,show,Candidate,,tt1836037,43901,,,,,,,false,,4,Western; Crime; Drama,A Wyoming sheriff rebuilds his life and career following the death of his wife. Based on the “Walt Longmire” series of mystery novels written by best-selling author Craig Johnson.,"wyoming, usa; small town; small town sheriff; tuff, russia",en,7.695,333,24.7883,124601; 894; 274505; 1255; 92901; 29497; 1427; 275388; 304775; 1757; 1716; 1638; 1920; 93826; 1950; 61405; 2147; 2233; 2327; 205464,122235; 89498; 1406; 2562; 215866; 157744; 240993; 73586; 1436; 253391; 201877; 138971; 73467; 365; 273247; 66025; 70384; 118357; 99346; 60708,Joe Pickett; Deputy; Deadwood; How the West Was Won; American Primeval,Robert Taylor; Katee Sackhoff; Lou Diamond Phillips; Cassidy Freeman; Adam Bartley,2012-06-03,,John Coveny,,Ended,6,63,2026-08-21,,68,8.3,43344,0,0,0,0,7,9,7 wins & 9 nominations total,2026-08-21,false,,,79,90,56,68,23,You've loved 1 title with Katee Sackhoff before.
show:1915,The Larry Sanders Show,1992,show,Candidate,,tt0103466,1915,,,,,,,false,,4,Comedy,"Comic Garry Shandling draws upon his own talk show experiences to create the character of Larry Sanders, a paranoid, insecure host of a late night talk show. Larry, along with his obsequious TV sidekick Hank Kingsley and his fiercely protective producer Artie, allows Garry Shandling and his talented writers to look behind the scenes and to show us a convincing slice of behind the camera life.",celebrity interview,en,7.69,92,22.7502,61992; 275145; 1503; 2951; 92530; 1220; 4419; 4385; 67212; 281659; 131659; 282218; 101990; 311455; 283387; 251911; 110526; 72649; 9586; 10636,33922; 713; 1229; 90877; 1551; 76345; 10420; 1459; 1795; 61880; 203614; 112211; 4415; 4546; 5580; 849; 610; 46653; 40520; 380,"The Graham Norton Show; Portlandia; Chappelle's Show; Tim and Eric Awesome Show, Great Job!; A Black Lady Sketch Show",Garry Shandling; Jeffrey Tambor; Wallace Langham; Rip Torn; Penny Johnson Jerald,1992-08-15,30,Garry Shandling,,Ended,6,90,2026-08-21,,95,8.5,9570,0,0,3,0,47,147,Won 3 Primetime Emmys. 47 wins & 147 nominations total,2026-08-21,false,,,77,85,44,95,100,You've loved 1 title with Jeffrey Tambor before.
show:1401,Hell on Wheels,2011,show,Candidate,,tt1699748,1401,,,,,,,false,,3,Action & Adventure; Drama; Western,"The epic story of post-Civil War America, focusing on Cullen Bohannon, a Confederate soldier who sets out to exact revenge on the Union soldiers who killed his wife. His journey takes him west to Hell on Wheels, a dangerous, raucous, lawless melting pot of a town that travels with and services the construction of the first transcontinental railroad, an engineering feat unprecedented for its time.",gunslinger; brothel; frontier; train; brutality; period drama; historical; railroad; wild west; civil war veteran; historical drama; 19th century; freed slave; reconstruction era; revisionist western,en,7.6,476,22.0594,243068; 243076; 35379; 35394; 7647; 35435; 35448; 35275; 35276; 35278; 35261; 64669; 64730; 211908; 7586; 7597; 35425; 35464; 64775; 64811,138971; 118357; 2562; 1406; 240993; 41692; 73467; 157744; 62732; 47665; 73544; 20056; 204999; 215866; 99346; 89498; 243396; 201877; 5742; 87523,Go East; First Among Equals; The Manions of America; Le Grand Charles; 37 Days,Anson Mount; Colm Meaney; Robin McLeavy; Christopher Heyerdahl; Phil Burke,2011-11-06,,Tony Gayton,,Ended,5,57,2026-08-21,,64,8.3,59147,0,0,0,1,20,36,Nominated for 1 Primetime Emmy. 20 wins & 36 nominations total,2026-08-21,false,,,69,90,60,64,84,"Similar to 1883 and Deadwood, which you loved."
show:122235,Joe Pickett,2021,show,Candidate,,tt14271652,122235,,,,,,,false,,3,Drama; Western,"A game warden and his family navigate the changing political and socio-economic climate in a small rural town in Wyoming on the verge of economic collapse. Surrounded by rich history and vast wildlife, the township hides decades of schemes and secrets that are yet to be uncovered.",sheriff; based on novel or book; small town; gun; horse; game warden; criminal; neo-western; wildlife crime; crime,en,6.974,98,9.1162,208883; 95341; 95344; 241372; 241191; 208921; 208923; 277439; 241275; 241290; 95279; 127651; 127865; 127875; 306201; 62458; 240975; 241065; 305817; 305820,43901; 89498; 240993; 73586; 1406; 157744; 2562; 1436; 73467; 253391; 124364; 41692; 215866; 118357; 138971; 91746; 201877; 53425; 128904; 157732,The Investigator; Shantaram; When One Day I Will Sleep; 56 Days; Rivals,Michael Dorman; Julianna Guill; Skywalker Hughes; Vivienne Guynn; Mustafa Speaks,2021-12-06,,John Erick Dowdle,,Canceled,2,20,2026-08-21,,80,7.6,12507,0,0,0,0,1,1,1 win & 1 nomination total,2026-08-21,false,,,79,85,45,80,3,You've loved 1 title from creator John Erick Dowdle before.
show:76231,Mayans M.C.,2018,show,Candidate,,tt5715524,76231,,,,,,,false,,3,Crime; Drama,"Set in the aftermath of Jax Teller’s death, Ezekiel ""EZ"" Reyes is fresh out of prison and a prospect in the Mayans M.C. charter on the Cali/Mexi border. Now, EZ must carve out his new identity in a town where he was once the golden boy with the American Dream in his grasp.",organized crime; motorcycle gang; spin off,en,8,839,26.7345,92150; 92137; 934; 1057; 124727; 206402; 1028; 274955; 1095; 206586; 125024; 1398; 1409; 238843; 275188; 60059; 1438; 125506; 206916; 29746,1409; 66025; 194764; 75666; 97890; 54650; 119845; 106158; 68018; 286709; 255570; 201992; 64836; 101591; 79086; 66789; 66310; 153657; 66676; 75797,ZeroZeroZero; Kamen Rider Jeanne & Kamen Rider Aguilera with Girls Remix; Holby City; Ghost in the Shell: Stand Alone Complex; The Sopranos,J. D. Pardo; Clayton Cardenas; Edward James Olmos; Sarah Bolger; Michael Irby,2018-09-04,,Kurt Sutter,,Ended,5,50,2026-08-21,,,7.5,27282,0,0,0,0,3,24,3 wins & 24 nominations total,2026-08-21,false,,,90,90,65,,30,You've loved 1 title from creator Kurt Sutter before.
show:128904,Dark Winds,2022,show,Candidate,,tt15017118,128904,,,,,,,false,,3,Drama; Crime; Mystery,"This psychological thriller follows two Navajo police officers, Leaphorn and Chee, in the 1970s Southwest as their search for clues in a grisly double murder case forces them to challenge their own spiritual beliefs and come to terms with the trauma of their pasts.",detective; based on novel or book; 1970s; new mexico; indigenous; investigation; navajo; shaman; witchcraft; native american reservation; fbi agent; gritty; sinister; indigenous customs; assertive,en,7.483,205,38.1738,124540; 124546; 92154; 124583; 124585; 124586; 124587; 124595; 274479; 124814; 238380; 799; 873; 896; 918; 926; 1023; 1024; 1057; 28913,137127; 85853; 100010; 1396; 128095; 7263; 247518; 60059; 80968; 70384; 70453; 39852; 213306; 53425; 113959; 71769; 220801; 203744; 287238; 84661,The Imperial Coroner; Lynley; Sherlock Holmes; Columbo; Perry Mason,Zahn McClarnon; Kiowa Gordon; Jessica Matten; Deanna Allison; Isabel DeRoy-Olson,2022-06-12,,Graham Roland,,Returning Series,5,36,2026-08-21,,82,7.7,30016,0,0,0,0,7,14,7 wins & 14 nominations total,2026-08-21,false,,,73,90,52,82,28,"Similar to Breaking Bad and Better Call Saul, which you loved."
show:92621,Brassic,2019,show,Candidate,,tt9174582,92621,,,,,,,false,,3,Comedy; Drama; Crime,"A group of working-class friends finding unconventional ways to win at life in suburban northern England. These lads have dealt, scammed, bribed and conned their way through adolescence, but now, their dealing and stealing is catching up with them and a whole load of trouble is heading their way.",friends; dark comedy; working class; lancashire; grand,en,8.4,248,15.8843,241257; 2996; 31243; 62620; 95559; 63038; 128240; 241506; 31548; 209217; 3333; 3234; 90970; 123496; 186; 58208; 89; 202; 205; 63,136044; 61922; 1906; 67697; 236235; 71199; 81358; 74577; 3764; 218347; 216795; 64199; 62620; 900; 62117; 39525; 78950; 126914; 73552; 81357,Bodkin; The Office; Ramzor; No Offence; Made For Love,Joseph Gilgun; Michelle Keegan; Steve Evets; Tom Hanson; Aaron Heffernan,2019-08-22,43,Daniel Brocklehurst,,Ended,7,49,2026-08-21,,80,8.4,18092,0,0,0,0,3,18,Nominated for 5 BAFTA 3 wins & 18 nominations total,2026-08-21,false,,,70,90,54,80,24,"Similar to Weeds, which you loved."
show:89498,Deputy,2020,show,Candidate,,tt8873996,89498,,,,,,,false,,3,Western; Drama; Crime,"When the Los Angeles County’s Sheriff dies, an arcane rule forged back in the Wild West thrusts the most unlikely man into the job: a fifth-generation lawman, more comfortable taking down bad guys than navigating a sea of politics, who won’t rest until justice is served.",,en,6.9,93,6.0392,,43901; 122235; 1406; 2562; 66025; 99346; 138971; 70384; 201877; 240993; 1436; 130578; 287238; 253391; 1401; 73586; 273247; 98657; 73467; 1409,Longmire; Joe Pickett; Deadwood; How the West Was Won; Animal Kingdom,Stephen Dorff; Yara Martinez; Brian Van Holt; Bex Taylor-Klaus; Shane Paul McGhie,2020-01-02,43,Will Beall,,Canceled,1,13,2026-08-21,,51,6.5,6199,0,0,0,0,0,0,N/A,2026-08-21,false,,,67,85,44,51,0,"Similar to Deadwood and Justified, which you loved."
show:5742,Return to Lonesome Dove,1993,show,Candidate,,tt0106112,5742,,,,,,,false,,2,Drama; Western,"After returning the body of Gus McCrae to Lonesome Dove, Woodrow Call takes on the challenge of driving a herd of wild mustangs 2500 miles north to the Hat Creek Ranch in Montana. But tragedy, triumph, despair and deceit will greet him before he ever gets there.",montana; based on novel or book; mexican standoff; texas ranger; sequel; miniseries; severed head; 19th century,en,7,30,4.2012,980; 124518; 124540; 124546; 92154; 124578; 124583; 124585; 124586; 124587; 124595; 124800; 238380; 799; 814; 886; 887; 896; 913; 918,240993; 41692; 118357; 157744; 62732; 73586; 73467; 1401; 2562; 157732; 122235; 215866; 99346; 204999; 100010; 138971; 1406; 201877; 89498; 243396,Trackdown; More than Blue: The Series; The Imperial Coroner; Love & Death; Sherlock Holmes,Jon Voight; Barbara Hershey; Rick Schroder; William L. Petersen; Oliver Reed,1993-11-14,85,,,Ended,1,4,2026-08-21,,,7.2,3143,0,0,0,1,3,3,Nominated for 1 Primetime Emmy. 3 wins & 3 nominations total,2026-08-21,false,,,71,65,33,,17,"Similar to 1883 and Yellowstone, which you loved."
show:243396,Territory,2024,show,Candidate,,tt28703559,243396,,,,,,,false,,2,Western; Drama; Action & Adventure,"When the world's largest cattle station is left without a clear heir, rival factions descend as a fierce generational struggle upends the land's future.",cattle ranch; australian outback; succession,en,6.863,73,11.728,275188; 93297; 2717; 66090; 99940; 12864; 156716; 286982; 73586; 76331; 79243; 157744; 158439; 299167; 120909; 205242; 208935; 59124; 243277; 245009,73586; 299167; 204999; 240993; 41692; 138971; 157744; 2562; 118357; 1401; 215866; 365; 90795; 89498; 219760; 240459; 122226; 1406; 73544; 20056,Yellowstone; Succession; 1923; Dutton Ranch; The Tourist,Anna Torv; Robert Taylor; Michael Dorman; Sam Corlett; Philippa Northeast,2024-10-24,,Timothy Lee,,Canceled,1,6,2026-08-21,,71,6.8,7092,0,0,0,0,0,0,10 nominations total,2026-08-21,false,,,73,85,42,71,0,You've loved 1 title with Anna Torv before.
show:204999,Faraway Downs,2023,show,Candidate,,tt21158320,204999,,,,,,,false,,2,Action & Adventure; Drama; Western,"The story of an English aristocrat, Lady Sarah Ashley, who inherits a large cattle ranch in Australia after her husband dies. When Australian cattle barons plot to take her land, she joins forces with a cattle drover to protect her ranch.",world war ii; ranch; australia; cattle drive; romance; miniseries,en,6.9,69,6.6546,2908; 277369; 277387; 277404; 277406; 95344; 95346; 241388; 208906; 208913; 208923; 208931; 277414; 277415; 241348; 241361; 241363; 277486; 127652; 127668,243396; 240993; 41692; 1401; 118357; 73586; 20056; 299167; 2562; 62732; 222766; 157744; 90795; 67178; 73544; 5742; 2321; 138971; 262280; 227318,The Moon on a Rainy Night; Ramona; The Dangerous Affair; Obsessed; When One Day I Will Sleep,Nicole Kidman; Hugh Jackman; David Wenham; Bryan Brown; Jack Thompson,2023-11-26,,,,Ended,1,6,2026-08-21,,48,7,3900,0,0,0,0,0,0,N/A,2026-08-21,false,,,70,70,41,48,0,You've loved 1 title with Nicole Kidman before.
show:3137,Babylon 5,1994,show,Candidate,,tt0105946,3137,,,,,,,false,,2,Drama; Sci-Fi & Fantasy; Action & Adventure,"Babylon 5 is a five-mile long space station located in neutral space. Built by the Earth Alliance in the 2250s, its goal is to maintain peace among the various alien races by providing a sanctuary where grievances and negotiations can be worked out among duly appointed ambassadors. A council made up of representatives from the five major space-faring civilizations - the Earth Alliance, Minbari Federation, Centauri Republic, Narn Regime, and Vorlon Empire - work with the League of Non-Aligned Worlds to keep interstellar relations under control. Aside from its diplomatic function, Babylon 5 also serves as a military post for Earth and a port of call for travelers, traders, businessmen, criminals, and Rangers.",prophecy; space colony; transformation; time travel; space station; space opera; future war; alien civilization; mental telepathy; dramatic; critical; advanced ancient civilization,en,8.033,609,46.7931,814; 958; 1042; 1026; 206476; 206344; 274735; 59610; 1180; 1225; 1274; 29405; 1144; 92685; 92647; 238557; 206586; 59804; 60013; 1375,580; 2290; 2840; 2120; 1855; 1473; 1437; 501; 83867; 2985; 121; 3534; 63647; 314; 253; 4194; 2443; 4271; 114461; 75758,Hornblower; Revolutionary Girl Utena; Amazing Stories; Ashes to Ashes; Flash Gordon,Bruce Boxleitner; Jerry Doyle; Mira Furlan; Richard Biggs; Andreas Katsulas,1994-01-26,45,J. Michael Straczynski,,Ended,5,110,2026-08-21,,55,8.4,36671,0,0,2,0,18,26,Won 2 Primetime Emmys. 18 wins & 26 nominations total,2026-08-21,false,,,72,90,62,55,100,"Similar to Six Feet Under and Star Wars: Andor, which you loved."
show:116450,And Just Like That…,2021,show,Candidate,,tt13819960,116450,,,,,,,false,,2,Comedy; Drama,"This new chapter of “Sex and the City” follows Carrie, Miranda and Charlotte as they navigate the journey from the complicated reality of life and friendship in their 30s to the even more complicated reality of life and friendship in their 50s.",new york city,en,7.241,549,20.7281,277445; 95170; 62810; 62852; 62999; 3253; 3357; 138; 33; 105; 194; 65; 336; 512; 524; 28373; 28375; 28415; 500; 503,105; 126914; 62117; 211; 210805; 62704; 70796; 64254; 41875; 260458; 61637; 71199; 42282; 69630; 243861; 96734; 67280; 136745; 85727; 73925,Power: Origins; Billions; Barney Miller; What I Like About You; Sex and the City,Sarah Jessica Parker; Cynthia Nixon; Kristin Davis; Mario Cantone; Sarita Choudhury,2021-12-09,,Darren Star,,Ended,3,33,2026-08-21,,57,5.6,47681,0,0,0,0,3,6,3 wins & 6 nominations total,2026-08-21,false,,,72,90,61,57,12,"Similar to Billions and The Marvelous Mrs. Maisel, which you loved."
show:211,The Game,2006,show,Candidate,,tt0772137,211,,,,,,,false,,2,Drama; Comedy,"When her boyfriend Derwin Davis is chosen as the new third-string wide receiver for the San Diego Sabers, Melanie Barnett decides to attend a local college so she can be with him. While Derwin worries about the plays on the field, Melanie adjusts to her new lifestyle. She gets a play-by-play account of the lives and relationships among NFL wives, girlfriends and mom/managers who use their best game to help their men stay on the field and on their arm.",american football,en,7.6,42,15.1772,62704; 62725; 31497; 273408; 390; 274395; 4278; 65436; 131141; 31736; 31941; 35348; 104626; 9812; 9885; 138233; 289719; 41163; 10021; 217863,62704; 116450; 126914; 85727; 243861; 73925; 96734; 197373; 210805; 158756; 63314; 5721; 42032; 226285; 41875; 246992; 61637; 67384; 90399; 247168,Ballers; The League; Friday Night Lights; American Sports Story: Aaron Hernandez; And Just Like That…,Coby Bell; Brittany Daniel; Wendy Raquel Robinson; Hosea Chanchez; Lauren London,2006-10-01,30,Mara Brock Akil,,Ended,9,146,2026-08-21,,31,6.9,5120,0,0,0,0,5,25,5 wins & 25 nominations total,2026-08-21,false,,,64,80,36,31,35,"Similar to Friday Night Lights and Goliath, which you loved."
show:90399,Ambitions,2019,show,Candidate,,tt9319680,90399,,,,,,,false,,2,Drama,"A multigenerational family saga centered around one woman who, having recently relocated and intent on revitalizing her marriage, finds herself going head to head with some of the most powerful and deceitful players in the city.",absurd; farcical,en,7.3,33,15.5329,1407; 1447; 239385; 60622; 126167; 95480; 208942; 277439; 241257; 424; 205715; 1042; 124394; 124897; 32962; 4621; 130567; 132750; 99610; 212762,100575; 107365; 71715; 259702; 116761; 262848; 51537; 73607; 138455; 61702; 46441; 199001; 64199; 130842; 67384; 81747; 62251; 194741; 119845; 130464,Homeland; Psych; Fargo; Slow Horses; Cape Fear,Brian J. White; Essence Atkins; Robin Givens,2019-06-18,60,,,Canceled,1,18,2026-08-21,,,5.8,846,0,0,0,0,0,0,N/A,2026-08-21,false,,,71,65,34,,0,"Similar to Homeland and Fargo, which you loved."
show:100883,Never Have I Ever,2020,show,Candidate,,tt10062292,100883,,,,,,,false,,2,Comedy; Drama,"After a traumatic year, all an Indian-American teen wants is to go from pariah to popular -- but friends, family and feeling won't make it easy on her.",friendship; high school; romance; coming of age; teen comedy; lgbt; feelgood; teenager; hilarious,en,8,1931,25.3628,2902; 208883; 277369; 277404; 277406; 95344; 95346; 241373; 208906; 208913; 208931; 277414; 277415; 241259; 241348; 241361; 2996; 277485; 277486; 95286,5721; 76747; 900; 81356; 135959; 42282; 97186; 67697; 133342; 199001; 74577; 74204; 7317; 85702; 260458; 216795; 4556; 105; 126914; 138089,The Investigator; The Moon on a Rainy Night; The Dangerous Affair; Obsessed; When One Day I Will Sleep,Maitreyi Ramakrishnan; Darren Barnet; Poorna Jagannathan; Jaren Lewison; Lee Rodriguez,2020-04-27,,Mindy Kaling,,Ended,4,40,2026-08-21,,81,7.8,90610,0,0,0,0,8,17,8 wins & 17 nominations total,2026-08-21,false,,,78,95,73,81,33,"Similar to Girls and Adults, which you loved."
show:222405,The Tattooist of Auschwitz,2024,show,Candidate,,tt9022422,222405,,,,,,,false,,2,Drama; War & Politics,"The powerful real-life story of Lali Sokolov, a Jewish prisoner who was tasked with tattooing ID numbers on prisoners' arms in the Auschwitz-Birkenau concentration camp during World War II.","based on novel or book; holocaust (shoah); world war ii; kraków, poland; auschwitz-birkenau concentration camp; nazi; miniseries; inspirational",en,7.959,159,7.0491,124518; 124540; 124546; 92154; 124578; 124583; 124585; 124586; 124587; 124595; 124800; 238380; 799; 886; 887; 896; 918; 1018; 1024; 59149,200908; 32675; 4613; 155421; 248416; 46518; 17035; 238339; 93870; 138624; 155533; 39852; 278178; 286801; 76887; 82816; 222766; 69478; 87108; 63333,More than Blue: The Series; The Imperial Coroner; Love & Death; Sherlock Holmes; Space Race,Jonah Hauer-King; Anna Próchniak; Jonas Nay; Melanie Lynskey; Harvey Keitel,2024-05-02,,Heather Morris,,Ended,1,6,2026-08-21,,60,8,13775,0,0,0,2,5,10,Nominated for 2 Primetime Emmys. 5 wins & 10 nominations total,2026-08-21,false,,,69,85,49,60,36,"Similar to Band of Brothers and Chernobyl, which you loved."
show:64199,Sneaky Pete,2015,show,Candidate,,tt5011816,64199,,,,,,,false,,2,Drama; Crime,"A con man on the run from a vicious gangster takes cover from his past by assuming the identity of his prison cellmate, Pete, “reuniting” with Pete’s estranged family, a colorful, dysfunctional group that threatens to drag him into a world just as dangerous as the one he’s trying to escape - and, just maybe, give him a taste of the loving family he’s never had.",heist; con game; deadpan; slow burn,en,7.491,422,21.7967,54557; 241485; 236449; 1437; 275490; 1814; 276144; 94028; 240692; 94659; 308014; 65708; 244207; 96677; 278624; 3929; 99130; 211892; 211796; 281984,278624; 64836; 81358; 287238; 119845; 204490; 100414; 67384; 226174; 4040; 156902; 92926; 116799; 218351; 158083; 138108; 137893; 71715; 1486; 153657,RIPLEY; Lucky; Mr Inbetween; Furious; Power Book IV: Force,Giovanni Ribisi; Marin Ireland; Margo Martindale; Peter Gerety; Shane McRae,2015-08-07,,David Shore,,Canceled,3,30,2026-08-21,,76,8,46933,0,0,0,0,0,0,1 nomination total,2026-08-21,false,,,69,90,59,76,0,"Similar to Goliath and The Lincoln Lawyer, which you loved."
show:153657,Bosch: Legacy,2022,show,Candidate,,tt14168162,153657,,,,,,,false,,2,Crime; Drama,"Bosch is now making a living as a private investigator two years after he quit the LAPD and finds himself working with one time enemy and top-notch attorney Honey “Money” Chandler. Meanwhile, Bosch's daughter Maddie is venturing into the world of the LAPD.",private investigator,en,7.921,273,20.3305,938; 954; 996; 799; 1432; 29574; 29502; 1695; 31205; 33400; 62983; 129475; 5639; 5690; 5983; 6590; 6593; 7208; 35282; 1929,10305; 226174; 119845; 67384; 130578; 29574; 85385; 204490; 156473; 58841; 138108; 4170; 56401; 285807; 10370; 65628; 126167; 116799; 64199; 66310,The Rockford Files; Sherlock Holmes; Matlock; Power Book IV: Force; Goliath,Titus Welliver; Mimi Rogers; Madison Lintz; Stephen A. Chang; Denise G. Sanchez,2022-05-05,,Tom Bernardo,,Ended,3,30,2026-08-21,,74,8.4,38950,0,0,0,0,0,0,4 nominations total,2026-08-21,false,,,77,90,54,74,0,You've loved 1 title with Titus Welliver before.
show:66676,Queen of the South,2016,show,Candidate,,tt1064899,66676,,,,,,,false,,2,Crime; Drama,"Teresa flees Mexico after her drug-runner boyfriend is murdered. Settling in Dallas, she looks to become the country's reigning drug smuggler and to avenge her lover's murder.",drug cartel; drugs; cartel,en,7.609,478,16.8953,2204; 240085; 126723; 94413; 61985; 1396; 1414; 60574; 239615; 126116; 1906; 61014; 61068; 126386; 62687; 95467; 241272; 241278; 63351; 3322,119845; 71715; 63351; 137893; 241372; 80968; 262280; 54650; 194764; 1409; 76231; 95439; 64836; 112693; 255570; 126167; 64199; 66025; 67384; 213306,Brotherhood; Out There; Breaking Bad; The Shield; Peaky Blinders,Alice Braga; Hemky Madera; Peter Gadiot; Jamie Hector; Ryan O'Nan,2016-06-23,42,M.A. Fortin,,Ended,5,62,2026-08-21,,59,8,37671,0,0,0,0,4,19,4 wins & 19 nominations total,2026-08-21,false,,,78,90,60,59,27,You've loved 1 title with Alice Braga before.
show:71715,Good Girls,2018,show,Candidate,,tt6474378,71715,,,,,,,false,,2,Drama; Crime,"Three ""good girl"" suburban wives and mothers suddenly find themselves in desperate circumstances and decide to stop playing it safe and risk everything to take their power back.",money laundering; housewife; female protagonist; cartel,en,7.824,706,35.1621,2184; 126728; 30661; 94359; 127008; 2407; 95111; 1396; 60283; 239137; 275452; 93479; 60866; 30209; 275983; 1981; 2033; 126400; 62688; 95467,64836; 66676; 90399; 226174; 66025; 67384; 10370; 4920; 64199; 137893; 75666; 270734; 287238; 2850; 44856; 125282; 153657; 239826; 119845; 76231,Maude; Breaking Bad; Supergirl; Queen of the South; Ambitions,Christina Hendricks; Retta; Mae Whitman; Reno Wilson; Manny Montana,2018-02-26,42,Jenna Bans,,Canceled,4,50,2026-08-21,,60,7.7,66512,0,0,0,0,1,2,1 win & 2 nominations total,2026-08-21,false,,,69,90,64,60,4,You've loved 1 title with Christina Hendricks before.
show:62620,No Offence,2015,show,Candidate,,tt3922704,62620,,,,,,,false,,2,Mystery; Crime; Drama,"Keeping these streets clean is a Herculean task, enough to demoralize even the keenest rookie – but there’s a reason why this hotchpotch of committed cops are on this force, on this side of town. Drug labs, arsonists, neo-Nazis and notorious murderers are all in a day’s work for this close-knit team, led by the dizzyingly capable but unquestionably unhinged DI Vivienne Deering. But when a particularly twisted serial killer emerges it leaves even the most hardened of these seasoned coppers reeling.",northern england; police; cop; dark comedy; female detective; manchester; police procedural,en,7.466,74,6.9676,92154; 274479; 238419; 862; 895; 934; 1052; 1053; 1023; 1024; 1059; 994; 1180; 1274; 92537; 92621; 1095; 92599; 238581; 124995,1486; 2583; 16343; 96450; 137127; 40675; 1426; 3476; 43982; 132306; 72748; 19885; 213306; 204490; 1450; 246461; 2973; 256317; 46930; 46316,Lynley; Killer Soup; In the Heat of the Night; Murder Most Horrid; Inspector Rex,Joanna Scanlan; Elaine Cassidy; Will Mellor; Paul Ritter; Ste Johnston,2015-05-05,47,Paul Abbott,,Ended,3,21,2026-08-21,,,8,7118,0,0,0,0,3,7,Nominated for 1 BAFTA Award3 wins & 7 nominations total,2026-08-21,false,,,79,85,42,,13,You've loved 1 title from creator Paul Abbott before.
show:68421,Altered Carbon,2018,show,Candidate,,tt2261227,68421,,,,,,,false,,2,Sci-Fi & Fantasy; Drama,"After 250 years on ice, a prisoner returns to life in a new body with one chance to win his freedom: by solving a mind-bending murder.",sibling relationship; yakuza; biotechnology; virtual reality; investigation; detective story; distant future; cyberpunk; body-swap; consciousness; resistance fighter; alien world; neo-noir; human clone; cyber thriller,en,7.636,2350,19.5608,61496; 2171; 2204; 240144; 2142; 2147; 61414; 61427; 61438; 61448; 61457; 2229; 61555; 126454; 30381; 305450; 30704; 94559; 94425; 240445,56296; 95403; 42009; 246412; 195339; 433; 65988; 62560; 67198; 69061; 253372; 231003; 219; 1639; 93166; 21561; 1705; 79680; 80752; 75006,Cold Case; Brotherhood; Revamp: The Undead Story; Fastlane; The Missing,Anthony Mackie; Renée Elise Goldsberry; Chris Conner; Lela Loren; Simone Missick,2018-02-02,,Laeta Kalogridis,,Canceled,2,18,2026-08-21,,64,7.9,201167,0,0,0,2,4,27,Nominated for 2 Primetime Emmys. 4 wins & 27 nominations total,2026-08-21,false,,,70,95,75,64,51,You've loved 1 title with Anthony Mackie before.
show:1705,Fringe,2008,show,Candidate,,tt1119644,1705,,,,,,,false,,2,Sci-Fi & Fantasy; Drama; Mystery,"FBI Special Agent Olivia Dunham, brilliant but formerly institutionalized scientist Walter Bishop and his scheming, reluctant son Peter uncover a deadly mystery involving a series of unbelievable events and realize they may be a part of a larger, more disturbing pattern that blurs the line between science fiction and technology.",fbi; supernatural; alternate dimension; mad scientist; fringe science,en,8.134,2884,65.1265,844; 892; 912; 1026; 91539; 91699; 124396; 1069; 237997; 237991; 1096; 1149; 1186; 91977; 58956; 1413; 1444; 1625; 1649; 238355,62196; 424; 4330; 83135; 7525; 69061; 219; 108545; 1593; 21561; 42009; 2188; 86374; 83685; 253372; 46952; 62822; 39510; 70485; 93784,Amazing Stories; Spirits; American Horror Story; The House of Jealousy; Torchwood,Anna Torv; Joshua Jackson; Jasika Nicole; John Noble,2008-09-09,,Alex Kurtzman,,Ended,5,100,2026-08-21,,72,8.4,268793,0,0,0,3,18,90,Nominated for 3 Primetime Emmys. 18 wins & 90 nominations total,2026-08-21,false,,,72,95,77,72,100,You've loved 1 title with Anna Torv before.
show:119845,Power Book IV: Force,2022,show,Candidate,,tt11761194,119845,,,,,,,false,,2,Crime; Drama,"Tommy Egan leaves New York behind and plans to take on Chicago, using his outsider status to break all the local rules and rewrite them on his quest to become the biggest drug dealer in the city.",,en,8.244,232,12.0998,,67384; 138108; 153657; 65628; 1409; 66676; 4170; 100414; 64199; 54650; 213306; 158083; 76231; 130578; 97890; 85385; 10305; 58841; 10370; 4040,Goliath; Bosch: Legacy; Sons of Anarchy; Queen of the South; Sneaky Pete,Joseph Sikora; Carmela Zumbado; Manuel Eduardo Ramirez; Chris Tardio,2022-02-06,60,Robert Munic,,Ended,3,30,2026-08-21,,80,8.1,11977,0,0,0,0,0,0,1 win total,2026-08-21,false,,,77,90,53,80,0,"Similar to Goliath and Sons of Anarchy, which you loved."
show:194,NYPD Blue,1993,show,Candidate,,tt0106079,194,,,,,,,false,,2,Drama,"Police drama set in New York City, exploring the internal and external struggles of the fictional 15th precinct of Manhattan. Each episode typically intertwined several plots involving an ensemble cast.",new york city; corruption; blackmail; police; police detective; nypd; police procedural,en,7,178,70.3144,2171; 2222; 2223; 2210; 2251; 2332; 2343; 2303; 61263; 61335; 2134; 2142; 61421; 61448; 61457; 2229; 2233; 61546; 61555; 126484,549; 4040; 97890; 43982; 396; 1438; 79086; 79618; 106158; 1450; 64433; 284736; 1414; 75540; 1486; 202296; 132016; 1908; 54650; 40675,Cold Case; L.A. Heat; Lewis; Fastlane; The Missing,Dennis Franz; Mark-Paul Gosselaar; Henry Simmons; Bill Brochtrup; Jacqueline Obradors,1993-09-21,60,David Milch,,Ended,12,261,2026-08-21,,83,7.8,17021,0,0,20,0,88,203,Won 20 Primetime Emmys. 88 wins & 203 nominations total,2026-08-21,false,,,74,85,50,83,100,You've loved 1 title from creator David Milch before.
show:400,Shark,2006,show,Candidate,,tt0805666,400,,,,,,,false,,2,Drama; Mystery; Crime,"Notorious Los Angeles defense attorney Sebastian Stark becomes disillusioned with his career after his successful defense of a wife-abuser results in the wife's death. After more than a month trying to come to grips with his situation, he is invited by the Los Angeles district attorney to become a public prosecutor so he can apply his unorthodox-but-effective talents to putting guilty people away instead of putting them back on the street.","los angeles, california; prosecutor; good deed; criminal law; inspirational",en,6.689,106,13.818,303124; 337; 480; 90972; 509; 586; 678; 732; 549; 707; 578; 954; 1018; 1037; 28683; 124101; 303633; 303645; 1259; 1274,85853; 81922; 32632; 203744; 5920; 239826; 116799; 1450; 61056; 256711; 67384; 4920; 156933; 256317; 72748; 213306; 240740; 244243; 61457; 130464,Lou Grant; Station Eleven; The Rockford Files; Bonanza; United States,James Woods; Jeri Ryan; Danielle Panabaker; Sophina Brown; Sarah Carter,2006-09-21,45,Ian Biederman,,Canceled,2,38,2026-08-21,,60,7.1,12307,0,0,0,1,0,0,Nominated for 1 Primetime Emmy. 4 nominations total,2026-08-21,false,,,65,85,45,60,8,"Similar to Six Feet Under and The Lincoln Lawyer, which you loved."
movie:307081,Southpaw,2015,movie,Candidate,,tt1798684,307081,,,,,,,false,,,Action; Drama,"Billy ""The Great"" Hope, the reigning junior middleweight boxing champion, has an impressive career, a loving wife and daughter, and a lavish lifestyle. However, when tragedy strikes, Billy hits rock bottom, losing his family, his house and his manager. He soon finds an unlikely savior in Tick Willis, a former fighter who trains the city's toughest amateur boxers. With his future on the line, Hope fights to reclaim the trust of those he loves the most.",sports; fighter; boxer; tragedy; boxing trainer; professional sports; arrogance; boxing; married man; young daughter; father daughter relationship; boxing champion; boxing ring; rock bottom; personal tragedy,en,7.364,5899,11.1417,4032; 4111; 4476; 813827; 1009892; 4552; 1195534; 1009964; 4896; 626901; 1389352; 1389194; 1567333; 850340; 1426494; 483685; 46278; 1426706; 483407; 1229349,1578; 70; 45317; 87492; 1292415; 592643; 718633; 436932; 24832; 184341; 1287322; 8489; 28528; 19348; 1289601; 524635; 80188; 348893; 809140; 1242686,Raging Bull; Million Dollar Baby; The Fighter; Foxcatcher; Hands of Stone,Jake Gyllenhaal; Rachel McAdams; Forest Whitaker; Oona Laurence; 50 Cent,2015-07-22,123,Antoine Fuqua,,,,,2026-08-21,59,57,7.3,276562,0,0,0,0,0,0,11 nominations total,2026-08-21,false,,,68,100,84,58,0,You've loved 2 titles with Rachel McAdams before.
movie:878361,Big George Foreman,2023,movie,Candidate,,tt12226632,878361,,,,,,,false,,,History; Drama,"Fueled by an impoverished childhood, George Foreman channeled his anger into becoming an Olympic Gold medalist and World Heavyweight Champion, followed by a near-death experience that took him from the boxing ring to the pulpit. But when he sees his community struggling spiritually and financially, Foreman returns to the ring and makes history by reclaiming his title, becoming the oldest and most improbable World Heavyweight Boxing Champion ever.",adultery; sports; 1970s; texas; biography; based on true story; family; 1980s; 1960s; boxing; inspirational; hopeful,en,7.594,379,7.5978,1004881; 622161; 1563044; 1191631; 1191856; 363956; 363992; 544022; 544104; 116745; 1284462; 363499; 115677; 115693; 115695; 363676; 363680; 731274; 1284066; 363841,10400; 677179; 798612; 610219; 15765; 13074; 823452; 245700; 480530; 16052; 592863; 297806; 16993; 24748; 292011; 109410; 1374; 647245; 696157; 614560,Sully; Creed II,Khris Davis; Forest Whitaker; Sullivan Jones; Deion Smith; Matthew Glave,2023-04-27,129,George Tillman Jr.,,,,,2026-08-21,,45,6.7,12461,0,0,0,0,0,0,3 nominations total,2026-08-21,false,,,71,90,58,45,0,"Similar to Creed II, which you loved."
movie:332979,Bleed for This,2016,movie,Candidate,,tt1620935,332979,,,,,,,false,,,Drama,"The inspirational story of World Champion Boxer Vinny Pazienza, who after a near fatal car crash, which left him not knowing if he'd ever walk again, made one of sports most incredible comebacks.",underdog; sports; fighter; boxer; comeback; biography; rhode island; boxing; come back; inspirational,en,6.791,846,4.3503,457; 458; 459; 462; 464; 522; 549; 568; 616; 1005728; 746; 769; 780; 783; 1385682; 623618; 1005781; 623705; 1005954; 648,45317; 606870; 809140; 1215798; 556501; 70; 1287322; 184341; 307081; 1578; 391757; 436932; 13823; 56179; 28528; 87492; 1242686; 14047; 943822; 1292415,As It Is in Heaven; Ed Wood; Basquiat; The Last Samurai; The Fighter,Miles Teller; Aaron Eckhart; Katey Sagal; Ciarán Hinds; Ted Levine,2016-11-04,116,Ben Younger,,,,,2026-08-21,70,62,6.8,33168,0,0,0,0,1,3,1 win & 3 nominations total,2026-08-21,false,,,67,90,65,66,5,You've loved 2 titles with Miles Teller before.
movie:601666,I Care a Lot,2021,movie,Candidate,,tt9893250,601666,,,,,,,false,,,Crime; Thriller; Drama; Comedy,A court-appointed legal guardian defrauds her older clients and traps them under her care. But her latest mark comes with some unexpected baggage.,psychopath; dark comedy; sociopath; guardian; social injustice; ceo; social services; scam artist; female psychopath; abuse of power; social criticism; late stage capitalism; scammer; socialized psychopath; lesbian couple,en,6.571,3047,5.9082,483; 497; 500; 1563812; 694; 1564074; 747; 754; 1192792; 442249; 659; 680; 261527; 651; 670; 440991; 622171; 14; 810387; 1384841,14198; 27004; 31583; 156022; 73567; 190955; 582014; 1965; 848123; 86838; 645886; 958006; 154400; 7516; 395458; 717693; 24249; 11592; 26719; 242582,Face/Off; Pulp Fiction; Killer Joe; Promising Young Woman; The Drop,Rosamund Pike; Peter Dinklage; Eiza González; Dianne Wiest; Chris Messina,2021-02-19,119,J Blakeson,,,,,2026-08-21,79,66,6.4,157584,0,0,0,0,1,6,1 win & 6 nominations total,2026-08-21,false,,,70,95,78,73,8,"Similar to Promising Young Woman, which you loved."
movie:193756,Lone Survivor,2013,movie,Candidate,,tt1091191,193756,,,,,,,false,,,War; Action; Drama,"Four Navy SEALs on a covert mission to neutralize a high-level Taliban operative must make an impossible moral decision in the mountains of Afghanistan that leads them into an enemy ambush. As they confront unthinkable odds, the SEALs must find reserves of strength and resilience to fight to the finish.",based on novel or book; fight; afghanistan; biography; based on true story; taliban; survival; u.s. navy seal; military; dangerous mission; soldiers; bold,en,7.429,4834,11.658,1384598; 1563044; 1191631; 1563292; 810223; 480120; 42170; 42172; 42173; 42179; 42188; 480176; 297636; 1226482; 1041139; 42236; 42241; 660713; 42449; 42470,1076487; 531876; 429351; 190859; 1241436; 285423; 13922; 16113; 8741; 567189; 8007; 489245; 15497; 130267; 855; 1251; 75674; 340945; 811592; 14911,The Outpost; Tom Clancy's Without Remorse; Behind Enemy Lines; The Kill Team; Twelve O'Clock High,Mark Wahlberg; Taylor Kitsch; Emile Hirsch; Ben Foster; Eric Bana,2013-12-24,121,Peter Berg,,,,,2026-08-21,75,60,7.5,323696,0,2,0,0,6,16,Nominated for 2 Oscars. 6 wins & 16 nominations total,2026-08-21,false,,,76,95,82,68,58,You've loved 1 title with Mark Wahlberg before.
movie:531876,The Outpost,2020,movie,Candidate,,tt3833480,531876,,,,,,,false,,,War; Drama; History; Action,"A small unit of U.S. soldiers, alone at the remote Combat Outpost Keating, located deep in the valley of three mountains in Afghanistan, battles to defend against an overwhelming force of Taliban fighters in a coordinated attack. The Battle of Kamdesh, as it was known, was the bloodiest American engagement of the Afghan War in 2009 and Bravo Troop 3-61 CAV became one of the most decorated units of the 19-year conflict.",based on novel or book; afghanistan; based on true story; afghanistan war (2001-2021); soldier; warfield; beating the odds; 2000s,en,6.865,1218,6.4764,1079810; 506482; 510298; 510495; 876648; 876699; 510558; 510559; 876797; 510584; 319284; 319287; 319373; 690293; 318846; 73448; 73529; 73416; 318855; 73524,193756; 429351; 489245; 316042; 13922; 291851; 4515; 14911; 15497; 96399; 383585; 263855; 347629; 197; 11358; 44136; 15267; 228150; 491926; 530915,Fantômas; The Big Short; Mardock Scramble: The First Compression; Lone Survivor; The Kill Team,Scott Eastwood; Caleb Landry Jones; Orlando Bloom; Ernest Cavazos; Taylor John Smith,2020-06-24,123,Rod Lurie,,,,,2026-08-21,91,71,6.9,47354,0,0,0,0,2,7,2 wins & 7 nominations total,2026-08-21,false,,,74,95,69,81,11,You've loved 1 title with Caleb Landry Jones before.
movie:300671,13 Hours: The Secret Soldiers of Benghazi,2016,movie,Candidate,,tt4172430,300671,,,,,,,false,,,War; History; Drama,An American Ambassador is killed during an attack at a U.S. compound in Libya as a security team struggles to make sense out of the chaos.,central intelligence agency (cia); based on novel or book; libya; assault rifle; mercenary; heroism; biography; based on true story; explosion; american abroad; death; u.s. ambassador,en,7.3,4029,11.1131,1079810; 506364; 506482; 315853; 510298; 510495; 1253511; 876648; 319096; 876699; 1253618; 510558; 510559; 876797; 510575; 510584; 319284; 319287; 690972; 690981,429351; 8880; 855; 245916; 193756; 383585; 468362; 347984; 334517; 28; 283587; 8007; 467952; 9567; 2042; 13922; 848439; 9664; 14911; 378385,Whitney; Fantômas; Black Hawk Down; Lone Survivor; The Yellow Birds,John Krasinski; James Badge Dale; Dominic Fumusa; Max Martini; Pablo Schreiber,2016-01-14,144,Michael Bay,,,,,2026-08-21,52,48,7.3,179569,0,1,0,0,0,0,Nominated for 1 Oscar. 5 nominations total,2026-08-21,false,,,60,95,81,50,15,You've loved 1 title with John Krasinski before.
movie:80278,The Impossible,2012,movie,Candidate,,tt1649419,80278,,,,,,,false,,,Drama; Thriller; History,"In December 2004, close-knit family Maria, Henry and their three sons begin their winter vacation in Thailand. But the day after Christmas, the idyllic holiday turns into an incomprehensible nightmare when a terrifying roar rises from the depths of the sea, followed by a wall of black water that devours everything in its path. Though Maria and her family face their darkest hour, unexpected displays of kindness and courage ameliorate their terror.",human vs nature; natural disaster; thailand; based on true story; tsunami; historical fiction; family vacation; struggle for survival; survival horror; tidal wave; catastrophe; swept away; separation from family; boxing day; disaster movie,en,7.376,6804,13.5415,1079810; 315837; 510298; 510495; 1084439; 73907; 510558; 510559; 876797; 876802; 1631787; 318846; 73448; 73567; 73416; 73524; 510284; 73766; 73772; 876671,698948; 973778; 900409; 2133; 972533; 503; 31948; 17707; 254128; 552178; 616651; 253412; 423087; 293646; 9960; 1852; 1211472; 10863; 7305; 1999,Ghost in the Shell; The Big Short; Killer Joe; Poseidon,Naomi Watts; Ewan McGregor; Tom Holland; Samuel Joslin; Oaklee Pendergast,2012-09-09,113,J. A. Bayona,,,,,2026-08-21,81,73,7.5,261851,0,1,0,0,28,70,Nominated for 1 Oscar. 28 wins & 70 nominations total,2026-08-21,false,,,65,100,86,77,100,You've loved 1 title with Ewan McGregor before.
movie:475132,A Private War,2018,movie,Candidate,,tt2368254,475132,,,,,,,false,,,Drama; War,"One of the most celebrated war correspondents of our time, Marie Colvin is an utterly fearless and rebellious spirit, driven to the frontlines of conflicts across the globe to give voice to the voiceless.","journalist; palestinian-israeli conflict; war correspondent; biography; syria; based on magazine, newspaper or article",en,6.765,565,2.6307,441073; 1191631; 297626; 297636; 42236; 42603; 42625; 42692; 42388; 660943; 42479; 298040; 42210; 42232; 480488; 661135; 42536; 42626; 480252; 480857,929590; 476335; 46217; 28730; 405965; 8988; 625; 347629; 96399; 635744; 489245; 166607; 14905; 44136; 293767; 792; 468362; 383585; 11248; 531876,Civil War; Thank You for Your Service; The Kill Team; The Yellow Birds; The Outpost,Rosamund Pike; Jamie Dornan; Tom Hollander; Stanley Tucci; Corey Johnson,2018-11-16,106,Matthew Heineman,,,,,2026-08-21,87,75,6.7,22254,0,0,0,0,2,10,2 wins & 10 nominations total,2026-08-21,false,,,72,90,61,81,14,You've loved 1 title with Corey Johnson before.
movie:9567,Tears of the Sun,2003,movie,Candidate,,tt0314353,9567,,,,,,,false,,,War; Action; Drama,"Navy SEAL Lieutenant A.K. Waters and his elite squadron of tactical specialists are forced to choose between their duty and their humanity, between following orders by ignoring the conflict that surrounds them, or finding the courage to follow their conscience and protect a group of innocent refugees. When the democratic government of Nigeria collapses and the country is taken over by a ruthless military dictator, Waters, a fiercely loyal and hardened veteran is dispatched on a routine mission to retrieve a Doctors Without Borders physician.",civil war; war crimes; refugee; village; evacuation; border; rescue mission; us army; nigeria; president; doctor; massacre; brutality; military; child soldier,en,6.896,2684,10.1319,263475; 4106; 263824; 4421; 4455; 263552; 3870; 1389068; 4708; 4820; 4886; 1010398; 4638; 664162; 45938; 483430; 46106; 46332; 48127; 485635,283587; 205; 8929; 885110; 489245; 46217; 567189; 10413; 715931; 929590; 792; 25318; 390054; 13922; 334517; 260063; 600; 14911; 11296; 13249,Beasts of No Nation; The Kill Team; Tom Clancy's Without Remorse; Civil War; Full Metal Jacket,Bruce Willis; Monica Bellucci; Cole Hauser; Eamonn Walker; Johnny Messner,2003-03-07,121,Antoine Fuqua,,,,,2026-08-21,34,48,6.6,137079,0,0,0,0,0,0,2 nominations total,2026-08-21,false,,,55,95,77,41,0,You've loved 2 titles with Cole Hauser before.
movie:395991,Only the Brave,2017,movie,Candidate,,tt3829920,395991,,,,,,,false,,,Drama; History,Members of the Granite Mountain Hotshots battle deadly wildfires to save an Arizona town.,"fire; bravery; arizona; natural disaster; melancholy; heroism; addiction; based on true story; tragedy; disaster; firefighting; test by fire; forest fire; firefighter; based on magazine, newspaper or article",en,7.478,1926,8.0393,1232827; 486946; 1056939; 1057006; 1429926; 1429912; 854015; 49622; 49688; 1232882; 49367; 49342; 299714; 1233179; 46976; 46995; 297017; 297055; 47044; 47113,11128; 25364; 1852; 292011; 1211442; 900409; 15613; 300673; 581032; 7305; 13537; 9619; 9770; 10357; 11866; 777270; 1211472; 552178; 44603; 363676,The Passion of Ayn Rand; Sully,Josh Brolin; Miles Teller; Jeff Bridges; Jennifer Connelly; James Badge Dale,2017-09-22,133,Joseph Kosinski,,,,,2026-08-21,87,72,7.6,85788,0,0,0,0,0,0,3 nominations total,2026-08-21,false,,,66,95,73,80,0,You've loved 2 titles from director Joseph Kosinski before.
movie:578189,Black and Blue,2019,movie,Candidate,,tt7390646,578189,,,,,,,false,,,Action; Thriller; Crime,"Rookie cop Alicia West, an Army veteran, inadvertently captures the murder of a young drug dealer on her body cam. After realizing that the murder was committed by corrupt cops, she teams up with the one person from her community who is willing to help her as she tries to escape both the criminals out for revenge and the police who are desperate to destroy the incriminating footage.","homicide; new orleans, louisiana; lawlessness; betrayal; on the run; police corruption; witness to murder; drug lord; female police officer; rookie cop; army veteran; fight for survival; distrust of police",en,6.778,994,4.2766,475; 483; 500; 504; 505; 539; 702; 792; 260346; 443959; 2019; 2034; 2088; 1387536; 2275; 2131; 2140; 2142; 2195; 2207,11028; 646097; 1266; 20676; 524659; 13153; 13389; 4911; 2140; 26789; 1149167; 2034; 738652; 62835; 9874; 668489; 20411; 37608; 471507; 44027,Bonnie and Clyde; Psycho; Rebel Ridge; Deep Cover; Rapid Fire,Naomie Harris; Tyrese Gibson; Frank Grillo; Mike Colter; Reid Scott,2019-10-25,109,Deon Taylor,,,,,2026-08-21,49,54,6.4,28987,0,0,0,0,1,2,1 win & 2 nominations total,2026-08-21,false,,,64,90,67,52,4,"Similar to Rebel Ridge, which you loved."
movie:23168,The Town,2010,movie,Candidate,,tt0840361,23168,,,,,,,false,,,Crime; Drama; Thriller,A proficient group of thieves rob a bank and hold the manager hostage. Things begin to get complicated when one of the crew members falls in love with her.,"drug dealer; based on novel or book; ambulance; boston, massachusetts; money laundering; irish-american; bank manager; massachusetts; florist; flower shop; stolen money; hold-up robbery; volunteer; heist; friends",en,7.225,5771,12.9344,2274; 2275; 2277; 2280; 2290; 2320; 2323; 2330; 2337; 2360; 2370; 2376; 2429; 2453; 444505; 1008048; 2750; 2757; 2762; 263553,5916; 27331; 8374; 25680; 968; 1422; 30941; 1082195; 4771; 334527; 949; 1170944; 184; 2112; 59; 15801; 388; 629; 1155324; 11524,Big; Topaz; The Anderson Tapes; The Order; A History of Violence,Ben Affleck; Jeremy Renner; Rebecca Hall; Jon Hamm; Blake Lively,2010-09-15,125,Ben Affleck,,,,,2026-08-21,92,74,7.5,444731,0,1,0,0,9,46,Nominated for 1 Oscar. 9 wins & 46 nominations total,2026-08-21,false,,,61,100,84,83,79,You've loved 2 titles with Ben Affleck before.
movie:340613,The Wife,2017,movie,Candidate,,tt3750872,340613,,,,,,,false,,,Drama,"A wife questions her life choices as she travels to Stockholm with her husband, where he is slated to receive the Nobel Prize for Literature.","infidelity; husband wife relationship; based on novel or book; professor; nobel prize; stockholm, sweden; flashback; author; writer; love affair; extramarital affair; novelist; award; 1960s; 1990s",en,7.053,1132,3.5363,1384598; 1005017; 423899; 424057; 423500; 423506; 423510; 423611; 423871; 423881; 431496; 431657; 431493; 431579; 428293; 428365; 428371; 428601; 428446; 428833,340666; 619979; 68924; 449756; 18190; 414454; 1920; 114155; 872585; 8999; 43138; 32625; 547017; 376004; 928270; 13250; 365620; 247; 9769; 63493,Oppenheimer,Glenn Close; Jonathan Pryce; Christian Slater; Max Irons; Harry Lloyd,2017-08-17,100,Björn Runge,,,,,2026-08-21,85,77,7.2,44471,0,1,0,0,19,30,Nominated for 1 Oscar. 19 wins & 30 nominations total,2026-08-21,false,,,76,95,68,81,83,You've loved 1 title with Christian Slater before.
movie:402897,The Death of Stalin,2017,movie,Candidate,,tt4686844,402897,,,,,,,false,,,Comedy; Drama; History,"When dictator Joseph Stalin dies, his parasitic cronies square off in a frantic power struggle to become the next Soviet leader. As they bumble, brawl and back-stab their way to the top, the question remains — just who is running the government?",chaos; dictator; socialism; dark comedy; satire; biography; based on true story; joseph stalin; biting; death; blunt; military; political satire; communism; regime,en,7.014,2194,6.7531,1079810; 506364; 315853; 510298; 510495; 1253511; 876655; 73827; 319092; 319096; 1253618; 510558; 510559; 876797; 510575; 74035; 690972; 690981; 74199; 73395,12520; 480001; 1161617; 46829; 557950; 27834; 838330; 501953; 37305; 424; 15192; 1056360; 12900; 114750; 290; 2239; 625; 283596; 528888; 4944,Whitney; American Fiction,Steve Buscemi; Simon Russell Beale; Jeffrey Tambor; Jason Isaacs; Michael Palin,2017-10-20,107,Armando Iannucci,,,,,2026-08-21,94,88,7.3,125469,0,0,0,0,18,40,Nominated for 2 BAFTA 18 wins & 40 nominations total,2026-08-21,false,,,70,95,75,91,76,You've loved 1 title with Steve Buscemi before.
movie:21641,The Damned United,2009,movie,Candidate,,tt1226271,21641,,,,,,,false,,,Drama; History,"Taking over Leeds United, Brian Clough's abrasive approach and his clear dislike of the players' dirty style of play make it certain there is going to be friction. Glimpses of his earlier career help explain both his hostility to previous manager Don Revie and how much he is missing right-hand man Peter Taylor.","northern england; based on novel or book; sports; 1970s; biography; yorkshire; brighton, england; football (soccer); cup; management; football (soccer) team; sports controversy",en,7.24,714,3.0088,1389255; 4951; 4958; 4988; 4995; 5001; 4975; 5062; 446104; 446112; 446132; 3526; 3538; 3558; 264098; 264099; 264130; 3573; 3594; 264185,10296; 625169; 545237; 928270; 20857; 42792; 245168; 13384; 848439; 26234; 1523; 14882; 26290; 41478; 530723; 33511; 467952; 1317288; 656968; 13823,"Before Night Falls; Love Is the Devil: Study for a Portrait of Francis Bacon; James Joyce's 'Ulysses'; Frances; Girl, Interrupted",Michael Sheen; Timothy Spall; Colm Meaney; Jim Broadbent; Maurice Roëves,2009-03-27,97,Tom Hooper,,,,,2026-08-21,92,81,7.5,48084,0,0,0,0,0,0,5 nominations total,2026-08-21,false,,,52,90,64,87,0,"Similar to Marty Supreme, which you loved."
movie:19913,(500) Days of Summer,2009,movie,Candidate,,tt1022603,19913,,,,,,,false,,,Comedy; Drama; Romance,"Tom, greeting-card writer and hopeless romantic, is caught completely off-guard when his girlfriend, Summer, suddenly dumps him. He reflects on their 500 days together to try to figure out where their love affair went sour, and in doing so, Tom rediscovers his true passions in life.","jealousy; gallery; fight; date; architect; interview; romcom; sister; love; friends; fate; los angeles, california; summer; year; heartache",en,7.305,11213,15.829,1079803; 686331; 506480; 510298; 690583; 876655; 1084611; 73652; 74035; 74040; 510804; 74122; 74187; 73565; 318851; 318855; 73517; 73693; 1084244; 73746,13668; 8488; 1321439; 51828; 57157; 1618945; 339397; 4475; 44009; 975043; 1140498; 12572; 50646; 8976; 1034716; 718032; 2028; 427900; 4032; 2313,Toy Story 5; The Wrong Paris; Yoh! Bestie; People We Meet on Vacation; Licorice Pizza,Joseph Gordon-Levitt; Zooey Deschanel; Geoffrey Arend; Chloë Grace Moretz; Matthew Gray Gubler,2009-07-17,95,Marc Webb,,,,,2026-08-21,86,76,7.6,613237,0,0,0,0,17,58,17 wins & 58 nominations total,2026-08-21,false,,,54,100,90,81,92,Titles you loved list this as similar or recommended (1 time).
movie:627725,The Banker,2020,movie,Candidate,,tt6285944,627725,,,,,,,false,,,Drama,"In the 1960s, two entrepreneurs hatch an ingenious business plan to fight for housing integration—and equal access to the American Dream.","banker; affectation; banking; based on true story; racism; los angeles, california; aggressive; 1950s; 1960s; african american history; african american; absurd; dramatic; critical; admiring",en,7.624,1140,4.9404,1079810; 1080003; 510298; 510495; 73820; 319096; 510558; 510559; 876797; 510804; 74122; 73355; 318846; 1084145; 73448; 73416; 73524; 1631533; 73772; 876671,109410; 10400; 1325678; 20544; 595; 51763; 132363; 359724; 458131; 393457; 347123; 614934; 998846; 157354; 15; 292011; 614560; 15765; 10502; 647245,Whitney; The Big Short; Ford v Ferrari; Elvis,Anthony Mackie; Samuel L. Jackson; Nicholas Hoult; Nia Long; Scott Johnson,2020-03-06,120,George Nolfi,,,,,2026-08-21,78,59,7.3,42313,0,0,0,0,3,7,3 wins & 7 nominations total,2026-08-21,false,,,74,95,68,69,13,You've loved 1 title with Anthony Mackie before.
show:207334,The Veil,2024,show,Candidate,,tt21433150,207334,,,,,,,false,,,Drama; Crime,"Two women play a deadly game of truth and lies on the road from Istanbul to Paris and London. One woman has a secret, the other a mission to reveal it before thousands of lives are lost. In the shadows, mission controllers at the CIA and French DGSE must put differences aside and work together to avert potential disaster.","paris, france; london, england; central intelligence agency (cia); miniseries; terrorist plot; intelligence officer; spy thriller",en,6.521,118,6.4121,61428; 61498; 208071; 208146; 240085; 240144; 240166; 61380; 61393; 2134; 61443; 61448; 2239; 61559; 208120; 208130; 126577; 30280; 126670; 30324,95480; 71146; 220801; 93166; 158083; 219971; 1407; 61859; 225385; 287238; 72750; 4170; 108181; 100414; 4046; 72748; 64199; 262793; 156819; 114922,Cilla; The Great Fire; The Althea Tapes; 180 Degree Longitude Passes Through Us; Out There,Elisabeth Moss; Yumna Marwan; Dali Benssalah; Thibault de Montalembert; Josh Charles,2024-04-30,,Steven Knight,,Ended,1,6,2026-08-21,,,6.4,9740,0,0,0,0,0,0,N/A,2026-08-21,false,,,75,85,46,,0,You've loved 1 title from creator Steven Knight before.
show:67883,Insecure,2016,show,Candidate,,tt5024912,67883,,,,,,,false,,,Comedy; Drama,Follows the awkward experiences and racy tribulations of a modern-day African-American woman.,angry; anxious; cautionary; dramatic; witty; amused; awestruck; bold; complicated; exhilarated; familiar,en,7.148,227,20.068,995; 274555; 814; 889; 1042; 1012; 274595; 59610; 1274; 1144; 92685; 1087; 238557; 59804; 238754; 206686; 1338; 1398; 275239; 125350,83251; 81358; 71199; 64254; 42282; 41875; 203614; 226285; 84584; 74577; 126914; 116450; 87428; 236235; 260458; 212246; 154385; 2604; 39525; 1433,Hornblower; Revolutionary Girl Utena; Six Feet Under; New Amsterdam; The Sopranos,Issa Rae; Yvonne Orji; Jay Ellis; Natasha Rothwell,2016-10-09,,Issa Rae,,Ended,5,44,2026-08-21,,84,8.1,23953,0,0,1,0,43,136,Won 1 Primetime Emmy. 43 wins & 136 nominations total,2026-08-21,false,,,80,90,53,84,100,"Similar to Six Feet Under and The Sopranos, which you loved."
show:693,Desperate Housewives,2004,show,Candidate,,tt0410975,693,,,,,,,false,,,Mystery; Drama; Comedy,"Looking down on her friends and family isn't a way of life for Mary Alice Young... it's a way of death. One day, in her perfect house, in the loveliest of suburbs, Mary Alice ended it all. Now she's taking us into the lives of her family, friends and neighbors, commenting from her elevated P.O.V.",housewife; female friendship; neighbor; neighborhood; suspenseful,en,7.894,2118,99.7117,124530; 274555; 890; 909; 917; 1160; 274776; 1115; 124879; 206674; 92926; 60283; 1426; 275452; 93272; 93479; 93447; 60839; 1678; 60574,87428; 250504; 80213; 233079; 69470; 111838; 106454; 124364; 39525; 81357; 117581; 126914; 107113; 247518; 186; 197373; 116450; 136745; 241372; 218342,Neon Genesis Evangelion; Kate & Allie; Luther; Broad City; Peaky Blinders,Teri Hatcher; Felicity Huffman; Marcia Cross; Eva Longoria; Ricardo Chavira,2004-10-03,42,Marc Cherry,,Ended,8,179,2026-08-21,,71,7.6,152331,0,0,7,0,67,190,Won 7 Primetime Emmys. 67 wins & 190 nominations total,2026-08-21,false,,,75,95,74,71,100,"Similar to Peaky Blinders and Weeds, which you loved."
show:255570,This City Is Ours,2025,show,Candidate,,tt31438328,255570,,,,,,,false,,,Drama; Crime,"Notorious gang boss Ronnie (Sean Bean) steps back from his criminal empire, triggering a violent power struggle between his volatile son Jamie (Jack McMullen) and trusted lieutenant Michael (James Nelson Joyce), who sees his chance to seize control. As rivalries ignite and loyalties fracture, the family behind the city’s cocaine trade descends into open war.",gangster; organized crime,en,7.33,53,5.0142,2204; 61393; 94394; 30543; 30878; 94696; 2581; 94659; 2873; 31050; 62172; 95240; 31077; 62336; 92930; 1398; 1409; 238843; 1438; 29746,1409; 75797; 247718; 85021; 76231; 194764; 64199; 54650; 119845; 97890; 66676; 101591; 4040; 262280; 64836; 75666; 79086; 67384; 158083; 81358,Brotherhood; The Sopranos; Sons of Anarchy; The Wire; MobLand,James Nelson-Joyce; Hannah Onslow; Julie Graham; Mike Noble; Laura Aikman,2025-03-23,,Stephen Butchard,,Returning Series,1,8,2026-08-21,,,7.8,9813,0,0,0,0,0,0,1 nomination total,2026-08-21,false,,,79,85,39,,0,"Similar to The Sopranos and Sons of Anarchy, which you loved."
show:245219,Death by Lightning,2025,show,Candidate,,tt31121364,245219,,,,,,,false,,,Drama; Crime,"The story of James Garfield, who rose from obscurity to become America's 20th President — and Charles Guiteau, the man who assassinated him.",based on novel or book; usa president; president; miniseries; political assassination,en,7.272,92,6.4272,61428; 61498; 61511; 208071; 2215; 305250; 208146; 305253; 240085; 240144; 240150; 240166; 94143; 276355; 276357; 94277; 94285; 94292; 61380; 61393,155533; 222766; 245927; 64464; 113984; 61859; 220801; 248416; 1425; 216082; 108181; 71146; 1973; 213306; 72742; 129552; 100414; 278178; 158083; 86588,Cilla; The Great Fire; Father Brown; The Althea Tapes; Monarch of the Glen,Michael Shannon; Matthew Macfadyen; Nick Offerman; Shea Whigham; Bradley Whitford,2025-11-06,53,Mike Makowsky,,Ended,1,4,2026-08-21,,80,7.7,9273,0,0,0,0,0,0,N/A,2026-08-21,false,,,78,85,44,80,0,You've loved 2 titles with Michael Shannon before.
show:81290,The Kominsky Method,2018,show,Candidate,,tt7255502,81290,,,,,,,false,,,Comedy; Drama,Acting coach Sandy Kominsky and best friend Norman Newlander keep each other laughing as they navigate the ups and downs of getting older.,funeral; aging; daughter; friendship; family relationships; best friend; elderly couple; elderly; sitcom; acting lesson; senior sex; irreverent; prostate; witty,en,7.524,355,13.5782,2898; 2904; 2905; 2908; 277315; 208883; 277369; 2987; 277414; 241259; 2996; 95286; 127641; 306129; 241170; 95041; 95182; 95213; 62475; 94951,136311; 112211; 71890; 81357; 116450; 243316; 1568; 79410; 62117; 61922; 7317; 42282; 18202; 70796; 60655; 64254; 4556; 1915; 105; 815,Small Wonder; Cafe Americain; The Ropers; Ha Ha Maker; The Investigator,Michael Douglas; Sarah Baker; Nancy Travis; Kathleen Turner,2018-11-16,,Chuck Lorre,,Ended,3,22,2026-08-21,,68,8.2,46529,0,0,0,12,4,53,Nominated for 12 Primetime Emmys. 4 wins & 53 nominations total,2026-08-21,false,,,73,90,57,68,100,"Similar to Shrinking and Girls, which you loved."
show:62117,Younger,2015,show,Candidate,,tt3288518,62117,,,,,,,false,,,Drama; Comedy,"Liza Miller, a suddenly single stay-at-home mother, tries to get back into the working world, only to find it’s nearly impossible to start at the bottom at 40-year old. When a chance encounter convinces her she looks younger than she is, Liza tries to pass herself off as 26 and lands a job as an assistant at Empirical Press. Now she just has to make sure no one finds out the secret only she and her best friend Maggie share.",new york city; based on novel or book; age difference; female friendship; single mother; lying; sitcom; workplace comedy,en,6.857,251,28.4009,58711; 846; 847; 848; 867; 868; 869; 896; 917; 903; 964; 971; 977; 28913; 28915; 28916; 1020; 1024; 1033; 1034,105; 42282; 69630; 70796; 116450; 69555; 1088; 64254; 138089; 87049; 260458; 78950; 211; 227139; 36994; 77032; 71209; 100883; 96734; 72633,Kate & Allie; WKRP in Cincinnati; Sex and the City; Girls; The Bold Type,Sutton Foster; Hilary Duff; Debi Mazar; Nico Tortorella; Molly Bernard,2015-03-31,21,Darren Star,,Ended,7,84,2026-08-21,,75,7.8,27252,0,0,0,0,0,0,14 nominations total,2026-08-21,false,,,72,90,54,75,0,"Similar to Girls and The Marvelous Mrs. Maisel, which you loved."
show:95341,Shantaram,2022,show,Candidate,,tt0429087,95341,,,,,,,false,,7,Crime; Drama; Action & Adventure,"Escaped convict Lin Ford flees to the teeming streets of 1980s Bombay, looking to disappear. Working as a medic for the city's poor and neglected, Lin finds unexpected love, connection, and courage on the long road to redemption.",slum; corruption; based on novel or book; police; love; prison escape; doctor; india; felon; 1980s; lies; overcome; drug addict; late 20th century,en,7.359,192,6.613,124540; 124546; 92154; 124578; 124583; 124585; 124586; 124587; 124595; 274479; 92391; 238380; 799; 862; 896; 918; 1021; 1024; 1059; 28913,64513; 39852; 79086; 60574; 125949; 137127; 100010; 119845; 63351; 1621; 278624; 82883; 132016; 40675; 72748; 116799; 1438; 71769; 75540; 156473,More than Blue: The Series; The Imperial Coroner; Lynley; Sherlock Holmes; In the Heat of the Night,Charlie Hunnam; Shubham Saraf; Antonia Desplat; Elektra Jansson-Kilbey; Fayssal Bazzi,2022-10-13,,Eric Warren Singer,,Canceled,1,12,2026-08-21,,64,7.4,17735,0,0,0,0,0,0,1 win total,2026-08-22,false,,,74,85,51,64,0,You've loved 1 title with Charlie Hunnam before.
show:2204,Brotherhood,2006,show,Candidate,,tt0457229,2204,,,,,,,false,,7,Crime; Drama,"A working-class Irish family rules a city built on loyalty and corruption. The Caffee brothers, Tommy, a rising politician desperate for reelection, and Michael, a hardened criminal returning from seven years on the run and eager to reclaim his turf, fight for survival on opposite sides of the law. In their ruthless quest for power, the entire Caffee family is driven to lies, betrayal and infidelity -- threatening to tear them and the city of Providence, RI apart.",sibling relationship; irish-american; gangster; rhode island; politician; irish mob; murder; organized crime; mobster; drugs; violence,en,6.805,64,7.2236,124511; 92150; 92137; 274479; 124800; 844; 873; 900; 1042; 1023; 59183; 29004; 274633; 92246; 124727; 206385; 303824; 59648; 274955; 1274,112693; 66025; 286709; 54650; 33273; 1409; 1398; 1621; 247718; 76231; 97951; 199318; 194764; 249039; 97890; 60574; 31050; 138108; 79086; 101591,ZeroZeroZero; Lynley; Love & Death; Columbo; Skins,Jason Isaacs; Jason Clarke; Fionnula Flanagan; Annabeth Gish; Ethan Embry,2006-07-09,60,Blake Masters,,Ended,3,29,2026-08-21,,75,7.7,8351,0,0,0,0,4,5,4 wins & 5 nominations total,2026-08-22,false,,,74,85,40,75,13,You've loved 1 title with Jason Isaacs before.
show:225634,Monsters: The Lyle and Erik Menendez Story,2024,show,Candidate,,,225634,,,,,,,false,,6,Drama; Crime,"The story of the Menéndez brothers, who were convicted in 1996 of murdering their parents José and Mary Louise “Kitty” Menéndez.",based on true story; miniseries; privileged life; brother brother relationship; parricide; brothers; abusive parent,en,7.596,540,19.5958,124518; 124578; 124800; 886; 887; 59149; 29004; 206485; 206510; 92246; 238337; 238339; 206382; 206402; 59504; 59579; 59643; 274978; 274979; 1160,270734; 248416; 197434; 280511; 2850; 137893; 253321; 100414; 82883; 194764; 135868; 278178; 287238; 123192; 158083; 113988; 249039; 31050; 67384; 155537,More than Blue: The Series; Love & Death; Space Race; Burning Bush; Copenhagen Cowboy,Javier Bardem; Chloë Sevigny; Cooper Koch; Nicholas Alexander Chavez,2024-09-19,,Ryan Murphy,,Ended,1,9,2026-08-21,,,,,,,,,,,,,false,,,76,90,61,,,You've loved 2 titles with Javier Bardem before.
show:1908,Miami Vice,1984,show,Candidate,,tt0086759,1908,,,,,,,false,,6,Crime; Drama,"The story of the Miami Police Department's vice squad and its efforts to end drug trafficking and prostitution, centered on the unlikely partnership of Sonny Crockett and Ricardo Tubbs - who first meet when Tubbs is undercover in a drug cartel.","miami, florida; drug crime; undercover agent; police detective; police procedural",en,7.446,527,57.191,2919; 2930; 2966; 2973; 62620; 62756; 62760; 3114; 3129; 62864; 3034; 95826; 31586; 128020; 31611; 3163; 63175; 3216; 3381; 128478,1405; 262388; 211169; 4040; 1486; 228026; 101591; 125949; 66310; 119845; 47600; 4057; 219937; 63329; 58841; 66676; 262280; 40675; 43982; 209876,Burn Notice; No Offence; Dexter; M.I.A.; New York Undercover,Don Johnson; Philip Michael Thomas; Saundra Santiago; Olivia Brown; Michael Talbott,1984-09-16,48,Anthony Yerkovich,,Ended,5,110,2026-08-21,,93,7.6,32036,0,0,4,0,13,29,Won 4 Primetime Emmys. 13 wins & 29 nominations total,2026-08-22,false,,,79,90,61,93,100,You've loved 1 title with Don Johnson before.
show:259731,HIS & HERS,2026,show,Candidate,,tt33035373,259731,,,,,,,false,,6,Drama; Crime; Mystery,"Two estranged spouses — one a detective, the other a news reporter — vie to solve a murder in which each believes the other is a prime suspect.",loss of loved one; detective; based on novel or book; dementia; bullying; revenge; miniseries; psychological thriller; news reporter; murder investigation; cautionary; absurd; depressing; antagonistic; cliché,en,7.315,503,19.0071,61428; 61498; 61459; 61465; 208006; 61511; 208071; 2171; 2179; 2215; 305250; 208146; 305253; 2338; 2301; 240085; 240144; 240150; 240166; 94143,87784; 241372; 70453; 244243; 83851; 213306; 218342; 250504; 247518; 115004; 137127; 61555; 39852; 1405; 240740; 108181; 220801; 278178; 203744; 40675,Cilla; The Great Fire; Parasyte -the maxim-; Deadly Sins: No Forgiveness; Father Brown,Tessa Thompson; Jon Bernthal; Pablo Schreiber; Marin Ireland; Sunita Mani,2026-01-08,,William Oldroyd,,Ended,1,6,2026-08-21,,,7.1,78650,0,0,0,0,0,0,N/A,2026-08-22,false,,,77,90,60,,0,You've loved 2 titles with Tessa Thompson before.
show:2933,The Riches,2007,show,Candidate,,tt0496343,2933,,,,,,,false,,6,Drama; Comedy,A family of crooks assume the identity of an upper-middle-class suburban clan in the Deep South.,con man; outlaw; dysfunctional family; impostor,en,6.892,60,6.5992,277439; 241384; 2961; 62829; 63039; 95681; 40; 186; 58208; 108; 316; 433; 58419; 123971; 58810; 750; 589; 124643; 1053; 967,66025; 1398; 277439; 71715; 64199; 76331; 82782; 34307; 3764; 90399; 133439; 186; 64836; 1906; 1409; 241609; 1795; 79086; 1436; 71199,Cape Fear; Weeds; Family Law; Animal Kingdom; The Sopranos,Suzy Eddie Izzard; Minnie Driver; Shannon Woodward; Noel Fisher; Aidan Mitchell,2007-03-12,45,Dmitry Lipkin,,Ended,2,20,2026-08-21,,68,7.8,8818,0,0,0,1,1,11,Nominated for 1 Primetime Emmy. 1 win & 11 nominations total,2026-08-22,false,,,69,85,40,68,21,"Similar to Weeds and The Sopranos, which you loved."
show:262388,M.I.A.,2026,show,Candidate,,tt33253070,262388,,,,,,,false,,5,Drama; Crime,"Restless in the Florida Keys, Etta Tiger Jonze dreams of a life in Miami's glittering, sub-tropical kingdom. When her family's drug-running business shatters in tragedy, however, Etta embarks on a dangerous journey through Miami's neon-lit underbelly that will define who she is and what she's ultimately capable of.","miami, florida; revenge; orphan; drugs; death of family; drug runner; chosen family; thriller; south florida",en,8.49,99,13.7738,2204; 240085; 240151; 276357; 276389; 61418; 61555; 126520; 126670; 30327; 94028; 240060; 240067; 305294; 2364; 2366; 305347; 305377; 276270; 276525,1908; 211169; 1405; 219937; 80968; 194764; 287238; 63351; 119845; 61986; 66676; 76231; 86588; 86430; 137893; 262280; 244244; 262352; 66025; 101591,Brotherhood; Out There; The Dark Crown; The Missing; RIPLEY,Shannon Gisela; Brittany Adebumola; Dylan Jackson; Alberto Guerra; Cary Elwes,2026-05-07,,Bill Dubuque,,Returning Series,1,9,2026-08-21,,,6.3,884,0,0,0,0,0,0,N/A,2026-08-22,false,,,89,85,45,,0,"Similar to Dexter and The Penguin, which you loved."
show:93166,The Capture,2019,show,Candidate,,tt8201186,93166,,,,,,,false,,5,Crime; Drama; Mystery,"When soldier Shaun Emery's conviction for a murder in Afghanistan is overturned due to flawed video evidence, he returns to life as a free man with his young daughter. But when damning CCTV footage from a night out in London comes to light, Shaun's life takes a shocking turn and he must soon fight for his freedom once again.",hacking; british spy; surveillance; mysterious; shocking; deepfake; cerebral; political mystery; thriller; condescending; powerful,en,7.637,339,25.0685,124548; 238251; 238253; 1042; 59312; 92246; 59599; 1144; 92739; 238549; 92602; 206674; 1396; 1405; 1411; 92891; 92926; 125156; 1438; 1425,156819; 95480; 219971; 262352; 61859; 1407; 100414; 95396; 114922; 220801; 207334; 85021; 62560; 4046; 213306; 278178; 4043; 72748; 204490; 129552,The Temptation Of Happiness; Segunda muerte; El dentista; Revolutionary Girl Utena; The Bletchley Circle,Holliday Grainger; Ben Miles; Ron Perlman; Paapa Essiedu; Indira Varma,2019-09-03,,Ben Chanan,,Returning Series,3,18,2026-08-21,,72,8,28818,0,0,0,0,0,0,Nominated for 1 BAFTA Award8 nominations total,2026-08-22,false,,,77,90,57,72,0,"Similar to Breaking Bad and Dexter, which you loved."
show:124800,Love & Death,2023,show,Candidate,,tt14586350,124800,,,,,,,false,,4,Crime; Drama,Candy and Pat Montgomery and Betty and Allan Gore — two churchgoing couples — enjoy their small town Texas life... until an extramarital affair leads somebody to pick up an axe.,texas; self-defense; based on true story; murder; miniseries; true crime; extramarital affair; bludgeoning; axe murder; small town murder; murder trial; courtroom drama,en,7.778,500,10.3447,277316; 277387; 241372; 95302; 95326; 208923; 241259; 241257; 241363; 95272; 127643; 127735; 127865; 95041; 95210; 62458; 62421; 127914; 306213; 127926,105804; 248416; 280511; 240993; 87784; 122196; 67384; 197434; 60626; 220801; 270734; 2850; 278178; 244243; 241372; 244447; 201877; 156933; 61816; 286801,Cold Case Files: The Grim Sleeper; Ramona; 56 Days; Stalkers Who Kill; Sunset Song,Elizabeth Olsen; Jesse Plemons; Lily Rabe; Patrick Fugit; Krysten Ritter,2023-04-27,,David E. Kelley,,Ended,1,7,2026-08-21,,62,7.5,48989,0,0,0,1,1,13,Nominated for 1 Primetime Emmy. 1 win & 13 nominations total,2026-08-22,false,,,81,90,60,62,23,You've loved 3 titles from creator David E. Kelley before.
show:256317,Countdown,2025,show,Candidate,,tt32559610,256317,,,,,,,false,,4,Crime; Mystery,"When an officer with the Department of Homeland Security is murdered in broad daylight, LAPD detective Mark Meachum is recruited to a secret task force, alongside undercover agents from all branches of law enforcement, to investigate. But the hunt for the killer soon uncovers a plot far more sinister than anyone could have imagined, kicking off a race against time to save a city of millions.","undercover agent; murder; los angeles, california; lapd; thriller",en,7.3,147,16.7562,277316; 2929; 241372; 95302; 241194; 208932; 241279; 241257; 241363; 95272; 127865; 240942; 241092; 127896; 62707; 95396; 95459; 62760; 62823; 241576,1450; 32632; 1486; 4040; 239826; 213306; 85853; 287238; 72748; 203744; 67116; 87773; 60585; 1405; 1414; 204490; 137127; 5920; 201992; 61969,Cold Case Files: The Grim Sleeper; Time Bomb 9/11; 56 Days; Stalkers Who Kill; Great Gift,Jensen Ackles; Jessica Camacho; Eric Dane; Violett Beane; Uli Latukefu,2025-06-25,,Derek Haas,,Canceled,1,13,2026-08-21,,84,6.8,16733,0,0,0,0,0,0,N/A,2026-08-22,false,,,79,85,48,84,0,"Similar to Severance and Bosch, which you loved."
show:900,Skins,2007,show,Candidate,,tt0840196,900,,,,,,,false,,4,Drama; Comedy,"Irreverent comedy drama which follows the messy lives, loves, delirious highs and inevitable lows of a group of raucous teenage friends in Bristol.",england; drugs; teenage sexuality; teenage romance; teen drama,en,8.135,1422,39.4923,898; 904; 952; 1042; 1021; 28916; 59312; 29016; 1189; 1101; 1103; 206629; 124834; 125069; 59674; 1370; 60245; 1395; 1396; 93046,5721; 100883; 85552; 81356; 67697; 2850; 407; 74577; 4493; 42282; 41875; 158083; 126914; 76148; 7317; 269; 249042; 115639; 46157; 1906,Lincoln Heights; Revolutionary Girl Utena; The Bletchley Circle; Breaking Bad; Never Have I Ever,,2007-01-25,44,Bryan Elsley,,Ended,7,61,2026-08-21,,66,8.2,99589,0,0,0,0,7,34,Won 2 BAFTA 7 wins & 34 nominations total,2026-08-22,false,,,74,95,70,66,48,"Similar to Breaking Bad and Girls, which you loved."
show:40008,Hannibal,2013,show,Candidate,,tt2243973,40008,,,,,,,false,,4,Drama; Crime,"Both a gift and a curse, Graham has the extraordinary ability to think like his prey—he sees what they see, feels what they feel. But while Graham is pursuing an especially troubling, cannibalistic murderer, Special Agent Jack Crawford teams him with a highly respected psychiatrist – a man with a taste for the criminal minded – Dr. Hannibal Lecter.",based on novel or book; symbolism; fbi; manipulation; murder; serial killer; psychological thriller; cannibal; psychiatrist; killer; lgbt; murder investigation; burlesque; human behavior; criminal consultant,en,8.3,3019,40.7014,61459; 208006; 61511; 2171; 2179; 2223; 2204; 2215; 305250; 305253; 2332; 2343; 2302; 240150; 94143; 276355; 276357; 94277; 94285; 94292,241372; 67744; 39852; 72750; 287238; 69050; 259731; 70453; 213306; 81358; 1426; 45094; 78191; 67384; 1405; 46952; 123192; 70485; 278178; 217211,"Parasyte -the maxim-; Deadly Sins: No Forgiveness; Father Brown; Cold Case; Quincy, M.E.",Mads Mikkelsen; Hugh Dancy; Laurence Fishburne; Caroline Dhavernas; Gillian Anderson,2013-04-04,45,Bryan Fuller,,Ended,3,39,2026-08-21,,77,8.5,304595,0,0,0,1,27,59,Nominated for 1 Primetime Emmy. 27 wins & 59 nominations total,2026-08-22,false,,,89,95,78,77,100,"Similar to Mindhunter and Goliath, which you loved."
show:71769,The Alienist,2018,show,Candidate,,tt4604612,71769,,,,,,,false,,4,Drama; Crime; Mystery,"New York, 1896. Police commissioner Theodore Roosevelt brings together criminal psychologist Dr. Laszlo Kreizler, newspaper illustrator John Moore and secretary Sara Howard to investigate several murders of male prostitutes.",new york city; based on novel or book; serial killer; historical fiction; period drama; mental illness; private detective; criminal investigation; newspaper reporter; detective agency; 19th century,en,7.521,721,14.5802,124540; 124546; 92154; 124583; 124585; 124586; 124587; 124595; 124601; 124613; 274479; 238380; 274561; 799; 814; 873; 892; 896; 917; 918,213306; 78191; 220102; 39852; 72745; 1405; 241372; 70453; 106388; 67744; 85853; 287238; 220801; 259731; 72748; 137127; 218342; 123192; 34415; 3476,The Imperial Coroner; Pride: The Series; Lynley; Love in the Moonlight; Sherlock Holmes,Daniel Brühl; Luke Evans; Dakota Fanning; Matthew Shear; Douglas Smith,2018-01-22,48,Cary Joji Fukunaga,,Ended,2,18,2026-08-21,,60,7.7,64991,0,0,1,0,3,27,Won 1 Primetime Emmy. 3 wins & 27 nominations total,2026-08-22,false,,,74,90,64,60,53,"Similar to Dexter and Mindhunter, which you loved."
show:31184,Dear Phoebe,1954,show,Candidate,,tt0046591,31184,,,,,,,false,,4,Comedy,"Dear Phoebe is an American sitcom that aired on NBC from September 1954 to April 1955. The series stars Peter Lawford, and was created and produced by Alex Gottlieb.",advice columnist; sitcom; workplace comedy,en,10,1,1.807,2898; 2904; 2905; 277315; 2987; 2996; 95182; 94951; 2635; 2647; 2652; 2656; 127712; 31243; 31244; 31245; 31321; 95389; 2961; 2962,1964; 4277; 110; 1027; 971; 260471; 4608; 4576; 1759; 2132; 245; 112211; 1400; 75; 3781; 71209; 1974; 1915; 2962; 634,Small Wonder; Cafe Americain; The Ropers; Ha Ha Maker; Mesudarim,Peter Lawford; Charles Lane; Marcia Henderson,1954-09-10,30,,,Ended,1,31,2026-08-21,,,6.9,22,0,0,0,0,0,0,N/A,2026-08-22,false,,,76,65,7,,0,"Similar to Seinfeld, which you loved."
show:1412,Arrow,2012,show,Candidate,,tt2193021,1412,,,,,,,false,,4,Crime; Drama; Action & Adventure,"Spoiled billionaire playboy Oliver Queen is missing and presumed dead when his yacht is lost at sea. He returns five years later a changed man, determined to clean up the city as a hooded vigilante armed with a bow.",superhero; based on comic; superhero team; masked vigilante,en,6.836,6451,93.5793,2901; 208891; 241388; 127635; 127753; 95057; 2847; 2640; 127828; 31295; 62688; 62643; 95499; 95503; 3001; 62798; 3069; 3072; 95707; 306479,79788; 67178; 61889; 75450; 18653; 131927; 62643; 62126; 71663; 195868; 1403; 5606; 158141; 125909; 80213; 32798; 62285; 4046; 202555; 114922,Superman & Lois; Supergirl; DC's Legends of Tomorrow; Watchmen; Marvel's Daredevil,Stephen Amell; David Ramsey; Rick Gonzalez; Juliana Harkavy; Katherine McNamara,2012-10-10,,Andrew Kreisberg,,Ended,8,170,2026-08-21,,73,7.5,459645,0,0,0,0,22,89,22 wins & 89 nominations total,2026-08-22,false,,,69,100,85,73,100,"Similar to Watchmen and Marvel's Daredevil, which you loved."
show:75450,Titans,2018,show,Candidate,,tt1043813,75450,,,,,,,false,,4,Drama; Action & Adventure; Sci-Fi & Fantasy,A team of young superheroes led by Nightwing (formerly Batman's first Robin) form to combat evil and other perils.,secret identity; superhero; based on comic; superhero team; young heroes; teen superhero; gritty; adventure,en,7.854,2889,32.0093,2901; 208891; 241388; 127635; 127753; 95057; 2847; 240921; 2640; 127828; 31295; 62688; 62643; 95499; 95503; 3001; 62798; 3069; 3072; 95707,66190; 205715; 1403; 158141; 62643; 75006; 62285; 1412; 71663; 195868; 76479; 79788; 61889; 88987; 71340; 48860; 93484; 62126; 89247; 1639,Superman & Lois; Supergirl; DC's Legends of Tomorrow; Gen V; Marvel's Agents of S.H.I.E.L.D.,Brenton Thwaites; Anna Diop; Teagan Croft; Ryan Potter; Joshua Orpin,2018-10-12,,Geoff Johns,,Ended,4,49,2026-08-21,50,,7.4,119024,0,0,0,0,5,16,5 wins & 16 nominations total,2026-08-22,false,,,77,95,77,50,26,"Similar to The Boys and Watchmen, which you loved."
show:199318,Bad Sisters,2022,show,Candidate,,tt15469618,199318,,,,,,,false,,4,Drama; Crime,"The tight-knit Garvey sisters have always looked out for one another. But when the toxic brother-in-law they all wanted dead actually dies, it turns their lives upside down and tests their bond like nothing before.","sadistic; brother-in-law; dublin, ireland; bullying; dark comedy; domestic abuse; insurance investigator; death of husband; irish catholic; sister sister relationship; gaslighting; based on tv series; sisters love; comedy of errors; cheating husband",en,7.469,292,32.2108,2305; 94137; 61537; 94016; 276234; 208208; 305357; 61730; 61746; 30631; 61874; 61922; 208336; 94842; 2566; 94680; 127621; 2734; 94954; 241099,225634; 49010; 1274; 71715; 2204; 61986; 112693; 286709; 4344; 249039; 259731; 2850; 33273; 40008; 138108; 81358; 253321; 87784; 60059; 270734,Inside No. 9; Monsters: The Lyle and Erik Menendez Story; The Fall; Six Feet Under; Good Girls,Sharon Horgan; Eva Birthistle; Sarah Greene; Eve Hewson; Owen McDonnell,2022-08-19,,Sharon Horgan,,Ended,2,18,2026-08-21,,76,8.2,53539,0,0,0,5,19,51,Nominated for 5 Primetime Emmys. 19 wins & 51 nominations total,2026-08-22,false,,,74,90,55,76,100,"Similar to Six Feet Under and Better Call Saul, which you loved."
show:2691,Two and a Half Men,2003,show,Candidate,,tt0369179,2691,,,,,,,false,,3,Comedy,A hedonistic jingle writer's free-wheeling life comes to an abrupt halt when his brother and 10-year-old nephew move into his beach-front house.,sibling relationship; california; composer; roommates; evil mother; malibu; advertising; drinking; beach house; casual sex; sitcom; living with sibling; rich brother,en,7.454,3748,93.8596,2898; 2904; 2905; 277315; 2987; 2996; 95182; 94951; 2635; 2647; 2652; 2656; 127712; 31184; 31243; 31244; 31245; 31321; 62579; 95389,85519; 18202; 243316; 260458; 116793; 64043; 43275; 64551; 4546; 869; 51345; 1088; 64823; 62019; 96231; 815; 1795; 76747; 1393; 203614,Small Wonder; Cafe Americain; The Ropers; Ha Ha Maker; Mesudarim,Ashton Kutcher; Jon Cryer; Conchata Ferrell,2003-09-22,,Lee Aronsohn,,Ended,12,262,2026-08-21,,67,7.1,296197,0,0,9,0,30,73,Won 9 Primetime Emmys. 30 wins & 73 nominations total,2026-08-22,false,,,67,95,80,67,100,"Similar to Adults and Curb Your Enthusiasm, which you loved."
show:69630,The Bold Type,2017,show,Candidate,,tt6116060,69630,,,,,,,false,,3,Drama; Comedy,"A glimpse into the outrageous lives of Jane, Kat and Sutton, who are working at the nation's top women's magazine, Scarlet, while navigating their careers, identities and individual voices.",new york city; magazine; female friendship; workplace; twenty something,en,7.688,202,11.7182,277445; 2996; 95170; 127711; 31321; 241405; 95396; 62783; 62810; 62852; 62999; 306520; 241628; 3033; 62899; 3253; 3315; 128342; 3357; 3371,62117; 105; 260458; 42282; 64254; 116450; 138089; 118303; 32023; 51537; 82596; 3475; 1088; 209727; 84584; 87049; 70796; 96734; 72071; 243316,Power: Origins; The Office; Severance; Billions; Barney Miller,Katie Stevens; Aisha Dee; Meghann Fahy; Melora Hardin; Stephen Conrad Moore,2017-06-20,45,Sarah Watson,,Ended,5,52,2026-08-21,,58,7.8,26233,0,0,0,0,3,19,3 wins & 19 nominations total,2026-08-22,false,,,75,90,52,58,25,"Similar to Severance and Billions, which you loved."
show:85385,L.A.'s Finest,2019,show,Candidate,,tt7555294,85385,,,,,,,false,,3,Crime; Drama,"Syd Burnett has left her complicated past behind to become an LAPD detective. Paired with a new partner, Nancy McKenna, a working mom with an equally complex past, Syd is pushed to examine whether her unapologetic lifestyle might be masking a greater personal secret. These two women don't agree on much, but they find common ground when it comes to taking on the most dangerous criminals in Los Angeles.",absurd; cliché; farcical,en,6.902,259,7.2029,94305; 1407; 1447; 1516; 239385; 60622; 126167; 239826; 95480; 208942; 277439; 241257; 242054; 424; 205715; 1042; 124394; 274479; 124897; 273866,153657; 67384; 239826; 119845; 4170; 213306; 65628; 2850; 100414; 138108; 130578; 64199; 87773; 10370; 204490; 241372; 66025; 76582; 75456; 116799,Homeland; Psych; Fargo; Ballard; Slow Horses,Gabrielle Union; Jessica Alba; Ryan McPartlin; Ernie Hudson; Duane Martin,2019-05-13,,Brandon Margolis,,Canceled,2,26,2026-08-21,,,6.2,8713,0,0,0,0,3,1,3 wins & 1 nomination total,2026-08-22,false,,,75,90,54,,7,You've loved 1 title with Ernie Hudson before.
show:79618,City on a Hill,2019,show,Candidate,,tt7187044,79618,,,,,,,false,,3,Crime; Drama,"In early 90s Boston, an African-American District Attorney comes in from Brooklyn advocating change and forms an unlikely alliance with a corrupt yet venerated FBI veteran invested in maintaining the status quo. Together they take on a family of armored car robbers from Charlestown in a case that grows to encompass and eventually upend Boston’s city-wide criminal justice system.","corruption; boston, massachusetts; dirty cop; criminal; 1990s; criminal justice system",en,7.254,191,11.3401,2343; 61263; 2327; 208086; 61609; 94529; 61839; 30668; 61889; 94372; 94510; 30877; 94696; 30858; 61990; 94857; 2583; 127527; 2734; 2754,43982; 1621; 284736; 64433; 125949; 4040; 1438; 209876; 67384; 119845; 76231; 239826; 204490; 106158; 97890; 217211; 278624; 153657; 132016; 64513,Lewis; Marvel's Daredevil; Line of Duty; Boardwalk Empire; We Own This City,Kevin Bacon; Aldis Hodge; Jill Hennessy; Lauren E. Banks; Matthew Del Negro,2019-06-16,55,Chuck MacLean,,Canceled,3,26,2026-08-21,,65,7.6,16952,0,0,0,0,1,4,1 win & 4 nominations total,2026-08-22,false,,,71,85,51,65,6,"Similar to Marvel's Daredevil and Boardwalk Empire, which you loved."
show:1639,Heroes,2006,show,Candidate,,tt0813715,1639,,,,,,,false,,3,Sci-Fi & Fantasy; Drama,Common people discover that they have super powers. Their lives intertwine as a devastating event must be prevented.,hero; villain; superhuman; super power,en,7.451,2639,68.8125,95313; 127635; 95057; 2847; 127828; 31295; 62643; 95499; 95558; 63145; 62773; 3035; 95557; 241709; 95826; 128255; 209077; 3155; 3287; 246,60858; 48860; 42531; 71663; 66190; 85273; 38472; 4604; 88987; 79788; 67195; 93484; 90802; 158141; 1403; 79501; 75006; 76479; 86423; 71914,Superman & Lois; DC's Legends of Tomorrow; Black Lightning; Marvel's Jessica Jones; Watchmen,Zachary Quinto; Hayden Panettiere; Milo Ventimiglia; Masi Oka; Jack Coleman,2006-09-25,43,Tim Kring,,Canceled,4,78,2026-08-21,,64,7.5,259332,0,0,1,0,31,108,Won 1 Primetime Emmy. 31 wins & 108 nominations total,2026-08-22,false,,,69,95,76,64,100,"Similar to Watchmen and The Boys, which you loved."
show:3476,Inspector Morse,1987,show,Candidate,,tt0092379,3476,,,,,,,false,,3,Crime; Drama; Mystery,"Inspector Morse is a detective drama based on Colin Dexter's series of Chief Inspector Morse novels. The series starred John Thaw as Chief Inspector Morse and Kevin Whately as Sergeant Lewis, as well as a large cast of notable actors and actresses.","england; detective; based on novel or book; murder; criminal; police detective; oxford, england; criminal investigation; forensic science; crime investigation",en,7.9,143,19.8856,2915; 277316; 208883; 2928; 2930; 2942; 95341; 95344; 241372; 95302; 208921; 208923; 208932; 277439; 241275; 241290; 95272; 95279; 127651; 127865,137127; 72748; 19885; 40675; 213306; 61457; 96450; 16343; 1426; 2583; 252000; 1405; 7263; 2750; 85853; 132306; 62505; 244243; 4860; 66023,Cold Case Files: The Grim Sleeper; The Investigator; Shantaram; When One Day I Will Sleep; 56 Days,John Thaw; Kevin Whately; Peter Woodthorpe; James Grout,1987-01-06,100,Tony Warren,,Ended,7,28,2026-08-21,,,8.2,15244,0,0,0,0,9,12,Won 6 BAFTA 9 wins & 12 nominations total,2026-08-22,false,,,73,85,48,,30,"Similar to Sherlock and Dexter, which you loved."
movie:2295,Clerks II,2006,movie,Candidate,,tt0424345,2295,,,,,,,false,,5,Comedy,"A calamity at Dante and Randall's shops sends them looking for new horizons - but they ultimately settle at Mooby's, a fictional Disney-McDonald's-style fast-food empire.",gas station; sequel; aftercreditsstinger; duringcreditsstinger; day in a life; view askewniverse,en,6.896,1526,5.813,1608013; 49519; 49520; 49410; 1233066; 484718; 299513; 50022; 50217; 487560; 50076; 302688; 1612693; 53358; 1062829; 672103; 53150; 1613059; 1062807; 53429,20860; 208134; 2292; 50022; 522931; 109439; 293660; 595813; 187017; 89492; 383498; 1273221; 188161; 24804; 4543; 71552; 4247; 214756; 436969; 13335,Kaguya-sama: Love is War - Final Chapter; The Croods; Super Troopers 2; Dream Journey 3: The Land of Many Perfumes; James & Pat & Dave,Brian O'Halloran; Jeff Anderson; Rosario Dawson; Jason Mewes; Kevin Smith,2006-07-21,97,Kevin Smith,Clerks Collection,,,,2026-08-21,63,65,7.3,144106,0,0,0,0,3,3,3 wins & 3 nominations total,2026-08-22,false,,,62,95,71,64,9,"Similar to Deadpool and This Is 40, which you loved."
movie:522931,Hitman's Wife's Bodyguard,2021,movie,Candidate,,tt8385148,522931,,,,,,,false,,4,Action; Comedy; Crime; Thriller,"The world’s most lethal odd couple – bodyguard Michael Bryce and hitman Darius Kincaid – are back on another life-threatening mission. Still unlicensed and under scrutiny, Bryce is forced into action by Darius's even more volatile wife, the infamous international con artist Sonia Kincaid. As Bryce is driven over the edge by his two most dangerous protectees, the trio get in over their heads in a global plot and soon find that they are all that stand between Europe and a vengeful and powerful madman.",hitman; bodyguard; sequel; aftercreditsstinger; duringcreditsstinger,en,6.6,2664,7.3871,263341; 445262; 4147; 4437; 4442; 4247; 4256; 4257; 4258; 445571; 1566991; 4543; 4551; 4248; 445495; 1567021; 4836; 4824; 4909; 4912,390043; 33152; 50022; 879444; 241554; 455236; 278924; 573435; 507241; 342521; 921360; 59859; 4959; 617502; 187017; 958006; 7516; 1410082; 943; 293660,The Brothers Grimm; Scary Movie; Scary Movie 3; Scary Movie 4; Scary Movie 5,Ryan Reynolds; Samuel L. Jackson; Salma Hayek Pinault; Antonio Banderas; Morgan Freeman,2021-06-14,117,Patrick Hughes,The Hitman's Bodyguard Collection,,,,2026-08-21,25,32,6.1,119171,0,0,0,0,0,0,5 nominations total,2026-08-22,false,,,68,95,77,29,0,You've loved 2 titles with Ryan Reynolds before.
movie:626332,Flamin' Hot,2023,movie,Candidate,,tt8105234,626332,,,,,,,false,,4,Drama; History,"The inspiring true story of Richard Montañez, the Frito Lay janitor who channeled his Mexican American heritage and upbringing to turn the iconic Flamin' Hot Cheetos into a snack that disrupted the food industry and became a global pop culture phenomenon.",factory worker; factory; biography; based on true story; janitor; mexican american; woman director,en,7.94,847,6.8784,284343; 284357; 284639; 284286; 284288; 284300; 284551; 284537; 1216192; 286983; 286995; 287006; 287225; 649394; 286721; 286722; 286742; 287109; 287126; 287127,40842; 292011; 115782; 293646; 589612; 753336; 44691; 13537; 760336; 777270; 823452; 458131; 27461; 339145; 610219; 998846; 423899; 10523; 592863; 618,Jobs,Jesse Garcia; Annie Gonzalez; Emilio Rivera; Vanessa Martinez; Dennis Haysbert,2023-03-11,99,Eva Longoria,,,,,2026-08-21,,58,6.8,20330,0,1,0,0,7,9,Nominated for 1 Oscar. 7 wins & 9 nominations total,2026-08-22,false,,,59,90,65,58,38,Titles you loved list this as similar or recommended (4 times).
movie:4464,Seabiscuit,2003,movie,Candidate,,tt0329575,4464,,,,,,,false,,4,Drama; History,True story of the undersized Depression-era racehorse whose victories lifted not only the spirits of the team behind it but also those of their nation.,based on novel or book; horse race; american dream; horse; racehorse; great depression; based on true story; jockey; horse trainer; seabiscuit; 1930s,en,7.056,953,3.2426,1079810; 506482; 510298; 510495; 876648; 876699; 510558; 510559; 876797; 510584; 319284; 319287; 319373; 690293; 318846; 73448; 73529; 73563; 73416; 318855,39486; 11170; 359724; 57212; 14534; 739986; 9443; 23438; 14522; 3175; 34024; 11652; 9912; 12920; 760774; 36464; 292011; 28145; 763144; 774531,Fantômas; The Big Short; Mardock Scramble: The First Compression; Ford v Ferrari; Rudy,Tobey Maguire; David McCullough; Jeff Bridges; Chris Cooper; Elizabeth Banks,2003-07-22,141,Gary Ross,,,,,2026-08-21,77,72,7.3,79105,0,7,0,0,6,44,Nominated for 7 Oscars. 6 wins & 44 nominations total,2026-08-22,false,,,58,90,67,75,100,"Similar to The Big Short, which you loved."
movie:208134,Jackass Presents: Bad Grandpa,2013,movie,Candidate,,tt3063516,208134,,,,,,,false,,3,Comedy,"86-year-old Irving Zisman is on a journey across America with the most unlikely companion: his 8 year-old grandson, Billy.",duringcreditsstinger,en,6.18,1730,4.2573,49519; 49520; 50022; 493529; 57089; 646380; 28665; 466272; 24438; 24681; 25451; 24804; 16710; 824281; 16866; 16538; 16290; 17130; 16614; 284053,20860; 2295; 522931; 1312150; 14655; 293660; 595813; 267193; 24804; 521844; 146304; 14166; 598133; 187017; 862551; 928344; 1398050; 1417677; 9965; 1084577,The Croods; Super Troopers 2; Once Upon a Time... in Hollywood; Black Dynamite; The Stöned Age,Johnny Knoxville; Jackson Nicoll; Georgina Cates; Catherine Keener; Spike Jonze,2013-10-22,92,Jeff Tremaine,Jackass Presents: Bad Grandpa Collection,,,,2026-08-21,61,54,6.5,100383,0,1,0,0,1,10,Nominated for 1 Oscar. 1 win & 10 nominations total,2026-08-22,false,,,54,95,72,58,27,You've loved 2 titles with Catherine Keener before.
movie:405775,The Wall,2017,movie,Candidate,,tt4218696,405775,,,,,,,false,,3,War; Thriller; Drama; Action,An American sniper and his spotter engage in a deadly cat-and-mouse game with an Iraqi sniper.,sniper; helicopter; iraq; murder; soldier; iraq war; trapped; desert; ridiculous,en,6.408,1069,3.9604,626129; 445120; 1566843; 4023; 4043; 4106; 4107; 4193; 263815; 626648; 4574; 4382; 4421; 4440; 445517; 4287; 4288; 4295; 3851; 4311,12162; 407375; 8007; 1410082; 333352; 1171541; 808023; 9545; 190859; 290729; 792; 600; 629017; 390054; 7445; 21610; 97630; 1009640; 253626; 461053,Bloody Sunday; The Hurt Locker; Behind Enemy Lines; Sniper; Full Metal Jacket,Aaron Taylor-Johnson; John Cena; Laith Nakli,2017-05-12,90,Doug Liman,,,,,2026-08-21,65,57,6.2,33644,0,0,0,0,0,0,1 nomination total,2026-08-22,false,,,71,95,68,61,0,"Similar to The Hurt Locker and Zero Dark Thirty, which you loved."
movie:315635,Spider-Man: Homecoming,2017,movie,Candidate,,tt2250912,315635,,,,,,,false,,3,Action; Adventure; Science Fiction,"Following the events of Captain America: Civil War, Peter Parker, with the help of his mentor Tony Stark, tries to balance his life as an ordinary high school student in Queens, New York City, with fighting crime as his superhero alter ego Spider-Man as a new threat, the Vulture, emerges.","high school; new york city; washington dc, usa; secret identity; superhero; based on comic; coming of age; reboot; aftercreditsstinger; duringcreditsstinger; marvel cinematic universe (mcu); masked superhero; teen superhero; lighthearted",en,7.333,23713,108.411,315837; 1084728; 1084117; 1084153; 73461; 1084244; 1084199; 325336; 1639168; 1260004; 1639237; 81939; 325220; 1094556; 1094274; 82700; 82703; 82386; 82572; 82690,102382; 634649; 100402; 24428; 1771; 298618; 986056; 558; 141052; 453395; 640146; 324857; 271110; 284054; 609681; 283995; 1930; 1061474; 436270; 447365,Ghost in the Shell; Toy Story 5; The Avengers; The Marvels; Superman,Tom Holland; Michael Keaton; Robert Downey Jr.; Marisa Tomei; Jon Favreau,2017-07-05,133,Jon Watts,Spider-Man (MCU) Collection,,,,2026-08-21,92,73,7.4,816073,0,0,0,0,8,11,8 wins & 11 nominations total,2026-08-22,false,,,68,100,98,83,27,You've loved 3 titles with Michael Keaton before.
movie:421473,Above Suspicion,2019,movie,Candidate,,tt5688068,421473,,,,,,,false,,3,Thriller; Crime; Action,"The chilling true story of a newly married FBI poster boy assigned to an Appalachian mountain town in Kentucky. There he is drawn into an illicit affair with an impoverished local woman who becomes his star informant. She sees in him her means of escape; instead, it's a ticket to disaster for both of them.",corruption; drug trafficking; fbi; kentucky; based on true story; betrayal; true crime; murder investigation; undercover operation; toxic relationship; police informant; affair; rookie agent; abuse of authority; pikeville,en,5.93,321,4.1363,1009772; 263782; 263815; 4569; 4133; 4169; 4383; 4349; 4351; 445517; 4195; 4836; 4824; 4882; 445786; 4771; 4911; 1195608; 4898; 46184,1082195; 10431; 561362; 1306368; 2026; 520016; 9366; 8374; 553604; 13975; 30941; 668489; 255157; 136795; 1227816; 9437; 716594; 134411; 976734; 1632,The Lindbergh Kidnapping Case; Breach; Dark Blue; The Order; War,Emilia Clarke; Jack Huston; Johnny Knoxville; Thora Birch; Sophie Lowe,2019-06-20,104,Phillip Noyce,,,,,2026-08-21,26,46,5.8,9661,0,0,0,0,0,0,N/A,2026-08-22,false,,,57,90,56,36,0,"Similar to The Rip, which you loved."
movie:345887,The Equalizer 2,2018,movie,Candidate,,tt3766354,345887,,,,,,,false,,3,Action; Thriller; Crime,"Robert McCall, who serves an unflinching justice for the exploited and oppressed, embarks on a relentless, globe-trotting quest for vengeance when his former partner is murdered.",drug dealer; central intelligence agency (cia); rape; kidnapping; hostage; hurricane; sequel; revenge; murder; gang; massacre; elite forces; vigilante justice,en,6.795,6105,15.7167,626129; 445120; 263336; 263341; 445262; 263456; 263471; 263472; 1566843; 813906; 1195107; 4023; 4034; 4043; 4193; 1388903; 263815; 4477; 4526,976734; 14373; 10650; 725201; 10431; 23587; 207768; 254904; 27576; 982940; 302156; 22171; 1413976; 400535; 1428; 102362; 278924; 4959; 30941; 717930,Irish Eyes; Canary Black; War; Sicario: Day of the Soldado; Once Upon a Time in Mexico,Denzel Washington; Pedro Pascal; Ashton Sanders; Orson Bean; Bill Pullman,2018-07-19,121,Antoine Fuqua,The Equalizer Collection,,,,2026-08-21,52,50,6.7,228463,0,0,0,0,1,4,1 win & 4 nominations total,2026-08-22,false,,,71,100,85,51,6,You've loved 1 title with Denzel Washington before.
movie:997120,Sniper: Rogue Mission,2022,movie,Candidate,,tt21222434,997120,,,,,,,false,,3,Action; Thriller; Mystery,"When a crooked federal agent is involved in a human sex trafficking ring, Sniper and CIA Rookie Brandon Beckett goes rogue, teaming up with his former allies Homeland Security Agent Zero and assassin Lady Death to uncover the corrupt agent and take down the criminal organization.",moral conflict; sequel; covert operation; sex trafficking; criminal investigation; corrupt agent; rogue agent; weapons trafficking; tactical infiltration; constant tension; elite sniper mission; field operative; team collaboration; military thriller; law enforcement corruption,en,6.22,182,4.6092,1191653; 332997; 333622; 334387; 1259309; 1259404; 703745; 116214; 1663527; 364160; 915403; 732203; 915935; 1268926; 1462566; 345887; 89661; 345529; 912649; 112703,1641319; 539885; 1410082; 976734; 717930; 668489; 1208561; 1197306; 347375; 1127110; 1171541; 1094974; 11412; 757725; 809314; 1125899; 400535; 156022; 1093995; 697843,Anatomy of a Fall; The Equalizer 2; Venom: The Last Dance; Canary Black; Havoc,Chad Michael Collins; Ryan Robbins; Sayaka Akimoto; Brendan Sexton III; Josh Brener,2022-08-16,96,Oliver Thompson,Sniper Collection,,,,2026-08-21,,,4.7,2689,0,0,0,0,0,0,3 nominations total,2026-08-22,false,,,67,85,51,,0,"Similar to Sicario: Day of the Soldado, which you loved."
movie:811208,Fall,2020,movie,Candidate,,tt14136398,811208,,,,,,,false,,2,Music; Drama,Soghoot (سقوط) A music Video By Amir Tabari,"country music; musician; music video; teheran (tehran), iran; iran; farsi",en,9,1,0.9343,445065; 626210; 263485; 1195398; 813804; 445422; 626486; 1010198; 3902; 1010112; 4684; 4688; 445705; 626767; 850348; 46156; 46286; 1426599; 850649; 296050,440918; 515114; 130593; 1450257; 109417; 14882; 114955; 267246; 206284; 897429; 14299; 14114; 12763; 766319; 11049; 353311; 568332; 603519; 14414; 73563,,Amir Tabari; Roxana Moghadam; Ali Hosseinzadeh,2020-06-06,3,Farbod Fardroo,,,,,2026-08-21,,49,,,0,0,0,0,0,0,N/A,2026-08-22,false,,,62,80,7,49,0,Titles you loved list this as similar or recommended (2 times).
movie:24804,Black Dynamite,2009,movie,Candidate,,tt1190536,24804,,,,,,,false,,2,Comedy; Action,"This is the story of 1970s African-American action legend Black Dynamite. The Man killed his brother, pumped heroin into local orphanages, and flooded the ghetto with adulterated malt liquor. Black Dynamite was the one hero willing to fight The Man all the way from the blood-soaked city streets to the hallowed halls of the Honky House.",spoof; blaxploitation cinema; duringcreditsstinger; amused,en,7.08,728,2.4457,315635; 74049; 319377; 1084244; 73937; 1084222; 1259984; 81937; 81470; 325358; 81789; 82992; 82650; 82702; 82703; 82690; 519174; 519182; 884605; 44028,17006; 293660; 4247; 342521; 208134; 20860; 59917; 1077280; 187017; 899112; 1273221; 188161; 928344; 59859; 50022; 267193; 383498; 436969; 14923; 356334,Spider-Man: Homecoming; Time to Spare; Toy Story 5; The Big Year; Fast & Furious 6,Michael Jai White; Arsenio Hall; Tommy Davidson; Kevin Chapman; Richard Edson,2009-10-16,85,Scott Sanders,,,,,2026-08-21,83,65,7.4,53669,0,0,0,0,1,4,1 win & 4 nominations total,2026-08-22,false,,,68,90,64,74,6,"Similar to Deadpool and Deadpool 2, which you loved."
movie:267193,Grimsby,2016,movie,Candidate,,tt3381008,267193,,,,,,,false,,2,Action; Comedy,"Wrongfully accused and on the run, a top MI6 assassin joins forces with his long-lost, football hooligan brother to save the world from a sinister plot.",sibling relationship; gun; spy; vulgar; hooligan; vulgarity; football (soccer); aftercreditsstinger,en,5.9,2566,6.2087,433; 457; 479; 496; 540; 561; 682; 691; 708; 714; 755; 773; 787; 652; 657; 660; 681; 646; 810214; 22,1410082; 59859; 13054; 1171541; 32081; 393; 208134; 187017; 293660; 522931; 949484; 1208561; 1048241; 1469354; 445571; 828898; 573435; 1084577; 616446; 647785,Shaft; Constantine; The Man with the Golden Gun; Thunderball; Diamonds Are Forever,Sacha Baron Cohen; Mark Strong; Isla Fisher; Penélope Cruz; Rebel Wilson,2016-02-24,83,Louis Leterrier,,,,,2026-08-21,37,44,6.2,118450,0,0,0,0,0,0,3 nominations total,2026-08-22,false,,,63,95,76,41,0,You've loved 1 title with Mark Strong before.
movie:254470,Pitch Perfect 2,2015,movie,Candidate,,tt2848292,254470,,,,,,,false,,2,Comedy; Music,"The Bellas are back, and they are better than ever. After being humiliated in front of none other than the President of the United States of America, the Bellas are taken out of the Aca-Circuit. In order to clear their name, and regain their status, the Bellas take on a seemingly impossible task: winning an international competition no American team has ever won. In order to accomplish this monumental task, they need to strengthen the bonds of friendship and sisterhood and blow away the competition with their amazing aca-magic! With all new friends and old rivals tagging along for the trip, the Bellas can hopefully accomplish their dreams.",sequel; singer; audition; group of friends; duringcreditsstinger; singing competition; woman director; acapella,en,6.84,5567,13.3643,2280; 2295; 263271; 1565960; 2357; 2433; 625572; 263467; 2758; 2770; 2771; 2976; 2978; 2989; 1008392; 3095; 3087; 263281; 1007801; 444471,353616; 8872; 531454; 11031; 76489; 501979; 17927; 1263256; 5516; 109418; 449562; 463272; 8699; 817; 109443; 1035259; 34423; 673593; 21779; 19366,Big; Clerks II; 10 Items or Less; American Pie 2; Ghostbusters II,Anna Kendrick; Brittany Snow; Hailee Steinfeld; Rebel Wilson; Ester Dean,2015-05-07,115,Elizabeth Banks,Pitch Perfect Collection,,,,2026-08-21,66,63,6.4,176393,0,0,0,0,10,17,10 wins & 17 nominations total,2026-08-22,false,,,86,100,84,65,37,You loved Pitch Perfect — this is another entry in the same Pitch Perfect franchise.
movie:4614,The Sum of All Fears,2002,movie,Candidate,,tt0164184,4614,,,,,,,false,,2,Thriller; Action; Drama,"When the president of Russia suddenly dies, a man whose politics are virtually unknown succeeds him. The change in political leaders sparks paranoia among American CIA officials, so CIA director Bill Cabot recruits a young analyst to supply insight and advice on the situation. Then the unthinkable happens: a nuclear bomb explodes in a U.S. city, and America is quick to blame the Russians.","central intelligence agency (cia); usa president; based on novel or book; atomic bomb; spy; cold war; intelligence; chechnya; intelligence agency; nuclear explosion; terrorism; jack ryan; ex military; russian president; baltimore, maryland",en,6.374,2009,11.4759,69266; 506482; 315837; 876648; 876699; 876797; 510584; 319284; 319287; 319373; 691018; 73358; 73420; 690293; 318846; 1084145; 73529; 318922; 318855; 510276,137094; 9331; 1087891; 522241; 1669; 31067; 26578; 2503; 56292; 296098; 860; 956; 4169; 31604; 10514; 577922; 667; 2370; 38363; 180,Ghost in the Shell; Fantômas; The Big Short; Mardock Scramble: The First Compression; Kill Your Friends,Ben Affleck; Morgan Freeman; James Cromwell; Liev Schreiber; Bridget Moynahan,2002-05-31,124,Phil Alden Robinson,,,,,2026-08-21,58,45,6.5,133688,0,0,0,0,2,5,2 wins & 5 nominations total,2026-08-22,false,,,59,95,74,52,9,You've loved 2 titles with Ben Affleck before.
movie:969492,Land of Bad,2024,movie,Candidate,,tt19864802,969492,,,,,,,false,,2,Action; War; Thriller,"When a Delta Force special ops mission goes terribly wrong, Air Force drone pilot Reaper has 48 hours to remedy what has devolved into a wild rescue operation. With no weapons and no communication other than the drone above, the ground mission suddenly becomes a full-scale battle when the team is discovered by the enemy.",brotherhood; air force; battle; behind enemy lines; special ops; rescue operation; life‑or‑death stakes; drone support; mission gone wrong; enemy fighters; tactical combat; intense firefights; constant pressure,en,7.286,1569,8.0285,1608445; 299822; 53423; 56084; 493954; 674588; 16441; 1216073; 31443; 31671; 31690; 1592778; 286668; 286873; 36573; 1401916; 37122; 37180; 37218; 37430,15379; 1076487; 260063; 13460; 10596; 14636; 10652; 538207; 8909; 808396; 189; 9383; 10431; 455236; 225747; 156717; 46217; 5549; 218; 250388,War,Liam Hemsworth; Russell Crowe; Luke Hemsworth; Ricky Whittle; Milo Ventimiglia,2024-02-09,113,William Eubank,,,,,2026-08-21,66,57,6.6,55510,0,0,0,0,0,0,1 nomination total,2026-08-22,false,,,56,95,71,62,0,Titles you loved list this as similar or recommended (2 times).
movie:489245,The Kill Team,2019,movie,Candidate,,tt6196936,489245,,,,,,,false,,2,War; Action; Drama,"When Andrew Briggman — a young soldier in the US Army during the invasion of Afghanistan — witnesses the murderous behavior of fellow soldiers, under the direction of a malevolent Sergeant, he faces a moral dilemma. His increasingly-violent platoon becomes suspicious that someone in their ranks has turned on them, and Andrew begins to fear for his safety. A fictionalized dramatization based on a true story.",based on true story,en,6.447,434,2.736,1079810; 510298; 510495; 510558; 510559; 876797; 318846; 73448; 73416; 73524; 73772; 876671; 73951; 1253773; 876871; 510666; 74107; 876326; 1253335; 1084442,531876; 291851; 96399; 11358; 1292415; 197; 316152; 14911; 9664; 429351; 405965; 9665; 39787; 245527; 26652; 44136; 8988; 715931; 15497; 1419826,The Big Short; The Outpost; Bat★21; Twelve O'Clock High,Nat Wolff; Alexander Skarsgård; Adam Long; Jonathan Whitesell; Brian Marc,2019-10-17,87,Dan Krauss,,,,,2026-08-21,69,60,6,8628,0,0,0,0,0,0,N/A,2026-08-22,false,,,63,90,59,65,0,"Similar to The Big Short, which you loved."
movie:567189,Tom Clancy's Without Remorse,2021,movie,Candidate,,tt0499097,567189,,,,,,,false,,2,Action; Thriller; War,An elite Navy SEAL uncovers an international conspiracy while seeking justice for the murder of his pregnant wife.,based on novel or book; u.s. navy seal; jack ryan; duringcreditsstinger,en,6.937,2781,5.6667,315635; 319287; 691018; 73529; 318922; 510276; 1253715; 1084199; 1084736; 81471; 883858; 82243; 82654; 519182; 1260594; 83359; 1094974; 1095407; 43012; 43751,75674; 1094974; 130267; 1093995; 476669; 4959; 949484; 1380291; 260063; 811592; 1410082; 1094319; 831946; 1469354; 931642; 1241436; 717930; 190859; 976734; 763788,Spider-Man: Homecoming; Fantômas; Mardock Scramble: The First Compression; Kill Your Friends; One Shot,Michael B. Jordan; Jamie Bell; Guy Pearce; Jodie Turner-Smith; Lauren London,2021-04-30,110,Stefano Sollima,,,,,2026-08-21,45,41,5.8,70410,0,0,0,0,0,0,1 nomination total,2026-08-22,false,,,67,95,77,43,0,You've loved 1 title from director Stefano Sollima before.
movie:347629,Thank You for Your Service,2017,movie,Candidate,,tt2776878,347629,,,,,,,false,,2,Drama; War,"A group of U.S. soldiers returning from Iraq struggle to integrate back into family and civilian life, while living with the memory of a war that threatens to destroy them long after they've left the battlefield.",post-traumatic stress disorder (ptsd); based on novel or book; biography; soldier; military; war psychology,en,6.582,426,2.5267,263341; 263371; 263373; 813845; 4049; 4106; 4193; 263799; 263815; 4464; 4476; 4481; 4497; 4537; 1389137; 4584; 4614; 1195543; 445651; 1566589,293767; 8988; 544401; 383585; 2604; 24559; 929590; 39787; 531876; 14462; 414425; 9967; 489245; 475132; 429351; 11296; 11358; 10015; 316042; 283587,Seabiscuit; Komang; The Sum of All Fears; The Yellow Birds; Civil War,Miles Teller; Haley Bennett; Joe Cole; Amy Schumer; Beulah Koale,2017-10-26,109,Jason Hall,,,,,2026-08-21,77,68,6.6,16363,0,0,0,0,1,1,1 win & 1 nomination total,2026-08-22,false,,,68,90,59,73,3,You've loved 2 titles with Miles Teller before.
movie:383585,The Yellow Birds,2018,movie,Candidate,,tt3739110,383585,,,,,,,false,,2,War; Drama,"Two young soldiers, Bartle and Murph, navigate the terrors of the Iraq war under the command of the older, troubled Sergeant Sterling. All the while, Bartle is tortured by a promise he made to Murph's mother before their deployment.",based on novel or book; soldier; iraq war; virginia,en,6.013,155,2.208,49225; 49249; 1429715; 853842; 49502; 1429912; 853888; 1057103; 854024; 854030; 49622; 1233122; 486906; 486863; 49712; 1230368; 47018; 297123; 297171; 297175,39787; 347629; 293767; 14911; 8988; 190859; 489245; 11296; 10142; 9665; 530915; 567189; 166607; 291851; 31906; 8741; 929590; 10015; 600; 531876,Age of Consent; Kill Your Darlings; So Evil My Love; The Passion of Ayn Rand; The Café at the Edge of the World,Tye Sheridan; Alden Ehrenreich; Jennifer Aniston; Jack Huston; Jason Patric,2018-05-24,96,Alexandre Moors,,,,,2026-08-21,45,56,5.8,4902,0,0,0,0,0,0,1 win & 2 nominations,2026-08-22,false,,,56,85,49,51,0,"Similar to Civil War, which you loved."
movie:87492,Foxcatcher,2014,movie,Candidate,,tt1100089,87492,,,,,,,false,,2,Drama; Thriller,The greatest Olympic Wrestling Champion brother team joins Team Foxcatcher led by multimillionaire sponsor John E. du Pont as they train for the 1988 games in Seoul - a union that leads to unlikely circumstances.,sports; wrestling; biography; based on true story; tragedy; brothers,en,6.648,2519,3.5582,49225; 1232827; 486946; 1056939; 1057006; 1429926; 1429912; 487058; 854015; 667585; 49622; 1057265; 49688; 1232882; 49367; 49349; 49401; 299714; 299649; 1233179,850165; 1292415; 592643; 481370; 718633; 760329; 1094974; 164457; 556501; 19092; 489243; 184341; 307081; 50380; 44695; 276907; 547017; 436932; 844416; 893086,Age of Consent; The Passion of Ayn Rand; The Iron Claw; The Smashing Machine; Hands of Stone,Steve Carell; Channing Tatum; Mark Ruffalo; Sienna Miller; Vanessa Redgrave,2014-11-14,134,Bennett Miller,,,,,2026-08-21,88,81,7,152838,0,5,0,0,12,82,Nominated for 5 Oscars. 12 wins & 82 nominations total,2026-08-22,false,,,67,95,76,85,100,You've loved 1 title from director Bennett Miller before.
movie:522938,Rambo: Last Blood,2019,movie,Candidate,,tt1206885,522938,,,,,,,false,,2,Action; Thriller; Drama,"After fighting his demons for decades, John Rambo now lives in peace on his family ranch in Arizona, but his rest is interrupted when Gabriela, the granddaughter of his housekeeper María, disappears after crossing the border into Mexico to meet her biological father. Rambo, who has become a true father figure for Gabriela over the years, undertakes a desperate and dangerous journey to find her.",post-traumatic stress disorder (ptsd); arizona; human trafficking; sequel; father figure; horse ranch; mexican american border; revenge plot; mexican cartel; rescue operation; inner demons; close‑quarters combat; cartel violence; underground tunnels; surrogate family,en,6.5,4298,10.6567,263341; 4108; 4476; 4481; 4155; 4170; 4437; 1566914; 4787; 46169; 46172; 1229934; 1229422; 850158; 46193; 296524; 47933; 47964; 47971; 298032,634528; 1900; 24832; 400535; 842544; 399361; 1280450; 572751; 258363; 1293162; 80389; 843380; 1196573; 459910; 49021; 760926; 1097311; 10999; 127521; 1619,Deepwater Horizon; The Marksman; Sicario: Day of the Soldado; Thieves Highway; Killer Elite,Sylvester Stallone; Paz Vega; Sergio Peris-Mencheta; Adriana Barraza; Yvette Monreal,2019-09-18,89,Adrian Grünberg,Rambo Collection,,,,2026-08-21,,26,6.1,118833,0,0,0,0,4,8,4 wins & 8 nominations total,2026-08-22,false,,,65,95,81,26,16,You've loved 2 titles with Sylvester Stallone before.
movie:49538,X-Men: First Class,2011,movie,Candidate,,tt1270798,49538,,,,,,,false,,2,Action; Science Fiction; Adventure,"Before Charles Xavier and Erik Lensherr took the names Professor X and Magneto, they were two young men discovering their powers for the first time. Before they were arch-enemies, they were closest of friends, working together with other mutants (some familiar, some new), to stop the greatest threat the world has ever known.",central intelligence agency (cia); nuclear war; superhero; mutant; mine; based on comic; prequel; superhuman; historical fiction; super power; cuban missile crisis; world war iii; 1960s; amused; excited,en,7.305,13755,1.4923,1232744; 1057001; 49516; 49521; 49524; 49530; 1608098; 49608; 1232779; 49332; 487242; 664996; 297189; 484641; 47070; 299559; 299536; 299537; 854455; 487670,1724; 142061; 1924; 14011; 1452; 791155; 624479; 123025; 127585; 1771; 320288; 11379; 1061474; 618355; 24428; 246655; 46529; 618354; 339964; 36658,Black Mask 2: City of Masks; R.I.P.D.; In Time; Avengers: Infinity War; Superman,James McAvoy; Michael Fassbender; Jennifer Lawrence; Rose Byrne; Kevin Bacon,2011-06-01,132,Matthew Vaughn,X-Men Collection,,,,2026-08-21,86,65,7.7,763121,0,0,0,0,22,40,22 wins & 40 nominations total,2026-08-22,false,,,58,100,92,76,84,You've loved 1 title with Michael Fassbender before.
movie:168259,Furious 7,2015,movie,Candidate,,tt2820852,168259,,,,,,,false,,2,Action; Crime; Thriller,Deckard Shaw seeks revenge against Dominic Toretto and his family for his comatose brother.,car race; speed; sequel; street race; revenge; race; cars; suspenseful; admiring; excited; sympathetic,en,7.214,11435,14.4148,69163; 315631; 69321; 69401; 69409; 69485; 1449056; 315837; 510496; 1253248; 1631395; 1631362; 318941; 1084187; 73595; 510276; 73603; 73751; 876684; 73943,385687; 82992; 385128; 13804; 136797; 13387; 51497; 1319895; 522016; 14979; 11676; 37821; 399170; 17585; 575264; 20003; 492613; 1035259; 27590; 900409,The Clairvoyant; Pretty Maids All in a Row; Aalwar; Ghost in the Shell; Fast X,Vin Diesel; Paul Walker; Dwayne Johnson; Michelle Rodriguez; Tyrese Gibson,2015-04-01,138,James Wan,The Fast and the Furious Collection,,,,2026-08-21,81,67,7.1,437204,0,0,0,0,36,36,36 wins & 36 nominations total,2026-08-22,false,,,57,100,91,74,100,Titles you loved list this as similar or recommended (2 times).
movie:385687,Fast X,2023,movie,Candidate,,tt5433140,385687,,,,,,,false,,2,Action; Crime; Thriller,"Over many missions and against impossible odds, Dom Toretto and his family have outsmarted, out-nerved and outdriven every foe in their path. Now, they confront the most lethal opponent they've ever faced: A terrifying threat emerging from the shadows of the past who's fueled by blood revenge, and who is determined to shatter this family and destroy everything—and everyone—that Dom loves, forever.",sequel; revenge; betrayal; racing; family; cliffhanger; cars; bold; brisk; forceful,en,6.984,6447,30.055,315631; 69485; 1449056; 510496; 1253248; 318941; 73595; 510276; 73603; 73751; 876684; 1084736; 325311; 1259935; 81861; 81887; 325555; 82077; 883835; 81463,168259; 385128; 13804; 82992; 13387; 136797; 1319895; 20003; 522016; 37821; 51497; 14979; 257088; 25266; 900409; 492613; 399170; 724209; 31604; 370172,Furious 7; F9; Fast & Furious 6,Vin Diesel; Michelle Rodriguez; Tyrese Gibson; Ludacris; John Cena,2023-05-17,142,Louis Leterrier,The Fast and the Furious Collection,,,,2026-08-21,56,56,5.7,145538,0,0,0,0,2,24,2 wins & 24 nominations total,2026-08-22,false,,,55,100,85,56,28,Titles you loved list this as similar or recommended (2 times).
movie:385128,F9,2021,movie,Candidate,,tt5433138,385128,,,,,,,false,,2,Action; Adventure; Crime,Dominic Toretto and his crew battle the most skilled assassin and high-performance driver they've ever encountered: his forsaken brother.,speed; family relationships; sequel; nostalgic; duringcreditsstinger; fast car; brother brother relationship; cars; farcical,en,6.987,7816,7.7833,315635; 1631395; 1631362; 1084242; 1084244; 73751; 1631405; 1631416; 1631423; 518493; 518502; 518596; 1461519; 82992; 82702; 82703; 82411; 82675; 82690; 519176,168259; 13804; 385687; 13387; 82992; 1029575; 1035259; 283995; 141052; 136797; 76600; 572802; 399170; 447365; 271110; 384018; 51497; 640146; 565770; 363088,Spider-Man: Homecoming; Toy Story 5; Fast & Furious 6; Furious 7; Fast X,Vin Diesel; Michelle Rodriguez; Tyrese Gibson; Ludacris; John Cena,2021-05-19,143,Justin Lin,The Fast and the Furious Collection,,,,2026-08-21,59,58,5.2,179684,0,0,0,0,2,13,2 wins & 13 nominations total,2026-08-22,false,,,55,100,87,59,17,Titles you loved list this as similar or recommended (2 times).
movie:436969,The Suicide Squad,2021,movie,Candidate,,tt6334354,436969,,,,,,,false,,2,Action; Comedy; Adventure,"Supervillains Harley Quinn, Bloodsport, Peacemaker and a collection of nutty cons at Belle Reve prison join the super-secret, super-shady Task Force X as they are dropped off at the remote, enemy-infused island of Corto Maltese.",monster; secret mission; superhero; anti hero; giant monster; gore; based on comic; alien; betrayal; alien invasion; convict; parasite; super villain; world domination; aftercreditsstinger,en,7.452,9802,38.586,315635; 69469; 315837; 510467; 876606; 73820; 876792; 1631780; 1084728; 1084117; 1084153; 73636; 1084242; 73935; 1631577; 73653; 325311; 325336; 325348; 518502,293660; 533535; 383498; 912649; 59859; 1003581; 338762; 618344; 487242; 828898; 791373; 496704; 109414; 166076; 338969; 310135; 2294; 522931; 24804; 267193,Spider-Man: Homecoming; Ghost in the Shell; Deadpool; Deadpool & Wolverine; Deadpool 2,Margot Robbie; Idris Elba; John Cena; Joel Kinnaman; Sylvester Stallone,2021-07-28,132,James Gunn,Suicide Squad Collection,,,,2026-08-21,,72,7.2,457420,0,0,0,0,4,44,4 wins & 44 nominations total,2026-08-22,false,,,91,100,89,72,52,You've loved 1 title with Joel Kinnaman before.
movie:59859,Kick-Ass 2,2013,movie,Candidate,,tt1650554,59859,,,,,,,false,,2,Action; Adventure; Crime,"After Kick-Ass' insane bravery inspires a new wave of self-made masked crusaders, he joins a patrol led by the Colonel Stars and Stripes. When these amateur superheroes are hunted down by Red Mist — reborn as The Mother Fucker — only the blade-wielding Hit-Girl can prevent their annihilation.",secret identity; crime fighter; superhero; based on comic; aftercreditsstinger; teen superhero; amused; appreciative; forceful,en,6.405,6683,7.2157,4105; 263852; 445070; 4147; 4442; 445571; 1195506; 4327; 445871; 483906; 850367; 46521; 48138; 485803; 47931; 1434859; 1063167; 1062807; 54310; 493529,23483; 293660; 736073; 383498; 932420; 736074; 342521; 187017; 522931; 33152; 879444; 436969; 34769; 207703; 1010830; 461130; 10027; 64688; 10553; 945937,The Brothers Grimm; Game Night; Charlie's Angels; Deadpool; Deadpool 2,Aaron Taylor-Johnson; Chloë Grace Moretz; Christopher Mintz-Plasse; Lyndsy Fonseca; Jim Carrey,2013-07-17,103,Jeff Wadlow,Kick-Ass Collection,,,,2026-08-21,33,41,6.5,299867,0,0,0,0,1,9,1 win & 9 nominations total,2026-08-22,false,,,71,100,85,37,11,You've loved 1 title with Christopher Mintz-Plasse before.
movie:533535,Deadpool & Wolverine,2024,movie,Candidate,,tt6263850,533535,,,,,,,false,,2,Action; Comedy; Science Fiction,"A listless Wade Wilson toils away in civilian life with his days as the morally flexible mercenary, Deadpool, behind him. But when his homeworld faces an existential threat, Wade must reluctantly suit-up again with an even more reluctant Wolverine.",hero; superhero; anti hero; mutant; breaking the fourth wall; aftercreditsstinger; duringcreditsstinger; marvel cinematic universe (mcu); mutants; superhero teamup,en,7.585,9232,55.8486,263852; 4474; 445070; 813924; 4141; 4442; 4247; 4258; 445571; 1195506; 4543; 4339; 445871; 46138; 850657; 850367; 46195; 485803; 852303; 298026,383498; 293660; 436969; 912649; 31867; 1209288; 2294; 338969; 1003581; 461130; 629176; 932420; 828898; 338762; 507244; 522931; 166076; 567604; 10366; 310135,The Brothers Grimm; Scary Movie; Scary Movie 5; Game Night; Monty Python's The Meaning of Life,Ryan Reynolds; Hugh Jackman; Emma Corrin; Matthew Macfadyen; Dafne Keen,2024-07-24,128,Shawn Levy,Deadpool Collection,,,,2026-08-21,77,56,7.5,565006,0,0,0,0,31,71,31 wins & 71 nominations total,2026-08-22,false,,,100,100,89,67,100,You loved Deadpool and Deadpool 2 — this is another entry in the same Deadpool franchise.
movie:912649,Venom: The Last Dance,2024,movie,Candidate,,tt16366836,912649,,,,,,,false,,2,Science Fiction; Action; Adventure,"Eddie and Venom are on the run. Hunted by both of their worlds and with the net closing in, the duo are forced into a devastating decision that will bring the curtains down on Venom and Eddie's last dance.",hero; superhero; anti hero; villain; alien life-form; based on comic; sequel; aftercreditsstinger; woman director,en,6.673,4438,30.6113,263341; 263794; 263852; 4474; 445651; 445070; 4140; 4141; 4365; 4437; 4442; 1195506; 1567021; 445871; 445890; 1604141; 850657; 1229934; 296146; 296099,539972; 436969; 293660; 335983; 383498; 34851; 496704; 533535; 338762; 932420; 1242898; 59859; 7737; 1003581; 10366; 507244; 1577; 27601; 828898; 31867,The Brothers Grimm; The Mitchells vs. the Mitchells; Vacation; The Suicide Squad; Deadpool,Tom Hardy; Chiwetel Ejiofor; Juno Temple; Rhys Ifans; Stephen Graham,2024-10-22,109,Kelly Marcel,Venom Collection,,,,2026-08-21,40,41,6,149838,0,0,0,0,2,8,2 wins & 8 nominations total,2026-08-22,false,,,77,95,81,41,12,You've loved 1 title with Juno Temple before.
movie:27578,The Expendables,2010,movie,Candidate,,tt1320253,27578,,,,,,,false,,2,Thriller; Adventure; Action,"Barney Ross leads a band of highly skilled mercenaries including knife enthusiast Lee Christmas, a martial arts expert Yin Yang, heavy weapons specialist Hale Caesar, demolitionist Toll Road, and a loose-cannon sniper Gunner Jensen. When the group is commissioned by the mysterious Mr. Church to assassinate the dictator of a small South American island, Barney and Lee visit the remote locale to scout out their opposition and discover the true nature of the conflict engulfing the city.",rescue; sniper; island; martial arts; tattoo; escape; mercenary; bridge; church; drugs; blade; duringcreditsstinger,en,6.251,8417,14.5111,263341; 4105; 4108; 4193; 1195436; 1009636; 1009640; 4170; 626393; 445204; 4407; 445856; 4643; 445694; 4772; 4858; 46251; 45965; 1229455,293660; 4959; 534490; 808023; 2019; 8068; 278924; 74998; 449985; 22832; 1212855; 1167271; 603692; 458156; 20681; 15092; 20762; 12106; 47971; 831946,Deadpool; Desperado; Fight or Flight; John Wick: Chapter 4; John Wick: Chapter 3 - Parabellum,Sylvester Stallone; Jason Statham; Jet Li; Dolph Lundgren; Eric Roberts,2010-08-07,103,Sylvester Stallone,The Expendables Collection,,,,2026-08-21,41,45,6.4,380153,0,0,0,0,3,5,3 wins & 5 nominations total,2026-08-22,false,,,53,100,88,43,11,You've loved 2 titles with Sylvester Stallone before.
movie:338762,Bloodshot,2020,movie,Candidate,,tt1634106,338762,,,,,,,false,,2,Action; Science Fiction; Adventure,"After he and his wife are murdered, marine Ray Garrison is resurrected by a team of scientists. Enhanced with nanotechnology, he becomes a superhuman, biotech killing machine—'Bloodshot'. As Ray first trains with fellow super-soldiers, he cannot recall anything from his former life. But when his memories flood back and he remembers the man that killed both him and his wife, he breaks out of the facility to get revenge, only to discover that there's more to the conspiracy than he thought.",nanotechnology; superhero; based on comic; memory; psychotronic; aggressive; valiant comics; powerful,en,6.673,5326,6.3427,263852; 4474; 445070; 1195506; 445871; 850657; 1603769; 850367; 46521; 485803; 47931; 1434859; 1063167; 54310; 55949; 1064869; 55887; 1435871; 1614628; 492531,10366; 8452; 293660; 912649; 263115; 296; 932420; 436969; 414190; 4923; 4965; 166076; 1576; 8078; 15257; 733317; 240832; 13460; 383498; 2789,Deadpool; Venom: The Last Dance; The Suicide Squad; Impostor; Deadpool 2,Vin Diesel; Eiza González; Sam Heughan; Toby Kebbell; Talulah Riley,2020-03-05,110,David S. F. Wilson,,,,,2026-08-21,31,44,5.7,90285,0,0,0,0,1,7,1 win & 7 nominations total,2026-08-22,false,,,74,100,83,38,9,You've loved 1 title with Toby Kebbell before.
movie:453,A Beautiful Mind,2001,movie,Candidate,,tt0268978,453,,,,,,,false,,2,Drama; Romance,"From the heights of notoriety to the depths of depravity, John Forbes Nash Jr. experiences it all. As a brilliant but socially awkward mathematician, he made a groundbreaking discovery early in his career and stands on the brink of international acclaim. But as the handsome and arrogant Nash accepts secret work in cryptography, he becomes entangled in a mysterious conspiracy. His life takes a nightmarish turn and he soon finds himself on a painful and harrowing journey of self-discovery.",schizophrenia; based on novel or book; love of one's life; self-discovery; professor; paranoia; mathematics; massachusetts; mathematician; economic theory; princeton university; nobel prize; mathematical theorem; delusion; genius,en,7.852,11279,11.8775,1079810; 506482; 510368; 510298; 510495; 876648; 319096; 876699; 510558; 510559; 876797; 510584; 319284; 319287; 319373; 690293; 318846; 73448; 73529; 73416,473; 489; 523781; 205596; 9062; 426; 574451; 64682; 4174; 11005; 11889; 152601; 249164; 26286; 157353; 8065; 407445; 72570; 22625; 778106,Whitney; Fantômas; The Big Short; Mardock Scramble: The First Compression,Russell Crowe; Jennifer Connelly; Ed Harris; Paul Bettany; Christopher Plummer,2001-12-14,135,Ron Howard,,,,,2026-08-21,74,72,8.2,1052138,4,0,0,0,37,69,Won 4 Oscars. 37 wins & 69 nominations total,2026-08-22,false,,,69,100,91,73,100,You've loved 2 titles with Jennifer Connelly before.
movie:1061474,Superman,2025,movie,Candidate,,tt5950044,1061474,,,,,,,false,,2,Science Fiction; Adventure; Action,"Superman, a journalist in Metropolis, embarks on a journey to reconcile his Kryptonian heritage with his human upbringing as Clark Kent.",dual identity; superhero; based on comic; dog; super power; reboot; kaiju; modern day adaptation; aftercreditsstinger; duringcreditsstinger; epic battle; supervillain; calm; dc universe (dcu); anti-imperialism,en,7.3,5308,35.2357,3930; 4105; 263852; 4474; 4610; 445651; 445070; 4442; 1195329; 1195506; 4327; 4917; 445871; 1053059; 850657; 483455; 46015; 483906; 663558; 850367,141052; 298618; 127585; 447365; 436270; 609681; 283995; 24428; 100402; 118340; 297556; 299536; 1924; 284054; 1771; 640146; 10138; 1081003; 183011; 986056,The Brothers Grimm; Charlie's Angels; The Marvels; The Avengers; Avengers: Infinity War,David Corenswet; Rachel Brosnahan; Nicholas Hoult; Edi Gathegi; Nathan Fillion,2025-07-09,130,James Gunn,Superman (DCU) Collection,,,,2026-08-21,83,68,7,436184,0,0,0,0,7,82,7 wins & 82 nominations total,2026-08-22,false,,,67,100,83,76,96,You've loved 1 title with Rachel Brosnahan before.
movie:24428,The Avengers,2012,movie,Candidate,,tt0848228,24428,,,,,,,false,,2,Science Fiction; Action; Adventure,"When an unexpected enemy emerges and threatens global safety and security, Nick Fury, director of the international peacekeeping agency known as S.H.I.E.L.D., finds himself in need of a team to pull the world back from the brink of disaster. Spanning the globe, a daring recruitment effort begins!",new york city; superhero; shield; based on comic; alien invasion; superhero team; aftercreditsstinger; duringcreditsstinger; marvel cinematic universe (mcu),en,8.068,39334,76.3462,263852; 4474; 445070; 3980; 4442; 1195506; 4722; 4639; 4928; 445871; 4858; 850657; 296100; 850367; 46195; 46521; 485803; 47933; 47931; 1062839,141052; 284054; 118340; 127585; 100402; 283995; 1771; 447365; 299536; 436270; 640146; 453395; 609681; 10138; 986056; 524434; 1452; 271110; 1061474; 497698,The Brothers Grimm; Avengers: Infinity War; The Marvels; Superman,Robert Downey Jr.; Chris Evans; Mark Ruffalo; Chris Hemsworth; Scarlett Johansson,2012-04-25,143,Joss Whedon,The Avengers Collection,,,,2026-08-21,91,69,8,1555308,0,1,0,0,40,81,Nominated for 1 Oscar. 40 wins & 81 nominations total,2026-08-22,false,,,68,100,100,80,100,You've loved 1 title with Robert Downey Jr. before.
movie:631843,Old,2021,movie,Candidate,,tt10954652,631843,,,,,,,false,,2,Thriller; Mystery; Horror,A group of families on a tropical holiday discover that the secluded beach where they are staying is somehow causing them to age rapidly – reducing their entire lives into a single day.,beach; husband wife relationship; schizophrenia; escape; time warp; rapper; coral reef; deception; time; aging; loss of virginity; trap; murder; corpse; family vacation,en,6.32,4999,9.35,49351; 49361; 49365; 486938; 49502; 49527; 49530; 487088; 1232769; 49315; 49786; 487249; 49341; 46980; 46995; 46921; 46945; 297191; 47156; 47044,458723; 24923; 431185; 667216; 419430; 10836; 29449; 1114513; 8461; 840882; 811656; 493922; 345911; 863873; 430231; 579047; 782936; 63; 306947; 9424,Lady in White; So Evil My Love; In Time; Devious Nanny; Don't Look Back,Gael García Bernal; Vicky Krieps; Rufus Sewell; Alex Wolff; Thomasin McKenzie,2021-07-21,108,M. Night Shyamalan,,,,,2026-08-21,50,55,5.8,182135,0,0,0,0,1,7,1 win & 7 nominations total,2026-08-22,false,,,73,95,83,53,9,You've loved 1 title with Rufus Sewell before.
movie:798362,The Marsh King's Daughter,2023,movie,Candidate,,tt8002382,798362,,,,,,,false,,2,Thriller; Crime; Mystery,"Helena, a woman living a seemingly ordinary life, hides a dark secret—her father is the infamous 'Marsh King', the man who kept her and her mother captive in the wilderness for years. After a lifetime of trying to escape her past, Helena is forced to face her demons when her father unexpectedly escapes from prison.",based on novel or book; angry; baffled; bewildered; derogatory; disapproving,en,6.401,414,4.2963,1429715; 49502; 299474; 49691; 49332; 49712; 47003; 297171; 46911; 46927; 47062; 297239; 46968; 487372; 50001; 1430548; 487558; 299850; 49818; 1611813,772973; 1530875; 808396; 395458; 938150; 782936; 13252; 1054867; 13483; 1128546; 40821; 916605; 1659087; 419835; 1196573; 27004; 814800; 3594; 970347; 1227816,Kill Your Darlings; So Evil My Love; BlacKkKlansman; One Battle After Another; Goodnight Mommy,Daisy Ridley; Ben Mendelsohn; Garrett Hedlund; Caren Pistorius; Brooklynn Prince,2023-09-28,109,Neil Burger,,,,,2026-08-21,39,47,5.9,14444,0,0,0,0,0,0,N/A,2026-08-22,false,,,63,90,58,43,0,"Similar to One Battle After Another, which you loved."
show:202097,Accused,2023,show,Candidate,,tt7949212,202097,,,,,,,false,,3,Crime; Drama,"In this crime anthology series, viewers discover how an ordinary person got caught up in an extraordinary situation, ultimately revealing how one wrong turn leads to another, until it’s too late to turn back. Told from the defendant’s point of view, each episode opens in a courtroom on the accused without knowing their crime or how they ended up on trial.",anthology; trial; courtroom; defendant,en,6.863,80,13.1259,2199; 2258; 94251; 61385; 61395; 2143; 61555; 126822; 94496; 61746; 126829; 30504; 30762; 61898; 305596; 305605; 94813; 208367; 208548; 127512,32940; 60791; 67384; 64513; 10370; 82883; 93749; 116799; 72496; 39852; 13796; 61056; 60622; 3470; 75191; 7460; 113036; 132016; 94251; 270734,The Missing; Inside No. 9; Goliath; American Crime Story; The Hitchhiker,,2023-01-22,,,,Ended,2,23,2026-08-22,,,,,,,,,,,,,false,,,74,70,43,,,"Similar to Goliath and The Lincoln Lawyer, which you loved."
show:256711,The Rainmaker,2025,show,Candidate,,tt6151526,256711,,,,,,,false,,3,Drama; Mystery,"Fresh out of law school, Rudy Baylor goes head to head with courtroom lion Leo Drummond as well as his law school girlfriend, Sarah. Rudy, along with his boss, Bruiser, and her disheveled paralegal, Deck, uncovers two connected conspiracies surrounding the mysterious death of their client's son.",based on novel or book,en,7.612,49,13.6486,61511; 2215; 305250; 305253; 240150; 94143; 276355; 276357; 94277; 94285; 94292; 61338; 61431; 305276; 126560; 126572; 126576; 30301; 126626; 30327,130464; 155534; 125816; 253376; 67384; 223599; 95839; 157372; 225265; 80213; 241372; 116799; 246461; 213306; 147050; 284605; 262352; 287231; 108181; 85853,Father Brown; Monarch of the Glen; Sarawat Mae Luk On; Koet Pen Ka; Fourever You,Milo Callaghan; Lana Parrilla; Madison Iseman; P.J. Byrne; Dan Fogler,2025-08-15,43,Michael Seitzman,,Returning Series,2,16,2026-08-22,,,,,,,,,,,,,false,,,72,80,38,,,"Similar to Goliath and The Lincoln Lawyer, which you loved."
show:44856,Wentworth,2013,show,Candidate,,tt2433738,44856,,,,,,,false,,3,Drama; Crime,Bea Smith is locked up while awaiting trial for the attempted murder of her husband and must learn how life works in prison. A modern adaptation and sequel of the iconic Prisoner series.,prison; women's prison,en,7.997,297,18.1225,2288; 61306; 94384; 61774; 94696; 61990; 2747; 2775; 62455; 62366; 277244; 1424; 126116; 2045; 62673; 241278; 278037; 3322; 63216; 303464,4275; 278178; 2850; 67384; 72039; 64836; 126167; 135868; 158083; 85385; 119845; 84303; 153657; 280511; 81358; 3322; 64199; 10370; 71715; 138108,Prison Break; Oz; I Will Find You; Goliath; The Patient,Danielle Cormack; Nicole da Silva; Kate Atkinson; Robbie Magasiva; Kate Jenkinson,2013-05-01,,Lara Radulovich,,Ended,9,100,2026-08-22,,,,,,,,,,,,,false,,,74,90,55,,,"Similar to Oz and Goliath, which you loved."
show:2919,Burn Notice,2007,show,Candidate,,tt0810788,2919,,,,,,,false,,3,Action & Adventure; Drama; Crime,A formerly blacklisted spy uses his unique skills and training to help people in desperate situations.,"miami, florida; espionage; caper; private investigator; ex spy; informative",en,7.479,603,36.5204,799; 938; 954; 996; 274748; 274776; 1131; 1405; 1407; 238886; 29606; 29574; 29502; 1438; 1432; 1695; 1620; 60603; 1929; 1908,45388; 31631; 758; 1532; 9855; 100383; 1465; 14666; 6550; 79593; 10360; 12026; 4614; 39497; 17610; 33091; 1620; 3114; 11174; 253368,Sherlock Holmes; The Rockford Files; Dexter; Homeland; The Wire,Jeffrey Donovan; Gabrielle Anwar; Bruce Campbell; Sharon Gless; Coby Bell,2007-06-28,45,Matt Nix,,Ended,7,111,2026-08-22,,,,,,,,,,,,,false,,,80,90,62,,,You've loved 1 title with Jeffrey Donovan before.
show:95205,The Equalizer,2021,show,Candidate,,tt11242246,95205,,,,,,,false,,3,Crime; Drama,"Robyn McCall, an enigmatic former CIA operative with a mysterious background, uses her extensive skills to help those with nowhere else to turn.",central intelligence agency (cia); single mother; secret life; fake death; secret past; ex military; fight for justice; secret hideout; dark web; based on tv series; former operative; former agent; computer hacker; former military; helping the helpless,en,7.261,327,33.5406,124540; 917; 206689; 1404; 1407; 60066; 29515; 92852; 1537; 1425; 1436; 239137; 93091; 93097; 29898; 93481; 93533; 60889; 207334; 126064,113962; 208713; 93166; 111800; 71146; 287238; 60855; 71715; 1407; 2046; 210916; 207334; 262793; 62560; 81946; 46952; 219971; 4297; 46533; 287167,Kate & Allie; Homeland; House of Cards; Justified; The Veil,Queen Latifah; Tory Kittles; Adam Goldberg; Liza Lapira; Laya DeLeon Hayes,2021-02-07,,Andrew W. Marlowe,,Canceled,5,74,2026-08-22,,,,,,,,,,,,,false,,,79,90,56,,,You've loved 1 title with Adam Goldberg before.
show:67026,Designated Survivor,2016,show,Candidate,,tt5296406,67026,,,,,,,false,,3,Drama; War & Politics,"Tom Kirkman, a low-level cabinet member is suddenly appointed President of the United States after a catastrophic attack during the State of the Union kills everyone above him in the Presidential line of succession.",usa president; affectation; politics; president; conspiracy; terrorism; biting; mourning; questioning; meditative; mysterious; usa politics; thoughtful; somber; philosophical,en,7.151,1169,26.2855,2919; 277387; 277404; 277406; 2929; 241372; 208921; 208932; 277414; 241279; 241257; 241361; 241363; 241303; 95286; 31331; 127641; 306189; 241166; 95057,1407; 216082; 93740; 113962; 1425; 104954; 245219; 245927; 222766; 64464; 194567; 80307; 95396; 203857; 1973; 83251; 139628; 156819; 70485; 60972,Burn Notice; Ramona; The Dangerous Affair; Obsessed; Time Bomb 9/11,Kiefer Sutherland; Maggie Q; Kal Penn; Adan Canto; Italia Ricci,2016-09-21,,David Guggenheim,,Canceled,3,53,2026-08-22,,,,,,,,,,,,,false,,,75,95,69,,,"Similar to Homeland and House of Cards, which you loved."
show:124643,Family Law,2021,show,Candidate,,tt11873484,124643,,,,,,,false,,3,Drama,"Lawyer and recovering alcoholic Abigail Bianchi is struggling to put her career and family back together after hitting rock bottom. As a condition of her probation, Abby is forced to work at her estranged father’s firm, Svensson and Associates, and practice in family law for the first time while forging new relationships with the half-brother and half-sister whom she’s never met. The result is a dysfunctional family law firm operating to help other families with their own dysfunctions.",dysfunctional family; lawyer; vancouver; law firm; legal drama,en,7.231,39,13.4466,124788; 124825; 1053; 92369; 1274; 1256; 92708; 1086; 59789; 124861; 1365; 1398; 93027; 60059; 29600; 125449; 206715; 1480; 29829; 1435,72743; 71766; 90872; 341; 2093; 21762; 3050; 126660; 1950; 84007; 61733; 492; 95004; 120835; 211564; 3769; 4582; 7098; 85547; 587,Second Chance; Heart's Decree; Six Feet Under; Eli Stone; The Sopranos,Jewel Staite; Zach Smadu; Genelle Williams; Lauren Holly; Victor Garber,2021-09-16,45,Susin Nielsen,,Ended,4,40,2026-08-22,,,,,,,,,,,,,false,,,76,80,36,,,You've loved 1 title with Lauren Holly before.
show:1403,Marvel's Agents of S.H.I.E.L.D.,2013,show,Candidate,,tt2364582,1403,,,,,,,false,,3,Drama; Sci-Fi & Fantasy; Action & Adventure,"Agent Phil Coulson of S.H.I.E.L.D. (Strategic Homeland Intervention, Enforcement and Logistics Division) puts together a team of agents to investigate the new, the strange and the unknown around the globe, protecting the ordinary from the extraordinary.",secret government organization; superhero; based on comic; marvel cinematic universe (mcu),en,7.5,3873,74.3641,2901; 208891; 241388; 127635; 127753; 95057; 2847; 2640; 127828; 31295; 62688; 62643; 95499; 95503; 3001; 62798; 3069; 3072; 95707; 306479,62285; 75450; 61889; 114472; 71663; 66190; 76479; 114922; 88987; 79788; 71340; 48860; 67178; 62643; 38472; 205715; 1412; 60611; 1639; 62127,Superman & Lois; Supergirl; DC's Legends of Tomorrow; Titans; Marvel's Daredevil,Clark Gregg; Chloe Bennet; Elizabeth Henstridge; Ming-Na Wen; Henry Simmons,2013-09-24,,Joss Whedon,,Ended,7,136,2026-08-22,,,,,,,,,,,,,false,,,79,95,80,,,"Similar to Marvel's Daredevil and The Boys, which you loved."
show:62643,DC's Legends of Tomorrow,2016,show,Candidate,,tt4532368,62643,,,,,,,false,,3,Action & Adventure; Sci-Fi & Fantasy; Drama,"When heroes alone are not enough ... the world needs legends. Having seen the future, one he will desperately try to prevent from happening, time-traveling rogue Rip Hunter is tasked with assembling a disparate group of both heroes and villains to confront an unstoppable threat — one in which not only is the planet at stake, but all of time itself. Can this ragtag team defeat an immortal threat unlike anything they have ever known?",villain; time travel; superhero; based on comic; spin off; superhero team; arrowverse,en,7.248,2503,44.6596,61474; 207961; 2277; 2284; 2287; 2253; 2263; 2344; 2345; 61384; 61387; 61389; 2159; 2228; 2230; 61538; 61550; 2328; 126559; 126485,75450; 195868; 71663; 93484; 1412; 88987; 79788; 1403; 66190; 205715; 158141; 62285; 71340; 76479; 79501; 75006; 63210; 61889; 424; 67178,Titans; Black Lightning; Arrow; Watchmen; Marvel's Agents of S.H.I.E.L.D.,Caity Lotz; Tala Ashe; Jes Macallan; Olivia Swann; Adam Tsekhman,2016-01-21,42,Greg Berlanti,,Canceled,7,110,2026-08-22,,,,,,,,,,,,,false,,,78,95,76,,,"Similar to Watchmen and The Boys, which you loved."
show:112693,Kin,2021,show,Candidate,,tt13444408,112693,,,,,,,false,,3,Crime; Drama,The lives of a Dublin family embroiled in a gangland war and the consequences of their choices.,"drug trafficking; gangster; dublin, ireland; organized crime; crime family; ex-con",en,7.656,77,9.9771,277439; 2966; 95734; 63141; 306614; 62733; 31586; 241521; 209332; 3277; 209454; 28196; 237326; 383; 91699; 237558; 625; 844; 59312; 938,33273; 66025; 2204; 66676; 286709; 1398; 49010; 255570; 60574; 194764; 1409; 85021; 97890; 54650; 218344; 119845; 138108; 76231; 97951; 262280,Cape Fear; Westside; The Bletchley Circle; Animal Kingdom; Brotherhood,Charlie Cox; Aidan Gillen; Clare Dunne; Maria Doyle Kennedy; Emmett J. Scanlan,2021-09-09,,Peter McKenna,,Canceled,2,16,2026-08-22,,,,,,,,,,,,,false,,,81,85,42,,,You've loved 1 title with Charlie Cox before.
show:65454,Horace and Pete,2016,show,Candidate,,tt5425186,65454,,,,,,,false,,3,Drama; Comedy,"The owners of a dive bar in Brooklyn, Horace and Pete, along with bar regulars share their experiences and lives with each other while drinking or working at the bar.","sibling relationship; parent child relationship; family history; family business ; dark comedy; drug use; alcoholic; brooklyn, new york city; psychosis; institutionalization; broken home; barflies; father daughter relationship; age-gap relationship",en,7.657,162,5.6776,61496; 61529; 2197; 2204; 2211; 208146; 2297; 2305; 240144; 94137; 2147; 61427; 30381; 94016; 208208; 94559; 61746; 30562; 30543; 61792,2710; 34307; 1906; 76331; 2691; 249039; 154385; 71199; 126914; 260458; 116450; 67280; 186; 61986; 197373; 1274; 136311; 72844; 81357; 62117,Jam; Brotherhood; 'Allo 'Allo!; 180 Degree Longitude Passes Through Us; Revamp: The Undead Story,Louis C.K.; Steve Buscemi; Edie Falco; Steven Wright; Kurt Metzger,2016-01-30,30,Louis C.K.,,Ended,1,10,2026-08-22,,,,,,,,,,,,,false,,,82,85,49,,,You've loved 1 title with Steve Buscemi before.
show:87428,Why Women Kill,2019,show,Candidate,,tt9054904,87428,,,,,,,false,,3,Comedy; Crime; Drama,"Three women living in three different decades: a housewife in the '60s, a socialite in the '80s and a lawyer in 2018, deal with infidelity in their marriages.",wife; marriage; shocking; suspenseful; intense,en,7.876,398,21.7772,60715; 305613; 94028; 275971; 2874; 60782; 3114; 3050; 94413; 305997; 61244; 3216; 3316; 61213; 31243; 3719; 31331; 3676; 240692; 3748,197373; 71715; 69470; 154385; 693; 67280; 81357; 67384; 136044; 41875; 186; 81317; 158083; 135868; 226174; 126914; 10370; 122196; 85385; 241372,RIPLEY; The Practice; Happy Valley; Ramzor; Good Girls,Allison Tolman; Lana Parrilla; Nick Frost; B.K. Cannon; Jordane Christie,2019-08-15,50,Marc Cherry,,Canceled,2,20,2026-08-22,,,,,,,,,,,,,false,,,73,90,58,,,"Similar to Goliath and Weeds, which you loved."
show:124364,FROM,2022,show,Candidate,,tt9813792,124364,,,,,,,false,,3,Mystery; Drama; Sci-Fi & Fantasy,"Unravel the mystery of a nightmarish town in middle America that traps all those who enter. As the unwilling residents fight to keep a sense of normalcy and search for a way out, they must also survive the threats of the surrounding forest – including the terrifying creatures that come out when the sun goes down.",sheriff; small town; gore; trapped; folk horror; supernatural horror; lovecraftian; suspense; violence; horror,en,8.5,4186,160.2167,277453; 306086; 95041; 95210; 240942; 240975; 127711; 127896; 31319; 3004; 62798; 241590; 95744; 95767; 95643; 62773; 95557; 62913; 62919; 128095,66732; 68315; 10545; 93784; 84647; 247721; 71116; 86423; 120462; 79240; 3470; 1920; 82816; 93826; 254013; 12832; 95839; 253372; 80213; 83659,The Stranded; He She It; Doubt; Knock Out; Newhart,Harold Perrineau; Catalina Sandino Moreno; Ricky He; David Alpay; Chloe Van Landschoot,2022-02-20,,John Griffin,,Returning Series,4,40,2026-08-22,,,,,,,,,,,,,false,,,76,95,81,,,You've loved 1 title with Harold Perrineau before.
show:1416,Grey's Anatomy,2005,show,Candidate,,tt0413573,1416,,,,,,,false,,3,Drama,Follows the personal and professional lives of a group of doctors at Seattle's Grey Sloan Memorial Hospital.,"seattle, washington; trauma; workplace; hospital; doctor; medical student; surgical interns; medical drama",en,8.206,11019,253.5167,61517; 2167; 2170; 2179; 2294; 208146; 2305; 61444; 30435; 93975; 239993; 2371; 126723; 61399; 276582; 94585; 61670; 61567; 94529; 30876,4588; 99530; 62650; 63418; 3172; 93749; 80350; 5375; 125952; 249695; 60866; 71712; 124271; 34415; 158083; 37092; 205272; 67384; 72071; 240740,"Cutter to Houston; Quincy, M.E.; China Beach; 180 Degree Longitude Passes Through Us; ER",Ellen Pompeo; Chandra Wilson; James Pickens Jr.,2005-03-27,,Shonda Rhimes,,Returning Series,23,466,2026-08-22,,,,,,,,,,,,,false,,,77,100,90,,,You've loved 1 title with Ellen Pompeo before.
show:95004,Tyler Perry's The Oval,2019,show,Candidate,,tt10580092,95004,,,,,,,false,,3,Drama; Family,"A seemingly perfect interracial first family becomes the White House's newest residents. But behind closed doors they unleash a torrent of lies, cheating and corruption.",politics,en,8.2,98,19.0987,277414; 62459; 62614; 62814; 95603; 128459; 91016; 235; 58464; 91506; 91725; 58776; 688; 59617; 1425; 1435; 29642; 126029; 93522; 60719,21762; 76818; 341; 254071; 1054; 84007; 120835; 3828; 881; 94245; 2751; 112945; 85950; 66830; 74016; 126660; 214259; 33155; 68780; 85547,Banned Tape; 1992; The Tiger; The Spy; Empire of Gold,Ed Quinn; Kron Moore; Javon Johnson; Ptosha Storey; Daniel Croix,2019-10-23,42,Tyler Perry,,Returning Series,7,157,2026-08-22,,,,,,,,,,,,,false,,,80,85,45,,,"Similar to The West Wing and House of Cards, which you loved."
show:201877,Walker Independence,2022,show,Candidate,,tt16373746,201877,,,,,,,false,,2,Western; Crime; Drama,"Set in the late 1800s, this origin story follows Abby Walker, an affluent Bostonian whose husband is murdered before her eyes while on their journey out West, as she crosses paths with Hoyt Rawlins, a lovable rogue in search of purpose. Abby and Hoyt's journey takes them to Independence, Texas, a small town with a big future.",texas; prequel,en,6.656,48,4.6259,277445; 62732; 128113; 123517; 40; 51; 314; 303124; 124394; 661; 877; 124800; 59659; 60059; 275188; 29497; 60626; 207484; 239663; 239961,240993; 118357; 2562; 41692; 89498; 43901; 60626; 124800; 138971; 122235; 1401; 99346; 66025; 105804; 280511; 157744; 207718; 273247; 1406; 80213,Power: Origins; Texas Rising; Power Book III: Raising Kanan; Caprica; Love & Death,Katherine McNamara; Matt Barr; Katie Findlay; Justin Johnson Cortez; Greg Hovanessian,2022-10-06,50,,,Canceled,1,13,2026-08-22,,,,,,,,,,,,,false,,,70,65,38,,,"Similar to Better Call Saul and 1883, which you loved."
show:157732,Lawmen: Bass Reeves,2023,show,Candidate,,tt15399640,157732,,,,,,,false,,2,Drama,"The story of Bass Reeves, the legendary lawman of the wild West, is brought to life. Reeves worked in the post-Reconstruction era as a federal peace officer in the Indian Territory, capturing over 3,000 of the most dangerous criminals without ever being wounded—and is believed to be the inspiration for The Lone Ranger.",miniseries; u.s. marshal; wild west; freed slave,en,6.956,180,9.8104,61428; 61498; 208071; 208146; 240085; 240144; 61380; 61393; 2239; 61559; 126577; 30280; 126670; 30324; 30327; 30381; 30427; 30503; 94028; 208182,118357; 41692; 201304; 1436; 215866; 157744; 1401; 122235; 5742; 89498; 43901; 138971; 2562; 240993; 62732; 73467; 62119; 1406; 99346; 211288,Cilla; The Great Fire; The Althea Tapes; 180 Degree Longitude Passes Through Us; Out There,David Oyelowo; Lauren E. Banks; Demi Singleton; Forrest Goodluck; Barry Pepper,2023-11-05,,Chad Feehan,,Ended,1,8,2026-08-22,,,,,,,,,,,,,false,,,79,85,50,,,You've loved 1 title from creator Chad Feehan before.
show:3050,The Practice,1997,show,Candidate,,tt0118437,3050,,,,,,,false,,2,Drama,"A provocative legal drama focused on young associates at a bare-bones Boston firm and their scrappy boss, Bobby Donnell. The show's forte is its storylines about “people who walk a moral tightrope.”","boston, massachusetts; lawyer; law firm; zealous; complex; serious; dramatic; suspenseful; tense; intense; bold",en,7.631,111,35.3659,208146; 61554; 61555; 2327; 94028; 276254; 276563; 94607; 61786; 61889; 240558; 61664; 62085; 305613; 2420; 208397; 2466; 240816; 61932; 61986,71766; 72743; 2093; 2327; 61733; 124643; 4376; 67118; 90872; 81499; 211564; 7098; 3216; 21762; 84007; 94245; 241549; 1021; 133908; 74016,180 Degree Longitude Passes Through Us; The Missing; RIPLEY; My Name is Melek; Marvel's Daredevil,Steve Harris; Camryn Manheim; Michael Badalucco; Jessica Capshaw; James Spader,1997-03-04,44,David E. Kelley,,Ended,8,168,2026-08-22,,,,,,,,,,,,,false,,,74,85,46,,,You've loved 3 titles from creator David E. Kelley before.
show:16997,The Pacific,2010,show,Candidate,,tt0374463,16997,,,,,,,false,,2,Drama; Action & Adventure; War & Politics,"Track the intertwined real-life stories of three U.S. Marines – Robert Leckie, John Basilone, and Eugene Sledge – across the vast canvas of the Pacific Theater during World War II. A companion piece to the 2001 miniseries Band of Brothers.",world war ii; marine corps; okinawa; pacific war; miniseries; historical; military life; guadalcanal; iwo jima; pacific theater; military; japanese soldier; historical drama; paratrooper; 1940s,en,7.797,2577,18.5259,61473; 61424; 61428; 61430; 61498; 61461; 207965; 207976; 208033; 208071; 2204; 2211; 2294; 208146; 240085; 240144; 276331; 94277; 61259; 61380,32675; 4613; 46518; 71789; 11095; 2321; 126308; 120911; 17035; 47665; 238339; 113962; 83015; 66871; 73544; 57276; 69090; 66857; 67178; 138624,Cilla; The Great Fire; Scent of Love; The Althea Tapes; Brotherhood,James Badge Dale; Jon Seda; Joseph Mazzello; Ashton Holmes; Jacob Pitts,2010-03-14,,Bruce C. McKenna,,Ended,1,10,2026-08-22,,,,,,,,,,,,,false,,,73,95,76,,,"Similar to Band of Brothers and Shōgun, which you loved."
show:60726,Forever,2014,show,Candidate,,tt3487382,60726,,,,,,,false,,2,Drama; Crime; Mystery; Sci-Fi & Fantasy,"Doctor Henry Morgan, New York City’s star medical examiner, has a secret. He doesn't just study the dead to solve criminal cases, he does it to solve the mystery that has eluded him for 200 years—the answer to his own inexplicable immortality. This long life has given Henry remarkable observation skills which impresses his new partner, Detective Jo Martinez. Each week, a new case and their budding friendship will reveal layers of Henry’s long and colorful past. Only his best friend and confidant, Abe knows Henry’s secret.",new york city; immortality; police; morgue; coroner; criminal investigation; murder investigation; medical examination; medical drama,en,7.811,655,13.4875,2750; 2756; 2822; 239911; 60809; 60796; 60850; 94000; 2766; 239961; 60804; 2681; 239741; 93911; 30435; 60839; 3114; 30512; 94535; 94597,77947; 2750; 2458; 240740; 5920; 1911; 2171; 1405; 60866; 4860; 46648; 228026; 61056; 549; 95272; 1431; 63201; 86848; 91875; 72745,Broad City; Scarpetta; Cold Case; Dexter; Waking the Dead,Ioan Gruffudd; Judd Hirsch; Alana de la Garza; Lorraine Toussaint; Donnie Keshawarz,2014-09-22,44,Matthew Miller,,Canceled,1,22,2026-08-22,,,,,,,,,,,,,false,,,72,90,63,,,"Similar to Dexter and True Detective, which you loved."
show:66310,StartUp,2016,show,Candidate,,tt5028002,66310,,,,,,,false,,2,Crime; Drama,"A desperate banker needs to conceal stolen money. A Haitian-American gang lord wants to go legit. A Cuban-American hacker has an idea that will revolutionize the very future of money itself. Forced to work together, they unwittingly create their version of the American dream - organized crime 2.0.","miami, florida; organized crime; digital currency",en,7.17,274,14.8964,2204; 61393; 61418; 94394; 30543; 30878; 94696; 2581; 94659; 2873; 31050; 62172; 95240; 1398; 1405; 1409; 238843; 1438; 29746; 1620,1409; 153657; 76231; 1908; 54650; 64481; 106158; 64199; 119845; 255570; 194764; 249039; 156902; 101591; 75666; 97890; 68018; 66676; 71715; 75797,Brotherhood; The Sopranos; Dexter; Sons of Anarchy; The Wire,Adam Brody; Edi Gathegi; Otmara Marrero; Addison Timlin; Ron Perlman,2016-09-06,45,Ben Ketai,,Ended,3,30,2026-08-22,,,,,,,,,,,,,false,,,77,90,54,,,You've loved 1 title with Edi Gathegi before.
show:246412,The Copenhagen Test,2025,show,Candidate,,tt31314791,246412,,,,,,,false,,2,Action & Adventure; Mystery; Sci-Fi & Fantasy,"When an analyst discovers his eyes and ears have been hacked, he's drawn into a controlled world designed by his agency to draw out their enemies.",hacker; hack; serious; science fiction; techno thriller; thriller; intense; excited,en,6.559,102,14.0734,124548; 124605; 238251; 889; 931; 274668; 92246; 274735; 1269; 1295; 1095; 238549; 92602; 206674; 1338; 1405; 1411; 238843; 239000; 125156,1411; 76479; 433; 34967; 194567; 42009; 128839; 424; 84553; 231003; 65820; 43020; 67684; 75450; 52814; 63639; 1403; 233629; 67198; 70485,The Temptation Of Happiness; Segunda muerte; Talking Bones; Ghost in the Shell: Stand Alone Complex; Dead Friend Forever,Simu Liu; Melissa Barrera; Sinclair Daniel; Brian d'Arcy James; Mark O'Brien,2025-12-27,,Thomas Brandon,,Canceled,1,8,2026-08-22,,,,,,,,,,,,,false,,,72,85,45,,,"Similar to Dexter and The Boys, which you loved."
movie:1433842,Relationship Goals,2026,movie,Candidate,,tt35718349,1433842,,,,,,,false,,2,Romance; Comedy,"When TV producer Leah Caldwell aims to become the first woman running New York's top morning show, her ex competes for the same role. Leah stays focused on her career, until chemistry with her ex challenges her priorities.",based on novel or book; romcom,en,6.191,68,6.3296,1079753; 506480; 876648; 876655; 876797; 510584; 318846; 73545; 318917; 318922; 318855; 319171; 73937; 319389; 1631475; 81888; 82263; 81558; 1092925; 1259835,1321439; 583083; 1618945; 449563; 865559; 818612; 523773; 799883; 12708; 209406; 727745; 24621; 1122418; 26014; 16899; 565426; 1218762; 4967; 27397; 15128,The Big Short; Kill Your Friends; The Big Year; The Wrong Paris; Yoh! Bestie,Kelly Rowland; Method Man; Robin Thede; Annie Gonzalez; Dennis Haysbert,2026-02-04,96,Linda Mendoza,,,,,2026-08-22,,,,,,,,,,,,,false,,,64,85,41,,,"Similar to The Big Short, which you loved."
movie:504562,Motherless Brooklyn,2019,movie,Candidate,,tt0385887,504562,,,,,,,false,,2,Drama; Thriller,"New York City, 1957. Lionel Essrog, a private detective living with Tourette syndrome, tries to solve the murder of his mentor and best friend, armed only with vague clues and the strength of his obsessive mind.","based on novel or book; jazz club; tourette syndrome; brooklyn, new york city; private detective; murder investigation; political corruption; neo-noir; 1950s",en,6.682,1631,7.3524,263341; 263371; 1388694; 813845; 4025; 4049; 4193; 263799; 263815; 4464; 4476; 4481; 4497; 4537; 4584; 4614; 1195543; 445651; 1566589; 263579,2118; 8512; 793; 311; 14786; 11324; 27958; 240; 169917; 24249; 2142; 6075; 647557; 1145725; 31598; 27033; 470044; 16056; 1429; 22342,Seabiscuit; The Sum of All Fears,Edward Norton; Bruce Willis; Gugu Mbatha-Raw; Alec Baldwin; Willem Dafoe,2019-10-31,145,Edward Norton,,,,,2026-08-22,,,,,,,,,,,,,false,,,54,95,72,,,Titles you loved list this as similar or recommended (2 times).
movie:50839,Margin Call,2011,movie,Candidate,,tt1615147,50839,,,,,,,false,,2,Thriller; Drama,"Set in the high-stakes world of the financial industry, involving the key players at an investment firm during one perilous 24-hour period in the early stages of the 2008 financial crisis. An entry-level analyst unlocks information that could prove to be the downfall of the firm.",capitalism; brokerage; wall street; based on true story; morality; economics; downsizing; financial crisis; stock market; stock market crash; investment; investment banker,en,6.861,2147,9.0061,1232827; 486946; 1057006; 1429926; 1429912; 854015; 49622; 49688; 1232882; 49367; 299714; 46976; 46995; 297017; 297055; 297172; 47044; 47113; 665133; 1427472,184125; 65034; 1359; 60599; 363992; 489243; 14181; 928270; 10673; 893086; 1317288; 4959; 717980; 846956; 1263012; 968; 43549; 17365; 87492; 18487,The Passion of Ayn Rand; Into the Blue; American Psycho; Marty Supreme; Dead Man's Wire,Kevin Spacey; Zachary Quinto; Paul Bettany; Jeremy Irons; Simon Baker,2011-09-28,107,J.C. Chandor,,,,,2026-08-22,,,,,,,,,,,,,false,,,69,95,74,,,You've loved 1 title with Jeremy Irons before.
movie:862557,The Hill,2023,movie,Candidate,,tt8051894,862557,,,,,,,false,,2,History; Drama,"The story of Rickey Hill, who overcomes his physical disability and repairs his relationship with his father in a quest to become a major league baseball (MLB) player.",baseball; based on true story; christian faith,en,7.618,317,3.2423,1079810; 510298; 510495; 1253511; 510558; 510559; 876797; 318846; 73448; 73335; 73416; 73524; 73772; 876671; 73951; 1253773; 876871; 510666; 74107; 876326,56601; 292011; 1143508; 727306; 649394; 198185; 11652; 763144; 589612; 11170; 14534; 14635; 82631; 249660; 1115009; 176124; 430446; 42459; 236751; 70925,The Big Short; Invincible; Rudy,Colin Ford; Dennis Quaid; Joelle Carter; Scott Glenn; Siena Bjornerud,2023-08-18,121,Jeff Celentano,,,,,2026-08-22,,,,,,,,,,,,,false,,,79,90,56,,,You've loved 1 title with Joelle Carter before.
movie:1433719,High Ground,2025,movie,Candidate,,tt35669717,1433719,,,,,,,false,,2,Thriller; Crime; Action,"When a mysterious prisoner lands in jail, a border town sheriff faces the wrath of a brutal cartel.",sheriff; prisoner; diner; police corruption; border town; cartel; mexican cartel; brutal murder; holy bible,en,6.038,52,3.6471,82140; 82825; 326697; 44289; 44373; 43754; 1242332; 497370; 313922; 1105887; 97044; 97630; 710615; 95852; 333168; 529210; 96413; 99545; 80389; 324542,325173; 1293162; 6977; 80389; 76640; 808023; 634528; 8978; 843380; 1227816; 8068; 339692; 20287; 17814; 9509; 20411; 24411; 1128377; 9702; 755,Kahaani; Zero Dark Thirty; Close Range; Thieves Highway; No Country for Old Men,Charlie Weber; Jon Voight; Katherine McNamara; Henry Thomas; James Oliver Wheatley,2025-03-17,92,James Bamford,,,,,2026-08-22,,,,,,,,,,,,,false,,,73,85,39,,,"Similar to Zero Dark Thirty and No Country for Old Men, which you loved."
movie:1293162,Thieves Highway,2025,movie,Candidate,,tt32801387,1293162,,,,,,,false,,2,Crime; Thriller; Western; Action,"After discovering a plot to haul stolen cattle in the middle of nowhere, a desperate and isolated lawman becomes the only thing standing between a group of dangerous rustlers and a clear run to the border.",,en,7.5,78,6.6641,,843380; 1227816; 808023; 1007427; 754452; 14576; 1530875; 1293286; 20411; 887767; 656940; 970347; 174751; 1024627; 1128546; 4959; 1128377; 1242501; 1217379; 1180906,In Cold Light,Aaron Eckhart; Devon Sawa; Lucy Martin; Lochlyn Munro; The D.O.C.,2025-11-07,83,Jesse V. Johnson,,,,,2026-08-22,,,,,,,,,,,,,false,,,61,85,42,,,Titles you loved list this as similar or recommended (2 times).
movie:76640,The Last Stand,2013,movie,Candidate,,tt1549920,76640,,,,,,,false,,2,Action; Crime; Thriller,"Ray Owens is sheriff of the quiet US border town of Sommerton Junction after leaving the LAPD following a bungled operation. Following his escape from the FBI, a notorious drug baron, his gang, and a hostage are heading toward Sommerton Junction where the police are preparing to make a last stand to intercept them before they cross the border. Owens is reluctant to become involved but ultimately joins in with the law enforcement efforts.",small town; sheriff; prisoner; escape; hostage; fbi; border; convoy; machine gun; neo-western; direct; amused; scathing; vibrant,en,6.096,3046,7.9999,445120; 4105; 4485; 4569; 4169; 4170; 4232; 4349; 4415; 4547; 4824; 4882; 4655; 4657; 4903; 4858; 1053155; 850099; 483906; 296368,325173; 1293162; 102629; 1433719; 1242332; 1047020; 1293286; 10173; 6977; 843380; 38780; 24411; 7516; 19384; 4638; 1227816; 10431; 603119; 1082195; 20287,Breach; Close Range; Thieves Highway; High Ground; No Country for Old Men,Arnold Schwarzenegger; Johnny Knoxville; Jaimie Alexander; Zach Gilford; Kristen DeVore Rakes,2013-01-12,107,Kim Jee-woon,,,,,2026-08-22,,,,,,,,,,,,,false,,,61,95,78,,,"Similar to No Country for Old Men, which you loved."
movie:1082195,The Order,2024,movie,Candidate,,tt26625693,1082195,,,,,,,false,,2,Crime; Drama; Thriller,A string of violent robberies in the Pacific Northwest leads veteran FBI agent Terry Husk into a white supremacist plot to overthrow the federal government.,based on novel or book; fbi; idaho; based on true story; heist; murder; bank robbery; counterfeit money; police shootout; white supremacists; 1980s; fbi agent,en,6.56,940,9.2953,626129; 445120; 263341; 445262; 263371; 1566843; 1009679; 1388694; 813845; 1009772; 1195107; 4023; 4025; 4043; 4049; 4107; 4193; 263782; 263799; 263815,500682; 520016; 5916; 30941; 42807; 438808; 421473; 23168; 27331; 10431; 82633; 2099; 11322; 12395; 466420; 945937; 475; 524; 1047020; 374617,Hard Miles; Bloody Sunday; The Lindbergh Kidnapping Case; The Anderson Tapes; Above Suspicion,Jude Law; Nicholas Hoult; Tye Sheridan; Jurnee Smollett; Alison Oliver,2024-12-05,116,Justin Kurzel,,,,,2026-08-22,,,,,,,,,,,,,false,,,56,90,66,,,You've loved 1 title with Jurnee Smollett before.
movie:295699,Everybody Wants Some!!,2016,movie,Candidate,,tt2937696,295699,,,,,,,false,,2,Comedy,A comedy that follows a group of friends as they navigate their way through the freedoms and responsibilities of unsupervised adulthood.,scholarship; baseball; texas; college; male friendship; ping pong; rivalry; coming of age; hazing; teenage boy; stoner; fraternity; athletic scholarship; aftercreditsstinger; bar fight,en,6.373,1228,5.3036,1080012; 1084439; 1452780; 73937; 74072; 74098; 1453186; 73881; 518437; 1639247; 325133; 1259715; 1259727; 1093009; 883179; 699102; 518108; 518158; 81774; 1260500,11635; 8469; 187017; 1511057; 505600; 8386; 49520; 9285; 325133; 949838; 1008953; 814776; 64688; 929170; 15373; 1398050; 107811; 595931; 16094; 1007826,The Big Year; Neighbors 2: Sorority Rising; Old School; 22 Jump Street; Booksmart,Blake Jenner; Zoey Deutch; Ryan Guzman; Tyler Hoechlin; J. Quinton Johnson,2016-03-30,117,Richard Linklater,,,,,2026-08-22,,,,,,,,,,,,,false,,,64,95,69,,,"Similar to Old School, which you loved."
movie:325133,Neighbors 2: Sorority Rising,2016,movie,Candidate,,tt4438848,325133,,,,,,,false,,2,Comedy,A sorority moves in next door to the home of Mac and Kelly Radner who have a young child. The Radner's enlist their former nemeses from the fraternity to help battle the raucous sisters.,alcohol; college; sequel; sorority; neighbor; family; fraternity; bathroom humor,en,5.815,4676,6.2921,69278; 315629; 319296; 73669; 74049; 510799; 74160; 1084242; 319171; 319217; 1632009; 1453186; 81722; 81724; 518416; 81987; 1259727; 325189; 518158; 1260210,8469; 195589; 505600; 399796; 9285; 660982; 11635; 71552; 1398050; 4248; 1511057; 376659; 1008953; 949838; 16094; 104859; 661747; 146304; 295699; 57214,Time to Spare; Booksmart; Old School; Scary Movie 2; Incoming,Seth Rogen; Zac Efron; Rose Byrne; Chloë Grace Moretz; Dave Franco,2016-05-04,92,Nicholas Stoller,Neighbors Collection,,,,2026-08-22,,,,,,,,,,,,,false,,,62,95,82,,,You've loved 1 title with Seth Rogen before.
movie:107811,21 & Over,2013,movie,Candidate,,tt1711425,107811,,,,,,,false,,2,Comedy,"Brilliant student Jeff Chang has the most important interview of his life tomorrow.  But today is still his birthday, what starts off as a casual celebration with friends evolves into a night of debauchery that risks to derail his life plan.",alcohol; birthday; friends; debauchery,en,5.813,1632,3.4868,263478; 4516; 4255; 1566991; 626767; 445879; 296503; 485642; 54580; 1434813; 1434913; 54803; 54670; 1064927; 493529; 56237; 55985; 55912; 493549; 1064002,949838; 8363; 208134; 1008953; 57214; 13339; 11635; 1511057; 521844; 661747; 325133; 862551; 16094; 175291; 598133; 9352; 12309; 399796; 14166; 505600,Grown Ups 3; Superbad; Jackass Presents: Bad Grandpa; Incoming; Old School,Miles Teller; Skylar Astin; Justin Chon; Sarah Wright; François Chau,2013-03-01,93,Jon Lucas,,,,,2026-08-22,,,,,,,,,,,,,false,,,67,95,72,,,You've loved 2 titles with Miles Teller before.
movie:1008953,Incoming,2024,movie,Candidate,,tt21284218,1008953,,,,,,,false,,2,Comedy,Their first week of high school. The biggest party of the year. Mistakes will be made as four teenage boys navigate a night of mayhem and debauchery.,high school; coming of age; party; teenager,en,6.314,392,11.3716,69321; 1080012; 1084439; 74018; 690945; 876309; 1452780; 1084250; 73881; 518437; 1259715; 325189; 1093009; 883179; 518108; 325561; 81774; 1094274; 519359; 518830,505600; 57214; 16094; 949838; 11397; 104859; 814776; 69798; 1398050; 455656; 660982; 2171; 437557; 14166; 107811; 8363; 13193; 1511057; 325133; 800937,Pretty Maids All in a Row; Booksmart; House Party; 21 & Over; Superbad,Mason Thames; Ramon Reed; Raphael Alejandro; Isabella Ferreira; Bardia Seiri,2024-08-22,92,Dave Chernin,,,,,2026-08-22,,,,,,,,,,,,,false,,,64,90,58,,,"Similar to Superbad, which you loved."
movie:505600,Booksmart,2019,movie,Candidate,,tt1489887,505600,,,,,,,false,,2,Comedy,"Two academic teenage superstars realize, on the eve of their high school graduation, that they should have worked less and played more. Determined to never fall short of their peers, the girls set out on a mission to cram four years of fun into one night.",high school; coming of age; house party; buddy; high school student; lgbt; woman director; sisterhood; generation z; teenager,en,6.998,2897,7.2072,49250; 299296; 299264; 49350; 667316; 49479; 49522; 853821; 49577; 49584; 1233139; 49699; 49259; 49269; 49282; 49446; 1429743; 49316; 49319; 49409,1008953; 57214; 16094; 325133; 814776; 104859; 949838; 8363; 1280672; 14166; 929170; 13193; 295699; 399796; 437557; 455656; 660982; 69798; 1398050; 8469,Incoming; House Party; Neighbors 2: Sorority Rising; Superbad; Everybody Wants Some!!,Kaitlyn Dever; Beanie Feldstein; Jessica Williams; Jason Sudeikis; Lisa Kudrow,2019-05-24,102,Olivia Wilde,,,,,2026-08-22,,,,,,,,,,,,,false,,,73,95,77,,,You've loved 1 title with Jessica Williams before.
movie:625579,We Die Alone,2020,movie,Candidate,,tt8111080,625579,,,,,,,false,,2,Thriller; Drama,A chance encounter dangerously intertwines the lives of three people with differing perspectives on love.,relationship problems; murder; psychological thriller; dating; relationship; online dating; lonely man; short film,en,6.9,9,0.9506,299275; 1429726; 49365; 1607888; 667316; 667342; 486954; 486957; 1056978; 1057038; 49457; 49461; 49472; 667388; 486995; 853924; 853944; 487040; 853976; 49484,43549; 65830; 976912; 317744; 671577; 10056; 893086; 1145725; 1292415; 1027497; 159389; 846433; 283698; 157351; 1659087; 592643; 48946; 33408; 617502; 928270,Lady in White; The Crush,Baker Chase Powell; Ashley Jones; Samantha Boscarino; Darielle Deigan,2020-08-21,24,Marc Cartwright,,,,,2026-08-22,,,,,,,,,,,,,false,,,53,80,22,,,Titles you loved list this as similar or recommended (2 times).
movie:829774,Somewhere in Queens,2023,movie,Candidate,,tt14097180,829774,,,,,,,false,,2,Comedy; Drama,"Leo and Angela Russo live a simple life in Queens, surrounded by their overbearing Italian-American family. When their son finds success on his high school basketball team, Leo tears the family apart trying to make it happen.",,en,6.3,85,4.0315,,419459; 27834; 172631; 259956; 717693; 915523; 436459; 41479; 646376; 926008; 1082938; 95755; 1077661; 433503; 21500; 19092; 24363; 28004; 660609; 9685,,Ray Romano; Laurie Metcalf; Jacob Ward; Sadie Stanley; Jennifer Esposito,2023-04-21,106,Ray Romano,,,,,2026-08-22,,,,,,,,,,,,,false,,,51,85,43,,,Titles you loved list this as similar or recommended (2 times).
movie:82633,Lawless,2012,movie,Candidate,,tt1212450,82633,,,,,,,false,,2,Crime; Drama; Western,"In 1931, the Bondurant brothers of Franklin County, Virginia, run a multipurpose backwoods establishment that hides their true business — bootlegging. Middle brother Forrest is the brain of the operation; older Howard is the brawn, and younger Jack, the lookout. Though the local police have taken bribes and left the brothers alone, a violent war erupts when a sadistic lawman from Chicago arrives and tries to shut down the Bondurants operation.",corruption; based on novel or book; prohibition era; brother; gangster; great depression; appalachia; bootlegging; shootout; brutality; church; moonshine; virginia; 1930s; lawman,en,7.07,3391,7.0422,1566716; 263336; 263339; 263341; 263371; 263375; 1388694; 813845; 4049; 4105; 4111; 4112; 4193; 263782; 263799; 263815; 4464; 4476; 4481; 4486,259695; 379; 466420; 524; 261023; 9333; 1082195; 877; 278; 42807; 395817; 11967; 311; 1008409; 500682; 33357; 42252; 4771; 18710; 5916,Irish Eyes; The Lindbergh Kidnapping Case; Seabiscuit; Killers of the Flower Moon; Black Mass,Shia LaBeouf; Tom Hardy; Gary Oldman; Guy Pearce; Jason Clarke,2012-08-29,115,John Hillcoat,,,,,2026-08-22,,,,,,,,,,,,,false,,,57,95,79,,,You've loved 1 title with Guy Pearce before.
movie:4911,Dark Blue,2002,movie,Candidate,,tt0279331,4911,,,,,,,false,,2,Crime; Thriller; Drama,"Set during the Rodney King riots, a robbery homicide investigation triggers a series of events that will cause a corrupt LAPD officer to question his tactics.","police brutality; corruption; ghetto; street war; hold-up robbery; moral conflict; special unit; riot; cop; los angeles, california; family; urban setting",en,6.2,392,3.0155,49202; 49203; 49204; 1232732; 49213; 853667; 49486; 49503; 49526; 1608237; 1430178; 49431; 49380; 49341; 46958; 1427540; 47178; 1604899; 484789; 1427472,413846; 1266; 524659; 668489; 77016; 650; 13153; 10126; 646097; 324542; 9040; 31598; 10877; 20721; 578189; 9702; 9846; 339692; 4982; 17814,Premium Rush; Into the Blue; Havoc; Rapid Fire; Rebel Ridge,Kurt Russell; Scott Speedman; Michael Michele; Brendan Gleeson; Ving Rhames,2002-12-14,118,Ron Shelton,,,,,2026-08-22,,,,,,,,,,,,,false,,,54,90,58,,,You've loved 1 title with Kurt Russell before.
movie:668489,Havoc,2025,movie,Candidate,,tt14123284,668489,,,,,,,false,,2,Action; Crime; Thriller; Drama,"When a drug heist swerves lethally out of control, a jaded cop fights his way through a corrupt city's criminal underworld to save a politician's son.",winter; detective; rescue mission; shootout; dirty cop; police corruption; criminal underworld; crooked politician; hand to hand combat; broken family; estranged son; aggressive; christmas; drug deal; night club,en,6.395,1310,10.3276,315623; 1079803; 1084439; 319096; 319348; 1631312; 510242; 73595; 73984; 877004; 1453197; 1253663; 1253479; 1453343; 325699; 325123; 518290; 81446; 82097; 82140,20721; 14362; 972313; 324542; 438674; 6723; 1306368; 26185; 4911; 1127110; 9455; 8978; 974453; 8374; 9874; 10877; 10651; 738652; 538207; 93828,Whitney; Psycho-Pass: Sinners of the System - Case.1 Crime and Punishment; Temper; The Baytown Outlaws; The Rip,Tom Hardy; Jessie Mei Li; Timothy Olyphant; Forest Whitaker; Justin Cornwell,2025-04-25,107,Gareth Evans,,,,,2026-08-22,,,,,,,,,,,,,false,,,72,95,70,,,You've loved 2 titles with Timothy Olyphant before.
movie:487249,Stegman Is Dead,2017,movie,Candidate,,tt3858454,487249,,,,,,,false,,2,Thriller; Action; Crime; Comedy,"In this crime comedy, bizarre assassins must come together to unravel the puzzle of Stegman's blackmail secret, and why he's already dead on the set of his own porn film.",assassin; blackmail; porn director; death; meeting,en,5.727,11,0.7944,49524; 667739; 47062; 1605122; 484506; 487358; 299862; 49981; 667996; 49843; 487476; 1608714; 53036; 491087; 53518; 54067; 302946; 53654; 1434379; 54266,808023; 4959; 539885; 278924; 876969; 10498; 122930; 455236; 970347; 20794; 1227816; 66195; 14576; 1613; 22048; 93828; 7516; 18588; 9401; 12138,R.I.P.D.; Goodbye Lover; The Accountant,Michael Eklund; Bernice Liu Bik-Yee; J. Adam Brown; Michael Ironside; Andrea del Campo,2017-11-17,82,David Hyde,,,,,2026-08-22,,,,,,,,,,,,,false,,,62,80,24,,,You've loved 1 title with Michael Eklund before.
movie:1428,Once Upon a Time in Mexico,2003,movie,Candidate,,tt0285823,1428,,,,,,,false,,2,Action; Crime; Thriller; Western,A corrupt CIA agent Sands hires hitman El Mariachi to assassinate a Mexican general hired by a drug kingpin attempting a coup d'état of the President of Mexico.,central intelligence agency (cia); mexico; corruption; coup d'etat; revenge; gun battle; body double; political assassination; mariachi; guitar player; brutality; drug lord; mexican cartel; gun death; cia agent,en,6.302,2450,7.2924,315631; 69485; 1449056; 510496; 73861; 1253248; 318941; 73595; 73603; 876684; 1084736; 1259935; 81861; 81887; 325555; 82077; 325699; 81463; 81471; 81468,400535; 8068; 273481; 49021; 9691; 345887; 31604; 254904; 725201; 976734; 808023; 9509; 10431; 634528; 876969; 7516; 24411; 20287; 146198; 1619,A Serbian Film; Temper; Sicario: Day of the Soldado; Desperado; Sicario,Antonio Banderas; Johnny Depp; Cheech Marin; Salma Hayek Pinault; Mickey Rourke,2003-09-11,102,Robert Rodriguez,Mexico Collection,,,,2026-08-22,,,,,,,,,,,,,false,,,60,95,76,,,"Similar to Sicario: Day of the Soldado and Sicario, which you loved."
movie:634528,The Marksman,2021,movie,Candidate,,tt6902332,634528,,,,,,,false,,2,Action; Drama; Thriller,"Jim Hanson’s quiet life is suddenly disturbed by two people crossing the US/Mexico border – a woman and her young son – desperate to flee a Mexican cartel. After a shootout leaves the mother dead, Jim becomes the boy’s reluctant defender. He embraces his role as Miguel’s protector and will stop at nothing to get him to safety, as they go on the run from the relentless assassins.",assassin; mexico; war veteran; usa–mexico border; murder; drug cartel; farmer; dead dog; road movie,en,6.772,1767,7.6853,49365; 299416; 49498; 487052; 487088; 667739; 486863; 486875; 49315; 49342; 49786; 487249; 46980; 46995; 664869; 47003; 297153; 46945; 296998; 46957,258363; 49021; 522938; 400535; 843380; 504172; 1480; 291356; 273481; 1433719; 1636891; 174751; 11942; 9509; 1293162; 8068; 1900; 20287; 1167271; 24411,Lady in White; The Crooked Web; Devious Nanny; Don't Look Back; Shadows on the Stairs,Liam Neeson; Jacob Perez; Katheryn Winnick; Teresa Ruiz; Sean A. Rosales,2021-01-15,108,Robert Lorenz,,,,,2026-08-22,,,,,,,,,,,,,false,,,81,95,73,,,"Similar to Sicario: Day of the Soldado and Sicario, which you loved."
movie:49021,Killer Elite,2011,movie,Candidate,,tt1448755,49021,,,,,,,false,,2,Action; Adventure; Thriller,"Based on a shocking true story, Killer Elite pits two of the world’s most elite operatives—Danny, an ex-special ops agent and Hunter, his longtime mentor—against the cunning leader of a secret military society. Covering the globe from Australia to Paris, London and the Middle East, Danny and Hunter are plunged into a highly dangerous game of cat and mouse—where the predators become the prey.",rescue; assassin; mexico; based on novel or book; hostage; mentor; secret society; secret agent; beating; revenge; explosion; desert; death; military; 1980s,en,6.27,2376,5.9545,486946; 49502; 49517; 49524; 49529; 1608096; 1429912; 487052; 1057103; 49559; 299474; 1057265; 1233122; 49691; 1233199; 667739; 49266; 1232918; 49332; 49712,9509; 8068; 876969; 400535; 634528; 1428; 539885; 572751; 808023; 578701; 278924; 1167271; 254904; 38700; 273481; 8909; 249070; 1279493; 1197306; 843380,So Evil My Love; R.I.P.D.; Secret Defense; The Café at the Edge of the World; A Invasão,Jason Statham; Clive Owen; Robert De Niro; Dominic Purcell; Aden Young,2011-09-22,116,Gary McKendry,,,,,2026-08-22,,,,,,,,,,,,,false,,,69,95,75,,,"Similar to Sicario: Day of the Soldado and Sicario, which you loved."
movie:976734,Canary Black,2024,movie,Candidate,,tt20048582,976734,,,,,,,false,,2,Action; Thriller; Crime,"Top level CIA agent Avery Graves is blackmailed by terrorists into betraying her own country to save her kidnapped husband. Cut off from her team, she turns to her underworld contacts to survive and help locate the coveted intelligence that the kidnappers want.",central intelligence agency (cia); spy thriller; clinical,en,6.196,532,7.4841,81778; 1461947; 481203; 661794; 44571; 294793; 97630; 1472837; 333252; 891621; 1649293; 80350; 324668; 1642568; 522241; 86845; 878926; 76395; 693608; 1458447,254904; 1093995; 4959; 1128377; 808023; 1530875; 14576; 717930; 938150; 27576; 31604; 1024627; 1227816; 1535; 848123; 31692; 20411; 628847; 725201; 10431,Sabotage; Zero Dark Thirty; In Cold Light; War,Kate Beckinsale; Rupert Friend; Saffron Burrows; Ray Stevenson; Goran Kostić,2024-10-10,103,Pierre Morel,,,,,2026-08-22,,,,,,,,,,,,,false,,,67,90,61,,,"Similar to Zero Dark Thirty, which you loved."
movie:893297,American Sicario,2021,movie,Candidate,,tt13322120,893297,,,,,,,false,,2,Crime; Action,"The story of the rise and fall of the first American-born drug lord in Mexico, this tale of power, money, greed and betrayal amongst rival members of the drug cartels finds American gangster Erik Vasquez scheming to become the top dog in the Mexican underworld, only to find himself making enemies out of both the powerful cartels and his own allies.",hitman; drug trafficking; safe house; gang warfare; mexican cartel; border crime; cartel violence; dangerous alliances; territory control; betrayal cycle; violent retribution; cross‑border crime; armed confrontation; ambush tactics,en,5.847,124,1.9093,4133; 4147; 4551; 4836; 4824; 4909; 4912; 4816; 296341; 46103; 483906; 46360; 47964; 485476; 47931; 48153; 1062701; 1062707; 1062712; 492408,400535; 159012; 500852; 1279493; 538207; 8068; 340022; 20762; 20287; 680; 13098; 399361; 522627; 14172; 9333; 6977; 522938; 273481; 1613; 492449,Sicario: Day of the Soldado; Desperado; Extreme Prejudice; Pulp Fiction; No Country for Old Men,Philippe A. Haddad; Danny Trejo; Cali Morales; Maurice Compte; Jaylen Moore,2021-12-10,90,Raja Collins,,,,,2026-08-22,,,,,,,,,,,,,false,,,71,85,47,,,"Similar to Sicario: Day of the Soldado and No Country for Old Men, which you loved."
movie:584,2 Fast 2 Furious,2003,movie,Candidate,,tt0322259,584,,,,,,,false,,2,Action; Crime; Thriller,"It's a major double-cross when former police officer Brian O'Conner teams up with his ex-con buddy Roman Pearce to transport a shipment of ""dirty"" money for shady Miami-based import-export dealer Carter Verone. But the guys are actually working with undercover agent Monica Fuentes to bring Verone down.","miami, florida; undercover; car race; sports car; sequel; street race; los angeles, california; aggressive; anxious; cars; admiring; ambiguous; excited",en,6.522,8306,2.5676,510298; 1084187; 510276; 73751; 74056; 1453343; 325789; 1093237; 325358; 82992; 82663; 82682; 82702; 82411; 82675; 519176; 519182; 1094138; 82450; 83297,337339; 9799; 38700; 573435; 9737; 9679; 846433; 9615; 401478; 82; 484889; 257088; 1024627; 9335; 325789; 1306368; 156717; 8961; 1511556; 20762,Fast & Furious 6; The Rip,Paul Walker; Tyrese Gibson; Eva Mendes; Cole Hauser; Ludacris,2003-06-05,108,John Singleton,The Fast and the Furious Collection,,,,2026-08-22,,,,,,,,,,,,,false,,,57,100,88,,,You've loved 2 titles with Cole Hauser before.
movie:612,Munich,2005,movie,Candidate,,tt0408306,612,,,,,,,false,,2,Drama; History; Thriller,"During the 1972 Olympic Games in Munich, eleven Israeli athletes are taken hostage and murdered by a Palestinian terrorist group known as Black September. In retaliation, the Israeli government recruits a group of Mossad agents to track down and execute those responsible for the attack.","hotel room; israel; mossad; assassination; paris, france; hostage; olympic games; 1970s; intelligence; munich, germany; ailul al aswad; plo terrorist group; bomb constructor; olympian village; revenge",en,7.128,3062,7.249,49213; 49214; 49360; 1057006; 49517; 1608096; 49559; 49680; 1430178; 49219; 487230; 47010; 297126; 46934; 46943; 484412; 46957; 484580; 484638,399248; 493551; 26039; 50374; 615115; 347984; 97630; 476678; 48289; 502425; 43434; 446791; 4836; 848439; 12900; 74998; 848123; 9869; 87499; 2320,Secret Defense; Intimate Confessions of a Chinese Courtesan; Zero Dark Thirty,Eric Bana; Daniel Craig; Ciarán Hinds; Mathieu Kassovitz; Hanns Zischler,2005-12-23,164,Steven Spielberg,,,,,2026-08-22,,,,,,,,,,,,,false,,,64,95,78,,,You've loved 1 title with Eric Bana before.
movie:1263012,Dead Man's Wire,2026,movie,Candidate,,tt15181326,1263012,,,,,,,false,,2,Crime; Drama; Thriller,"In 1977, former real estate developer Tony Kiritsis puts a dead man's switch on himself and the mortgage banker who did him wrong, demanding $5 million and a personal apology.",banker; kidnapping; hostage; 1970s; dark comedy; indianapolis; based on true story; courtroom; hostage negotiator; standoff; radio host; duringcreditsstinger; mortgage; father son relationship; cautionary,en,6.458,202,7.9416,49213; 49214; 49221; 299299; 1232827; 667318; 486946; 1057006; 1429926; 49471; 49517; 49526; 1429912; 667498; 854015; 49622; 487176; 49688; 854086; 1430178,968; 1426776; 801965; 446791; 619278; 2026; 388; 9705; 4959; 275; 18612; 9631; 9039; 413052; 334527; 13250; 4547; 9759; 1155324; 1254624,Premium Rush; The Passion of Ayn Rand,Bill Skarsgård; Dacre Montgomery; Cary Elwes; Myha'la; Kelly Lynch,2026-01-09,106,Gus Van Sant,,,,,2026-08-22,,,,,,,,,,,,,false,,,54,90,52,,,Titles you loved list this as similar or recommended (2 times).
movie:913290,Barbarian,2022,movie,Candidate,,tt15791034,913290,,,,,,,false,,2,Horror; Mystery; Thriller,"In town for a job interview, a young woman arrives at her Airbnb late at night only to find that it has been mistakenly double-booked and a strange man is already staying there. Against her better judgement, she decides to stay the night anyway.",monster; sexual abuse; paranoia; flashback; basement; serial killer; duringcreditsstinger; paranoid; airbnb; abduction; metoo; secret room; ghoulish,en,6.9,3428,14.9365,1388694; 4488; 4567; 4574; 4232; 4233; 4365; 4457; 4289; 4234; 1195342; 445602; 4547; 4241; 4242; 445218; 4407; 263933; 1567419; 445761,1330421; 1081208; 1029281; 297608; 10299; 101669; 9003; 312791; 13515; 517116; 21407; 8461; 285923; 74725; 9064; 10185; 431185; 38541; 1142414; 5237,"Visitor Q; Hush... Hush, Sweet Charlotte; Funny Games",Georgina Campbell; Justin Long; Bill Skarsgård; Richard Brake; Matthew Patrick Davis,2022-09-08,103,Zach Cregger,,,,,2026-08-22,,,,,,,,,,,,,false,,,57,95,79,,,Titles you loved list this as similar or recommended (2 times).
movie:339527,Solace,2015,movie,Candidate,,tt1291570,339527,,,,,,,false,,2,Thriller; Crime; Mystery,"A psychic doctor, John Clancy, works with an FBI special agent in search of a serial killer.",fbi; investigation; autopsy; terminal illness; premonition; murder; cancer; psychologist; serial killer; crime scene; psychic; biting; intrigue; dark past; complex,en,6.439,2418,6.2797,49365; 49498; 49530; 667426; 667447; 487088; 487187; 1233208; 1607845; 49315; 49786; 46995; 47007; 297153; 46945; 297191; 47156; 47044; 46767; 46952,9437; 12149; 44027; 1226578; 16617; 290751; 1330443; 9481; 158011; 70577; 1530875; 1059345; 22307; 1710; 1043565; 13389; 10359; 605886; 976734; 663,Lady in White; The Crooked Web; In Time; Devious Nanny; Chainsaw Man - Assassins Arc,Anthony Hopkins; Jeffrey Dean Morgan; Abbie Cornish; Colin Farrell; Matt Gerald,2015-09-03,101,Afonso Poyart,,,,,2026-08-22,,,,,,,,,,,,,false,,,65,95,76,,,You've loved 2 titles with Colin Farrell before.
movie:936075,Michael,2026,movie,Candidate,,tt11378946,936075,,,,,,,false,,2,Music; Drama,"The story of Michael Jackson, one of the most influential artists the world has ever known, and his life beyond the music. His journey from the discovery of his extraordinary talent as the lead of the Jackson Five, to the visionary artist whose creative ambition fueled a relentless pursuit to become the biggest entertainer in the world, highlighting both his life off-stage and some of the most iconic performances from his early solo career.",child abuse; sibling relationship; 1970s; abusive father; ambition; biography; based on true story; singer; period drama; music history; price of fame; singer-songwriter; rise to fame; 1980s; 1960s,en,8.67,4111,77.7538,445065; 263373; 3865; 3875; 1009679; 1195107; 4032; 4043; 4104; 4107; 263782; 263819; 4464; 4476; 4483; 4485; 814215; 1389137; 1010194; 4584,15765; 470878; 1405769; 998846; 592863; 440918; 297806; 1230368; 16620; 878361; 1115009; 491283; 209451; 614934; 24153; 531033; 271714; 802219; 786; 73700,Hard Miles; Bloody Sunday; The Lindbergh Kidnapping Case; Seabiscuit; The Return of Martin Guerre,Jaafar Jackson; Colman Domingo; Nia Long; Juliano Krue Valdi; KeiLyn Durrel Jones,2026-04-22,128,Antoine Fuqua,Michael Collection,,,,2026-08-22,,,,,,,,,,,,,false,,,70,95,81,,,Titles you loved list this as similar or recommended (2 times).
movie:799766,Better Man,2024,movie,Candidate,,tt14260836,799766,,,,,,,false,,1,Music; Drama,"Follow Robbie Williams' journey from childhood, to being the youngest member of chart-topping boyband Take That, through to his unparalleled achievements as a record-breaking solo artist – all the while confronting the challenges that stratospheric fame and success can bring.",depression; drug addiction; musical; biography; based on true story; family abandonment; drugs; monkey; teenage boy; pop music; price of fame; boy band; 1980s; 1990s; arrested development,en,7.631,903,6.8131,1079810; 506364; 1250073; 315853; 510298; 1631619; 510495; 1253511; 1253514; 1453069; 319075; 319096; 510558; 510559; 876797; 510575; 510582; 510709; 1453317; 1453390,696157; 15697; 504608; 1450257; 39269; 244536; 592984; 15098; 451915; 277216; 75861; 10476; 10537; 1381027; 512263; 11326; 451751; 157851; 641; 11023,Whitney; Rocketman; Straight Outta Compton; The Doors,Robbie Williams; Jonno Davies; Steve Pemberton; Alison Steadman; Kate Mulvany,2024-12-06,135,Michael Gracey,,,,,2026-08-22,,,,,,,,,,,,,false,,,61,90,66,,,Titles you loved list this as similar or recommended (1 time).
movie:489928,Blaze,2018,movie,Candidate,,tt6443294,489928,,,,,,,false,,1,Drama; Music; History,"Inspired by the life of Blaze Foley, the unsung songwriting legend of the Texas outlaw country movement that spawned the likes of Merle Haggard and Willie Nelson. The film weaves together three periods in Blaze's life, exploring his love affair with Sybil Rosen; his last, dark night on Earth; and the impact his songs and his death had on his fans, friends, and foes.",country music; musician; biography; based on true story; based on memoir or autobiography; songwriter,en,6.274,62,2.0273,1079810; 506364; 1627835; 315853; 510298; 510495; 1253511; 319075; 319096; 1253618; 510558; 510559; 876797; 510575; 510709; 319308; 690972; 690981; 318846; 73448,402529; 16052; 239566; 812635; 14299; 316000; 696157; 1450257; 327528; 14882; 303616; 10537; 553087; 1144932; 517088; 109417; 504608; 515114; 15697; 1677,Whitney; The Big Short; The Doors; Rocketman; Ray,Ben Dickey; Alia Shawkat; Josh Hamilton; Lloyd Teddy Johnson Jr.; Charlie Sexton,2018-08-17,129,Ethan Hawke,,,,,2026-08-22,,,,,,,,,,,,,false,,,64,85,40,,,"Similar to The Big Short, which you loved."
movie:1078600,Marked Men: Rule + Shaw,2025,movie,Candidate,,tt26452781,1078600,,,,,,,false,,1,Romance; Drama,"Shaw Landon has loved Rule Archer from the moment she laid eyes on him. Rule, a fiery-tempered rebel tattoo artist, doesn’t have time for a good girl pre-med student like Shaw — even if she’s the only one who can see the person he truly is. She lives by other people’s rules; he makes his own. But a short skirt, too many birthday cocktails, and spilled secrets lead to a night neither can forget. Now, Shaw and Rule must figure out how a girl like her and a guy like him are supposed to be together without destroying their love…or each other.",based on novel or book; bad boy; romantic drama,en,6.708,255,6.4781,49225; 49249; 1429715; 486935; 853842; 49502; 1429912; 853888; 854024; 854030; 49622; 1233122; 486906; 49712; 1230368; 297123; 297171; 46927; 296933; 1053987,1317672; 434203; 724089; 85654; 744276; 610781; 744114; 763148; 1294203; 1477317; 613504; 584288; 337167; 341174; 1059073; 364733; 540023; 77985; 47837; 26333,Age of Consent; Kill Your Darlings; Siltalan pehtoori; So Evil My Love; The Passion of Ayn Rand,Chase Stokes; Sydney Taylor; Ella Balinska; Evan Mock; Alexander Ludwig,2025-01-22,93,Nick Cassavetes,,,,,2026-08-22,,,,,,,,,,,,,false,,,55,90,54,,,Titles you loved list this as similar or recommended (1 time).
movie:1011082,The Greatest Hits,2024,movie,Candidate,,tt2015349,1011082,,,,,,,false,,1,Drama; Music; Romance; Fantasy,"Harriet finds art imitating life when she discovers certain songs can transport her back in time – literally. While she relives the past through romantic memories of her former boyfriend, her time travelling collides with a burgeoning new love interest in the present. As she takes her journey through the hypnotic connection between music and memory, she wonders – even if she could change the past, should she?",love triangle; time travel; nostalgia; grief; healing; death of boyfriend; moving on; depressing; romantic,en,6.482,165,5.1536,1009612; 3933; 814053; 3981; 813917; 4440; 1567078; 4538; 1567006; 4482; 4798; 4806; 1010315; 4628; 4928; 4787; 4814; 1426506; 1426680; 850165,470610; 1319965; 149509; 540023; 14061; 38; 763148; 513409; 881415; 8291; 28974; 790459; 364733; 10691; 851; 354859; 41823; 192145; 390874; 152601,The Iron Claw; Blind,Lucy Boynton; Justin H. Min; David Corenswet; Austin Crute; Retta,2024-04-05,94,Ned Benson,,,,,2026-08-22,,,,,,,,,,,,,false,,,53,85,50,,,Titles you loved list this as similar or recommended (1 time).
movie:46138,Made in Dagenham,2010,movie,Candidate,,tt1371155,46138,,,,,,,false,,1,Comedy; Drama; History,"A dramatization of the 1968 strike at the Ford Dagenham car plant, where female workers walked out in protest against sexual discrimination.",strike; based on true story; essex; labor strike; machinist; aftercreditsstinger; duringcreditsstinger; discrimination; government minister; 1960s; women's rights; sexual discrimination,en,6.665,340,2.8416,1079810; 686331; 510298; 510495; 319067; 510558; 510559; 876797; 74049; 318846; 1084066; 1084145; 73448; 73416; 876356; 73524; 73772; 876671; 73937; 73951,461115; 234200; 58882; 777270; 369192; 70925; 339380; 359724; 14292; 653851; 589612; 490132; 19381; 567965; 1850; 458131; 51763; 140823; 763144; 13537,Time to Spare; The Big Short; The Big Year; Ford v Ferrari; Miracle,Sally Hawkins; Bob Hoskins; Miranda Richardson; Geraldine James; Rosamund Pike,2010-10-01,113,Nigel Cole,,,,,2026-08-22,,,,,,,,,,,,,false,,,59,90,57,,,"Similar to The Big Short, which you loved."
movie:1055077,Mustache,2023,movie,Candidate,,tt12785062,1055077,,,,,,,false,,1,Comedy; Drama,"It’s the late-90’s in Northern California and 13-year-old Pakistani-American Ilyas is facing a major crisis — his parents yanked him out of his comfortable Islamic private school and now he has to face life at public school. Ilyas’ fears about joining public school are made worse by insecurities due to his inescapable, prepubescent MUSTACHE. Ilyas hatches a hilarious plan to return to his old school — but he must also learn to accept himself.",puberty; california; coming of age; mustache; new school,en,5.5,2,1.1763,445064; 626184; 1009679; 1009701; 1009723; 4587; 4615; 813917; 813923; 4285; 1195417; 1195418; 4205; 1388957; 814077; 626882; 4641; 4927; 1052825; 663999,1008953; 489925; 437586; 38980; 9786; 107811; 8363; 58547; 20178; 28059; 2108; 505600; 11857; 34482; 156700; 192132; 11545; 13339; 926008; 61410,Hard Miles; Incoming; 21 & Over; Superbad; Booksmart,Atharv Verma; Rizwan Manji; Meesha Shafi; Ayana Manji; Alicia Silverstone,2023-03-12,83,Imran J. Khan,,,,,2026-08-22,,,,,,,,,,,,,false,,,60,80,11,,,"Similar to Superbad, which you loved."
movie:1231623,A Christmas Castle Proposal: A Royal in Paradise II,2024,movie,Candidate,,tt29922811,1231623,,,,,,,false,,1,Romance; Comedy,"Despite busy schedules causing distance, Olivia and Prince Alexander travel to Torovia for Christmas with his family. Clashing cultures between their families lead to various mishaps.",romcom; sequel,en,7.4,11,1.1949,506480; 876655; 319296; 1084242; 319217; 319389; 1631475; 81987; 325133; 1092925; 325189; 1259835; 81450; 518158; 325241; 883312; 1260210; 1461519; 1640042; 519523,1167725; 865559; 1433842; 1176139; 583083; 1323475; 800301; 936960; 1618945; 1143319; 680319; 653664; 1181678; 785533; 833097; 818612; 1319504; 635012; 14197; 627103,Neighbors 2: Sorority Rising; Relationship Goals; Yoh! Bestie,Rhiannon Fish; Mitchell Bourke; Andrea Moor; Kym Jackson; David Hooley,2024-10-26,83,Adrian Powers,A Royal in Paradise Collection,,,,2026-08-22,,,,,,,,,,,,,false,,,57,80,24,,,Titles you loved list this as similar or recommended (1 time).
movie:1273221,Scary Movie,2026,movie,Candidate,,tt32093575,1273221,,,,,,,false,,1,Comedy,"Twenty-six years after outrunning a suspiciously familiar masked killer, the Core Four are back in the killer's crosshairs and no horror movie IP is safe.",parody; sequel; slapstick comedy; crude humor; spoof; animated scene; slasher; horror spoof; dildo; reboot; duringcreditsstinger; mother daughter estrangement; legacy; offensive; complex,en,6.4,1690,114.6401,69469; 73913; 73933; 1631780; 74016; 319296; 1453308; 74049; 319377; 318846; 1084153; 1253418; 73429; 1452845; 73621; 73626; 1084242; 319217; 73937; 690701,4247; 4248; 4256; 24804; 4543; 71552; 11959; 11397; 10607; 109414; 338969; 11598; 1219926; 20860; 109443; 109439; 2295; 975225; 104859; 1312150,Time to Spare; The Big Short; The Big Year; Scary Movie; Scary Movie 2,Marlon Wayans; Shawn Wayans; Anna Faris; Regina Hall; Olivia Rose Keegan,2026-06-03,96,Michael Tiddes,Scary Movie Collection,,,,2026-08-22,,,,,,,,,,,,,false,,,76,95,72,,,You've loved 1 title with Regina Hall before.
movie:897087,Freelance,2023,movie,Candidate,,tt15744298,897087,,,,,,,false,,1,Action; Comedy,"An ex-special forces operative takes a job to provide security for a journalist as she interviews a dictator, but a military coup breaks out in the middle of the interview, they are forced to escape into the jungle where they must survive.",coup d'etat; dictatorship; political assassination; duringcreditsstinger; investigative journalism; ex special forces; hilarious; amused; exhilarated,en,6.393,1197,8.7425,315635; 1631780; 74049; 73937; 1084222; 1631577; 1259984; 81789; 1260678; 82992; 82650; 1094274; 82702; 82703; 82690; 519182; 884605; 700781; 1261250; 1600513,9705; 76493; 238713; 59859; 509967; 26389; 20681; 228967; 293660; 24804; 24731; 522931; 921360; 457332; 47971; 461053; 10782; 2123; 749170; 1641319,Spider-Man: Homecoming; Time to Spare; The Big Year; Fast & Furious 6; Kick-Ass 2,John Cena; Alison Brie; Juan Pablo Raba; Christian Slater; Alice Eve,2023-10-05,108,Pierre Morel,,,,,2026-08-22,,,,,,,,,,,,,false,,,75,95,69,,,You've loved 1 title with Alison Brie before.
show:241405,,,show,Candidate,,,241405,,,,,,,false,,2,,,,,,,,,,,,,,,,,,,,,,,,,,,,,,,,false,,,,,0,,,Not enough data yet.
show:2953,,,show,Candidate,,,2953,,,,,,,false,,2,,,,,,,,,,,,,,,,,,,,,,,,,,,,,,,,false,,,,,0,,,Not enough data yet.
show:90870,,,show,Candidate,,,90870,,,,,,,false,,2,,,,,,,,,,,,,,,,,,,,,,,,,,,,,,,,false,,,,,0,,,Not enough data yet.
show:126750,,,show,Candidate,,,126750,,,,,,,false,,2,,,,,,,,,,,,,,,,,,,,,,,,,,,,,,,,false,,,,,0,,,Not enough data yet.
show:62999,,,show,Candidate,,,62999,,,,,,,false,,2,,,,,,,,,,,,,,,,,,,,,,,,,,,,,,,,false,,,,,0,,,Not enough data yet.
show:276166,,,show,Candidate,,,276166,,,,,,,false,,2,,,,,,,,,,,,,,,,,,,,,,,,,,,,,,,,false,,,,,0,,,Not enough data yet.
show:4787,,,show,Candidate,,,4787,,,,,,,false,,2,,,,,,,,,,,,,,,,,,,,,,,,,,,,,,,,false,,,,,0,,,Not enough data yet.
show:4573,,,show,Candidate,,,4573,,,,,,,false,,2,,,,,,,,,,,,,,,,,,,,,,,,,,,,,,,,false,,,,,0,,,Not enough data yet.
show:72025,,,show,Candidate,,,72025,,,,,,,false,,2,,,,,,,,,,,,,,,,,,,,,,,,,,,,,,,,false,,,,,0,,,Not enough data yet.
show:77076,,,show,Candidate,,,77076,,,,,,,false,,2,,,,,,,,,,,,,,,,,,,,,,,,,,,,,,,,false,,,,,0,,,Not enough data yet.
show:82193,,,show,Candidate,,,82193,,,,,,,false,,2,,,,,,,,,,,,,,,,,,,,,,,,,,,,,,,,false,,,,,0,,,Not enough data yet.
show:4419,,,show,Candidate,,,4419,,,,,,,false,,2,,,,,,,,,,,,,,,,,,,,,,,,,,,,,,,,false,,,,,0,,,Not enough data yet.
show:31305,,,show,Candidate,,,31305,,,,,,,false,,2,,,,,,,,,,,,,,,,,,,,,,,,,,,,,,,,false,,,,,0,,,Not enough data yet.
show:3308,,,show,Candidate,,,3308,,,,,,,false,,2,,,,,,,,,,,,,,,,,,,,,,,,,,,,,,,,false,,,,,0,,,Not enough data yet.
show:129502,,,show,Candidate,,,129502,,,,,,,false,,2,,,,,,,,,,,,,,,,,,,,,,,,,,,,,,,,false,,,,,0,,,Not enough data yet.
show:43822,,,show,Candidate,,,43822,,,,,,,false,,2,,,,,,,,,,,,,,,,,,,,,,,,,,,,,,,,false,,,,,0,,,Not enough data yet.
show:2283,,,show,Candidate,,,2283,,,,,,,false,,2,,,,,,,,,,,,,,,,,,,,,,,,,,,,,,,,false,,,,,0,,,Not enough data yet.
show:94285,,,show,Candidate,,,94285,,,,,,,false,,2,,,,,,,,,,,,,,,,,,,,,,,,,,,,,,,,false,,,,,0,,,Not enough data yet.
show:61431,,,show,Candidate,,,61431,,,,,,,false,,2,,,,,,,,,,,,,,,,,,,,,,,,,,,,,,,,false,,,,,0,,,Not enough data yet.
show:219,,,show,Candidate,,,219,,,,,,,false,,2,,,,,,,,,,,,,,,,,,,,,,,,,,,,,,,,false,,,,,0,,,Not enough data yet.
show:79501,,,show,Candidate,,,79501,,,,,,,false,,2,,,,,,,,,,,,,,,,,,,,,,,,,,,,,,,,false,,,,,0,,,Not enough data yet.
show:134865,,,show,Candidate,,,134865,,,,,,,false,,2,,,,,,,,,,,,,,,,,,,,,,,,,,,,,,,,false,,,,,0,,,Not enough data yet.
show:1410,,,show,Candidate,,,1410,,,,,,,false,,2,,,,,,,,,,,,,,,,,,,,,,,,,,,,,,,,false,,,,,0,,,Not enough data yet.
show:43020,,,show,Candidate,,,43020,,,,,,,false,,2,,,,,,,,,,,,,,,,,,,,,,,,,,,,,,,,false,,,,,0,,,Not enough data yet.
show:57389,,,show,Candidate,,,57389,,,,,,,false,,2,,,,,,,,,,,,,,,,,,,,,,,,,,,,,,,,false,,,,,0,,,Not enough data yet.
show:123245,,,show,Candidate,,,123245,,,,,,,false,,2,,,,,,,,,,,,,,,,,,,,,,,,,,,,,,,,false,,,,,0,,,Not enough data yet.
show:121,,,show,Candidate,,,121,,,,,,,false,,2,,,,,,,,,,,,,,,,,,,,,,,,,,,,,,,,false,,,,,0,,,Not enough data yet.
show:136,,,show,Candidate,,,136,,,,,,,false,,2,,,,,,,,,,,,,,,,,,,,,,,,,,,,,,,,false,,,,,0,,,Not enough data yet.
show:137127,,,show,Candidate,,,137127,,,,,,,false,,2,,,,,,,,,,,,,,,,,,,,,,,,,,,,,,,,false,,,,,0,,,Not enough data yet.
show:2222,,,show,Candidate,,,2222,,,,,,,false,,2,,,,,,,,,,,,,,,,,,,,,,,,,,,,,,,,false,,,,,0,,,Not enough data yet.
show:2210,,,show,Candidate,,,2210,,,,,,,false,,2,,,,,,,,,,,,,,,,,,,,,,,,,,,,,,,,false,,,,,0,,,Not enough data yet.
show:2251,,,show,Candidate,,,2251,,,,,,,false,,2,,,,,,,,,,,,,,,,,,,,,,,,,,,,,,,,false,,,,,0,,,Not enough data yet.
show:94065,,,show,Candidate,,,94065,,,,,,,false,,2,,,,,,,,,,,,,,,,,,,,,,,,,,,,,,,,false,,,,,0,,,Not enough data yet.
show:61517,,,show,Candidate,,,61517,,,,,,,false,,2,,,,,,,,,,,,,,,,,,,,,,,,,,,,,,,,false,,,,,0,,,Not enough data yet.
show:2291,,,show,Candidate,,,2291,,,,,,,false,,2,,,,,,,,,,,,,,,,,,,,,,,,,,,,,,,,false,,,,,0,,,Not enough data yet.
show:2305,,,show,Candidate,,,2305,,,,,,,false,,2,,,,,,,,,,,,,,,,,,,,,,,,,,,,,,,,false,,,,,0,,,Not enough data yet.
show:211169,,,show,Candidate,,,211169,,,,,,,false,,2,,,,,,,,,,,,,,,,,,,,,,,,,,,,,,,,false,,,,,0,,,Not enough data yet.
show:274645,,,show,Candidate,,,274645,,,,,,,false,,2,,,,,,,,,,,,,,,,,,,,,,,,,,,,,,,,false,,,,,0,,,Not enough data yet.
show:125116,,,show,Candidate,,,125116,,,,,,,false,,2,,,,,,,,,,,,,,,,,,,,,,,,,,,,,,,,false,,,,,0,,,Not enough data yet.
show:206586,,,show,Candidate,,,206586,,,,,,,false,,2,,,,,,,,,,,,,,,,,,,,,,,,,,,,,,,,false,,,,,0,,,Not enough data yet.
show:206828,,,show,Candidate,,,206828,,,,,,,false,,2,,,,,,,,,,,,,,,,,,,,,,,,,,,,,,,,false,,,,,0,,,Not enough data yet.
show:67232,,,show,Candidate,,,67232,,,,,,,false,,2,,,,,,,,,,,,,,,,,,,,,,,,,,,,,,,,false,,,,,0,,,Not enough data yet.
show:2190,,,show,Candidate,,,2190,,,,,,,false,,2,,,,,,,,,,,,,,,,,,,,,,,,,,,,,,,,false,,,,,0,,,Not enough data yet.
show:61260,,,show,Candidate,,,61260,,,,,,,false,,2,,,,,,,,,,,,,,,,,,,,,,,,,,,,,,,,false,,,,,0,,,Not enough data yet.
show:2234,,,show,Candidate,,,2234,,,,,,,false,,2,,,,,,,,,,,,,,,,,,,,,,,,,,,,,,,,false,,,,,0,,,Not enough data yet.
show:2366,,,show,Candidate,,,2366,,,,,,,false,,2,,,,,,,,,,,,,,,,,,,,,,,,,,,,,,,,false,,,,,0,,,Not enough data yet.
show:33301,,,show,Candidate,,,33301,,,,,,,false,,2,,,,,,,,,,,,,,,,,,,,,,,,,,,,,,,,false,,,,,0,,,Not enough data yet.
show:17287,,,show,Candidate,,,17287,,,,,,,false,,2,,,,,,,,,,,,,,,,,,,,,,,,,,,,,,,,false,,,,,0,,,Not enough data yet.
show:80006,,,show,Candidate,,,80006,,,,,,,false,,2,,,,,,,,,,,,,,,,,,,,,,,,,,,,,,,,false,,,,,0,,,Not enough data yet.
show:1023,,,show,Candidate,,,1023,,,,,,,false,,2,,,,,,,,,,,,,,,,,,,,,,,,,,,,,,,,false,,,,,0,,,Not enough data yet.
show:39351,,,show,Candidate,,,39351,,,,,,,false,,2,,,,,,,,,,,,,,,,,,,,,,,,,,,,,,,,false,,,,,0,,,Not enough data yet.
show:65784,,,show,Candidate,,,65784,,,,,,,false,,2,,,,,,,,,,,,,,,,,,,,,,,,,,,,,,,,false,,,,,0,,,Not enough data yet.
show:92391,,,show,Candidate,,,92391,,,,,,,false,,2,,,,,,,,,,,,,,,,,,,,,,,,,,,,,,,,false,,,,,0,,,Not enough data yet.
show:59579,,,show,Candidate,,,59579,,,,,,,false,,2,,,,,,,,,,,,,,,,,,,,,,,,,,,,,,,,false,,,,,0,,,Not enough data yet.
show:92588,,,show,Candidate,,,92588,,,,,,,false,,2,,,,,,,,,,,,,,,,,,,,,,,,,,,,,,,,false,,,,,0,,,Not enough data yet.
show:29398,,,show,Candidate,,,29398,,,,,,,false,,2,,,,,,,,,,,,,,,,,,,,,,,,,,,,,,,,false,,,,,0,,,Not enough data yet.
show:124861,,,show,Candidate,,,124861,,,,,,,false,,2,,,,,,,,,,,,,,,,,,,,,,,,,,,,,,,,false,,,,,0,,,Not enough data yet.
show:239000,,,show,Candidate,,,239000,,,,,,,false,,2,,,,,,,,,,,,,,,,,,,,,,,,,,,,,,,,false,,,,,0,,,Not enough data yet.
show:63639,,,show,Candidate,,,63639,,,,,,,false,,2,,,,,,,,,,,,,,,,,,,,,,,,,,,,,,,,false,,,,,0,,,Not enough data yet.
show:62858,,,show,Candidate,,,62858,,,,,,,false,,2,,,,,,,,,,,,,,,,,,,,,,,,,,,,,,,,false,,,,,0,,,Not enough data yet.
show:71340,,,show,Candidate,,,71340,,,,,,,false,,2,,,,,,,,,,,,,,,,,,,,,,,,,,,,,,,,false,,,,,0,,,Not enough data yet.
show:167,,,show,Candidate,,,167,,,,,,,false,,2,,,,,,,,,,,,,,,,,,,,,,,,,,,,,,,,false,,,,,0,,,Not enough data yet.
show:269,,,show,Candidate,,,269,,,,,,,false,,2,,,,,,,,,,,,,,,,,,,,,,,,,,,,,,,,false,,,,,0,,,Not enough data yet.
show:40,,,show,Candidate,,,40,,,,,,,false,,2,,,,,,,,,,,,,,,,,,,,,,,,,,,,,,,,false,,,,,0,,,Not enough data yet.
show:236903,,,show,Candidate,,,236903,,,,,,,false,,2,,,,,,,,,,,,,,,,,,,,,,,,,,,,,,,,false,,,,,0,,,Not enough data yet.
show:68780,,,show,Candidate,,,68780,,,,,,,false,,2,,,,,,,,,,,,,,,,,,,,,,,,,,,,,,,,false,,,,,0,,,Not enough data yet.
show:74016,,,show,Candidate,,,74016,,,,,,,false,,2,,,,,,,,,,,,,,,,,,,,,,,,,,,,,,,,false,,,,,0,,,Not enough data yet.
show:72743,,,show,Candidate,,,72743,,,,,,,false,,2,,,,,,,,,,,,,,,,,,,,,,,,,,,,,,,,false,,,,,0,,,Not enough data yet.
show:306153,,,show,Candidate,,,306153,,,,,,,false,,2,,,,,,,,,,,,,,,,,,,,,,,,,,,,,,,,false,,,,,0,,,Not enough data yet.
show:95286,,,show,Candidate,,,95286,,,,,,,false,,2,,,,,,,,,,,,,,,,,,,,,,,,,,,,,,,,false,,,,,0,,,Not enough data yet.
show:306129,,,show,Candidate,,,306129,,,,,,,false,,2,,,,,,,,,,,,,,,,,,,,,,,,,,,,,,,,false,,,,,0,,,Not enough data yet.
show:95170,,,show,Candidate,,,95170,,,,,,,false,,2,,,,,,,,,,,,,,,,,,,,,,,,,,,,,,,,false,,,,,0,,,Not enough data yet.
show:95213,,,show,Candidate,,,95213,,,,,,,false,,2,,,,,,,,,,,,,,,,,,,,,,,,,,,,,,,,false,,,,,0,,,Not enough data yet.
show:127828,,,show,Candidate,,,127828,,,,,,,false,,2,,,,,,,,,,,,,,,,,,,,,,,,,,,,,,,,false,,,,,0,,,Not enough data yet.
show:41875,,,show,Candidate,,,41875,,,,,,,false,,2,,,,,,,,,,,,,,,,,,,,,,,,,,,,,,,,false,,,,,0,,,Not enough data yet.
show:123378,,,show,Candidate,,,123378,,,,,,,false,,2,,,,,,,,,,,,,,,,,,,,,,,,,,,,,,,,false,,,,,0,,,Not enough data yet.
show:240316,,,show,Candidate,,,240316,,,,,,,false,,2,,,,,,,,,,,,,,,,,,,,,,,,,,,,,,,,false,,,,,0,,,Not enough data yet.
show:205272,,,show,Candidate,,,205272,,,,,,,false,,2,,,,,,,,,,,,,,,,,,,,,,,,,,,,,,,,false,,,,,0,,,Not enough data yet.
show:32940,,,show,Candidate,,,32940,,,,,,,false,,2,,,,,,,,,,,,,,,,,,,,,,,,,,,,,,,,false,,,,,0,,,Not enough data yet.
show:100414,,,show,Candidate,,,100414,,,,,,,false,,2,,,,,,,,,,,,,,,,,,,,,,,,,,,,,,,,false,,,,,0,,,Not enough data yet.
show:10305,,,show,Candidate,,,10305,,,,,,,false,,2,,,,,,,,,,,,,,,,,,,,,,,,,,,,,,,,false,,,,,0,,,Not enough data yet.
show:208942,,,show,Candidate,,,208942,,,,,,,false,,2,,,,,,,,,,,,,,,,,,,,,,,,,,,,,,,,false,,,,,0,,,Not enough data yet.
show:34639,,,show,Candidate,,,34639,,,,,,,false,,2,,,,,,,,,,,,,,,,,,,,,,,,,,,,,,,,false,,,,,0,,,Not enough data yet.
show:262793,,,show,Candidate,,,262793,,,,,,,false,,2,,,,,,,,,,,,,,,,,,,,,,,,,,,,,,,,false,,,,,0,,,Not enough data yet.
show:86733,,,show,Candidate,,,86733,,,,,,,false,,2,,,,,,,,,,,,,,,,,,,,,,,,,,,,,,,,false,,,,,0,,,Not enough data yet.
show:287450,,,show,Candidate,,,287450,,,,,,,false,,2,,,,,,,,,,,,,,,,,,,,,,,,,,,,,,,,false,,,,,0,,,Not enough data yet.
show:2998,,,show,Candidate,,,2998,,,,,,,false,,2,,,,,,,,,,,,,,,,,,,,,,,,,,,,,,,,false,,,,,0,,,Not enough data yet.
show:4731,,,show,Candidate,,,4731,,,,,,,false,,2,,,,,,,,,,,,,,,,,,,,,,,,,,,,,,,,false,,,,,0,,,Not enough data yet.
show:209454,,,show,Candidate,,,209454,,,,,,,false,,2,,,,,,,,,,,,,,,,,,,,,,,,,,,,,,,,false,,,,,0,,,Not enough data yet.
show:938,,,show,Candidate,,,938,,,,,,,false,,2,,,,,,,,,,,,,,,,,,,,,,,,,,,,,,,,false,,,,,0,,,Not enough data yet.
show:276254,,,show,Candidate,,,276254,,,,,,,false,,2,,,,,,,,,,,,,,,,,,,,,,,,,,,,,,,,false,,,,,0,,,Not enough data yet.
show:107365,,,show,Candidate,,,107365,,,,,,,false,,2,,,,,,,,,,,,,,,,,,,,,,,,,,,,,,,,false,,,,,0,,,Not enough data yet.
show:246246,,,show,Candidate,,,246246,,,,,,,false,,2,,,,,,,,,,,,,,,,,,,,,,,,,,,,,,,,false,,,,,0,,,Not enough data yet.
show:64230,,,show,Candidate,,,64230,,,,,,,false,,2,,,,,,,,,,,,,,,,,,,,,,,,,,,,,,,,false,,,,,0,,,Not enough data yet.
show:127758,,,show,Candidate,,,127758,,,,,,,false,,2,,,,,,,,,,,,,,,,,,,,,,,,,,,,,,,,false,,,,,0,,,Not enough data yet.
show:31375,,,show,Candidate,,,31375,,,,,,,false,,2,,,,,,,,,,,,,,,,,,,,,,,,,,,,,,,,false,,,,,0,,,Not enough data yet.
show:58810,,,show,Candidate,,,58810,,,,,,,false,,2,,,,,,,,,,,,,,,,,,,,,,,,,,,,,,,,false,,,,,0,,,Not enough data yet.
show:896,,,show,Candidate,,,896,,,,,,,false,,2,,,,,,,,,,,,,,,,,,,,,,,,,,,,,,,,false,,,,,0,,,Not enough data yet.
show:1204,,,show,Candidate,,,1204,,,,,,,false,,2,,,,,,,,,,,,,,,,,,,,,,,,,,,,,,,,false,,,,,0,,,Not enough data yet.
show:283297,,,show,Candidate,,,283297,,,,,,,false,,2,,,,,,,,,,,,,,,,,,,,,,,,,,,,,,,,false,,,,,0,,,Not enough data yet.
show:131992,,,show,Candidate,,,131992,,,,,,,false,,2,,,,,,,,,,,,,,,,,,,,,,,,,,,,,,,,false,,,,,0,,,Not enough data yet.
show:207965,,,show,Candidate,,,207965,,,,,,,false,,2,,,,,,,,,,,,,,,,,,,,,,,,,,,,,,,,false,,,,,0,,,Not enough data yet.
show:2268,,,show,Candidate,,,2268,,,,,,,false,,2,,,,,,,,,,,,,,,,,,,,,,,,,,,,,,,,false,,,,,0,,,Not enough data yet.
show:197373,,,show,Candidate,,,197373,,,,,,,false,,2,,,,,,,,,,,,,,,,,,,,,,,,,,,,,,,,false,,,,,0,,,Not enough data yet.
show:227139,,,show,Candidate,,,227139,,,,,,,false,,2,,,,,,,,,,,,,,,,,,,,,,,,,,,,,,,,false,,,,,0,,,Not enough data yet.
show:124549,,,show,Candidate,,,124549,,,,,,,false,,2,,,,,,,,,,,,,,,,,,,,,,,,,,,,,,,,false,,,,,0,,,Not enough data yet.
show:124587,,,show,Candidate,,,124587,,,,,,,false,,2,,,,,,,,,,,,,,,,,,,,,,,,,,,,,,,,false,,,,,0,,,Not enough data yet.
show:274476,,,show,Candidate,,,274476,,,,,,,false,,2,,,,,,,,,,,,,,,,,,,,,,,,,,,,,,,,false,,,,,0,,,Not enough data yet.
show:130842,,,show,Candidate,,,130842,,,,,,,false,,2,,,,,,,,,,,,,,,,,,,,,,,,,,,,,,,,false,,,,,0,,,Not enough data yet.
show:58937,,,show,Candidate,,,58937,,,,,,,false,,2,,,,,,,,,,,,,,,,,,,,,,,,,,,,,,,,false,,,,,0,,,Not enough data yet.
show:206476,,,show,Candidate,,,206476,,,,,,,false,,2,,,,,,,,,,,,,,,,,,,,,,,,,,,,,,,,false,,,,,0,,,Not enough data yet.
show:1157,,,show,Candidate,,,1157,,,,,,,false,,2,,,,,,,,,,,,,,,,,,,,,,,,,,,,,,,,false,,,,,0,,,Not enough data yet.
show:1213,,,show,Candidate,,,1213,,,,,,,false,,2,,,,,,,,,,,,,,,,,,,,,,,,,,,,,,,,false,,,,,0,,,Not enough data yet.
show:1269,,,show,Candidate,,,1269,,,,,,,false,,2,,,,,,,,,,,,,,,,,,,,,,,,,,,,,,,,false,,,,,0,,,Not enough data yet.
show:62285,,,show,Candidate,,,62285,,,,,,,false,,2,,,,,,,,,,,,,,,,,,,,,,,,,,,,,,,,false,,,,,0,,,Not enough data yet.
show:125909,,,show,Candidate,,,125909,,,,,,,false,,2,,,,,,,,,,,,,,,,,,,,,,,,,,,,,,,,false,,,,,0,,,Not enough data yet.
show:67178,,,show,Candidate,,,67178,,,,,,,false,,2,,,,,,,,,,,,,,,,,,,,,,,,,,,,,,,,false,,,,,0,,,Not enough data yet.
show:4619,,,show,Candidate,,,4619,,,,,,,false,,2,,,,,,,,,,,,,,,,,,,,,,,,,,,,,,,,false,,,,,0,,,Not enough data yet.
show:195868,,,show,Candidate,,,195868,,,,,,,false,,2,,,,,,,,,,,,,,,,,,,,,,,,,,,,,,,,false,,,,,0,,,Not enough data yet.
show:1411,,,show,Candidate,,,1411,,,,,,,false,,2,,,,,,,,,,,,,,,,,,,,,,,,,,,,,,,,false,,,,,0,,,Not enough data yet.
show:88987,,,show,Candidate,,,88987,,,,,,,false,,2,,,,,,,,,,,,,,,,,,,,,,,,,,,,,,,,false,,,,,0,,,Not enough data yet.
show:45094,,,show,Candidate,,,45094,,,,,,,false,,2,,,,,,,,,,,,,,,,,,,,,,,,,,,,,,,,false,,,,,0,,,Not enough data yet.
show:126698,,,show,Candidate,,,126698,,,,,,,false,,2,,,,,,,,,,,,,,,,,,,,,,,,,,,,,,,,false,,,,,0,,,Not enough data yet.
show:240920,,,show,Candidate,,,240920,,,,,,,false,,2,,,,,,,,,,,,,,,,,,,,,,,,,,,,,,,,false,,,,,0,,,Not enough data yet.
show:287167,,,show,Candidate,,,287167,,,,,,,false,,2,,,,,,,,,,,,,,,,,,,,,,,,,,,,,,,,false,,,,,0,,,Not enough data yet.
show:95558,,,show,Candidate,,,95558,,,,,,,false,,2,,,,,,,,,,,,,,,,,,,,,,,,,,,,,,,,false,,,,,0,,,Not enough data yet.
show:47,,,show,Candidate,,,47,,,,,,,false,,2,,,,,,,,,,,,,,,,,,,,,,,,,,,,,,,,false,,,,,0,,,Not enough data yet.
show:273801,,,show,Candidate,,,273801,,,,,,,false,,2,,,,,,,,,,,,,,,,,,,,,,,,,,,,,,,,false,,,,,0,,,Not enough data yet.
show:92602,,,show,Candidate,,,92602,,,,,,,false,,2,,,,,,,,,,,,,,,,,,,,,,,,,,,,,,,,false,,,,,0,,,Not enough data yet.
show:206674,,,show,Candidate,,,206674,,,,,,,false,,2,,,,,,,,,,,,,,,,,,,,,,,,,,,,,,,,false,,,,,0,,,Not enough data yet.
show:39358,,,show,Candidate,,,39358,,,,,,,false,,2,,,,,,,,,,,,,,,,,,,,,,,,,,,,,,,,false,,,,,0,,,Not enough data yet.
show:60708,,,show,Candidate,,,60708,,,,,,,false,,2,,,,,,,,,,,,,,,,,,,,,,,,,,,,,,,,false,,,,,0,,,Not enough data yet.
show:241279,,,show,Candidate,,,241279,,,,,,,false,,2,,,,,,,,,,,,,,,,,,,,,,,,,,,,,,,,false,,,,,0,,,Not enough data yet.
show:306142,,,show,Candidate,,,306142,,,,,,,false,,2,,,,,,,,,,,,,,,,,,,,,,,,,,,,,,,,false,,,,,0,,,Not enough data yet.
show:306235,,,show,Candidate,,,306235,,,,,,,false,,2,,,,,,,,,,,,,,,,,,,,,,,,,,,,,,,,false,,,,,0,,,Not enough data yet.
show:2207,,,show,Candidate,,,2207,,,,,,,false,,2,,,,,,,,,,,,,,,,,,,,,,,,,,,,,,,,false,,,,,0,,,Not enough data yet.
show:60783,,,show,Candidate,,,60783,,,,,,,false,,2,,,,,,,,,,,,,,,,,,,,,,,,,,,,,,,,false,,,,,0,,,Not enough data yet.
show:57815,,,show,Candidate,,,57815,,,,,,,false,,2,,,,,,,,,,,,,,,,,,,,,,,,,,,,,,,,false,,,,,0,,,Not enough data yet.
show:2942,,,show,Candidate,,,2942,,,,,,,false,,2,,,,,,,,,,,,,,,,,,,,,,,,,,,,,,,,false,,,,,0,,,Not enough data yet.
show:95329,,,show,Candidate,,,95329,,,,,,,false,,2,,,,,,,,,,,,,,,,,,,,,,,,,,,,,,,,false,,,,,0,,,Not enough data yet.
show:241272,,,show,Candidate,,,241272,,,,,,,false,,2,,,,,,,,,,,,,,,,,,,,,,,,,,,,,,,,false,,,,,0,,,Not enough data yet.
show:46930,,,show,Candidate,,,46930,,,,,,,false,,2,,,,,,,,,,,,,,,,,,,,,,,,,,,,,,,,false,,,,,0,,,Not enough data yet.
show:64836,,,show,Candidate,,,64836,,,,,,,false,,2,,,,,,,,,,,,,,,,,,,,,,,,,,,,,,,,false,,,,,0,,,Not enough data yet.
show:9045,,,show,Candidate,,,9045,,,,,,,false,,2,,,,,,,,,,,,,,,,,,,,,,,,,,,,,,,,false,,,,,0,,,Not enough data yet.
show:86382,,,show,Candidate,,,86382,,,,,,,false,,2,,,,,,,,,,,,,,,,,,,,,,,,,,,,,,,,false,,,,,0,,,Not enough data yet.
show:103768,,,show,Candidate,,,103768,,,,,,,false,,2,,,,,,,,,,,,,,,,,,,,,,,,,,,,,,,,false,,,,,0,,,Not enough data yet.
show:94305,,,show,Candidate,,,94305,,,,,,,false,,2,,,,,,,,,,,,,,,,,,,,,,,,,,,,,,,,false,,,,,0,,,Not enough data yet.
show:964,,,show,Candidate,,,964,,,,,,,false,,2,,,,,,,,,,,,,,,,,,,,,,,,,,,,,,,,false,,,,,0,,,Not enough data yet.
show:977,,,show,Candidate,,,977,,,,,,,false,,2,,,,,,,,,,,,,,,,,,,,,,,,,,,,,,,,false,,,,,0,,,Not enough data yet.
show:981,,,show,Candidate,,,981,,,,,,,false,,2,,,,,,,,,,,,,,,,,,,,,,,,,,,,,,,,false,,,,,0,,,Not enough data yet.
movie:496,,,movie,Candidate,,,496,,,,,,,false,,1,,,,,,,,,,,,,,,,,,,,,,,,,,,,,,,,false,,,,,0,,,Not enough data yet.
movie:338969,,,movie,Candidate,,,338969,,,,,,,false,,1,,,,,,,,,,,,,,,,,,,,,,,,,,,,,,,,false,,,,,0,,,Not enough data yet.
movie:11397,,,movie,Candidate,,,11397,,,,,,,false,,1,,,,,,,,,,,,,,,,,,,,,,,,,,,,,,,,false,,,,,0,,,Not enough data yet.
movie:1542,,,movie,Candidate,,,1542,,,,,,,false,,1,,,,,,,,,,,,,,,,,,,,,,,,,,,,,,,,false,,,,,0,,,Not enough data yet.
movie:263483,,,movie,Candidate,,,263483,,,,,,,false,,1,,,,,,,,,,,,,,,,,,,,,,,,,,,,,,,,false,,,,,0,,,Not enough data yet.
movie:2750,,,movie,Candidate,,,2750,,,,,,,false,,1,,,,,,,,,,,,,,,,,,,,,,,,,,,,,,,,false,,,,,0,,,Not enough data yet.
movie:1194930,,,movie,Candidate,,,1194930,,,,,,,false,,1,,,,,,,,,,,,,,,,,,,,,,,,,,,,,,,,false,,,,,0,,,Not enough data yet.
movie:263287,,,movie,Candidate,,,263287,,,,,,,false,,1,,,,,,,,,,,,,,,,,,,,,,,,,,,,,,,,false,,,,,0,,,Not enough data yet.
movie:2616,,,movie,Candidate,,,2616,,,,,,,false,,1,,,,,,,,,,,,,,,,,,,,,,,,,,,,,,,,false,,,,,0,,,Not enough data yet.
movie:2665,,,movie,Candidate,,,2665,,,,,,,false,,1,,,,,,,,,,,,,,,,,,,,,,,,,,,,,,,,false,,,,,0,,,Not enough data yet.
movie:3085,,,movie,Candidate,,,3085,,,,,,,false,,1,,,,,,,,,,,,,,,,,,,,,,,,,,,,,,,,false,,,,,0,,,Not enough data yet.
movie:3086,,,movie,Candidate,,,3086,,,,,,,false,,1,,,,,,,,,,,,,,,,,,,,,,,,,,,,,,,,false,,,,,0,,,Not enough data yet.
movie:2393,,,movie,Candidate,,,2393,,,,,,,false,,1,,,,,,,,,,,,,,,,,,,,,,,,,,,,,,,,false,,,,,0,,,Not enough data yet.
movie:625560,,,movie,Candidate,,,625560,,,,,,,false,,1,,,,,,,,,,,,,,,,,,,,,,,,,,,,,,,,false,,,,,0,,,Not enough data yet.
movie:2462,,,movie,Candidate,,,2462,,,,,,,false,,1,,,,,,,,,,,,,,,,,,,,,,,,,,,,,,,,false,,,,,0,,,Not enough data yet.
movie:17927,,,movie,Candidate,,,17927,,,,,,,false,,1,,,,,,,,,,,,,,,,,,,,,,,,,,,,,,,,false,,,,,0,,,Not enough data yet.
movie:76489,,,movie,Candidate,,,76489,,,,,,,false,,1,,,,,,,,,,,,,,,,,,,,,,,,,,,,,,,,false,,,,,0,,,Not enough data yet.
movie:11031,,,movie,Candidate,,,11031,,,,,,,false,,1,,,,,,,,,,,,,,,,,,,,,,,,,,,,,,,,false,,,,,0,,,Not enough data yet.
movie:9472,,,movie,Candidate,,,9472,,,,,,,false,,1,,,,,,,,,,,,,,,,,,,,,,,,,,,,,,,,false,,,,,0,,,Not enough data yet.
movie:1035259,,,movie,Candidate,,,1035259,,,,,,,false,,1,,,,,,,,,,,,,,,,,,,,,,,,,,,,,,,,false,,,,,0,,,Not enough data yet.
movie:21779,,,movie,Candidate,,,21779,,,,,,,false,,1,,,,,,,,,,,,,,,,,,,,,,,,,,,,,,,,false,,,,,0,,,Not enough data yet.
movie:28333,,,movie,Candidate,,,28333,,,,,,,false,,1,,,,,,,,,,,,,,,,,,,,,,,,,,,,,,,,false,,,,,0,,,Not enough data yet.
movie:12277,,,movie,Candidate,,,12277,,,,,,,false,,1,,,,,,,,,,,,,,,,,,,,,,,,,,,,,,,,false,,,,,0,,,Not enough data yet.
movie:5516,,,movie,Candidate,,,5516,,,,,,,false,,1,,,,,,,,,,,,,,,,,,,,,,,,,,,,,,,,false,,,,,0,,,Not enough data yet.
movie:34423,,,movie,Candidate,,,34423,,,,,,,false,,1,,,,,,,,,,,,,,,,,,,,,,,,,,,,,,,,false,,,,,0,,,Not enough data yet.
movie:1263256,,,movie,Candidate,,,1263256,,,,,,,false,,1,,,,,,,,,,,,,,,,,,,,,,,,,,,,,,,,false,,,,,0,,,Not enough data yet.
movie:26798,,,movie,Candidate,,,26798,,,,,,,false,,1,,,,,,,,,,,,,,,,,,,,,,,,,,,,,,,,false,,,,,0,,,Not enough data yet.
movie:449562,,,movie,Candidate,,,449562,,,,,,,false,,1,,,,,,,,,,,,,,,,,,,,,,,,,,,,,,,,false,,,,,0,,,Not enough data yet.
movie:504827,,,movie,Candidate,,,504827,,,,,,,false,,1,,,,,,,,,,,,,,,,,,,,,,,,,,,,,,,,false,,,,,0,,,Not enough data yet.
movie:384018,,,movie,Candidate,,,384018,,,,,,,false,,1,,,,,,,,,,,,,,,,,,,,,,,,,,,,,,,,false,,,,,0,,,Not enough data yet.
movie:817,,,movie,Candidate,,,817,,,,,,,false,,1,,,,,,,,,,,,,,,,,,,,,,,,,,,,,,,,false,,,,,0,,,Not enough data yet.
movie:1008820,,,movie,Candidate,,,1008820,,,,,,,false,,1,,,,,,,,,,,,,,,,,,,,,,,,,,,,,,,,false,,,,,0,,,Not enough data yet.
movie:4479,,,movie,Candidate,,,4479,,,,,,,false,,1,,,,,,,,,,,,,,,,,,,,,,,,,,,,,,,,false,,,,,0,,,Not enough data yet.
movie:4415,,,movie,Candidate,,,4415,,,,,,,false,,1,,,,,,,,,,,,,,,,,,,,,,,,,,,,,,,,false,,,,,0,,,Not enough data yet.
movie:4421,,,movie,Candidate,,,4421,,,,,,,false,,1,,,,,,,,,,,,,,,,,,,,,,,,,,,,,,,,false,,,,,0,,,Not enough data yet.
movie:4461,,,movie,Candidate,,,4461,,,,,,,false,,1,,,,,,,,,,,,,,,,,,,,,,,,,,,,,,,,false,,,,,0,,,Not enough data yet.
movie:4909,,,movie,Candidate,,,4909,,,,,,,false,,1,,,,,,,,,,,,,,,,,,,,,,,,,,,,,,,,false,,,,,0,,,Not enough data yet.
movie:4912,,,movie,Candidate,,,4912,,,,,,,false,,1,,,,,,,,,,,,,,,,,,,,,,,,,,,,,,,,false,,,,,0,,,Not enough data yet.
movie:3469,,,movie,Candidate,,,3469,,,,,,,false,,1,,,,,,,,,,,,,,,,,,,,,,,,,,,,,,,,false,,,,,0,,,Not enough data yet.
movie:264304,,,movie,Candidate,,,264304,,,,,,,false,,1,,,,,,,,,,,,,,,,,,,,,,,,,,,,,,,,false,,,,,0,,,Not enough data yet.
movie:3777,,,movie,Candidate,,,3777,,,,,,,false,,1,,,,,,,,,,,,,,,,,,,,,,,,,,,,,,,,false,,,,,0,,,Not enough data yet.
movie:3683,,,movie,Candidate,,,3683,,,,,,,false,,1,,,,,,,,,,,,,,,,,,,,,,,,,,,,,,,,false,,,,,0,,,Not enough data yet.
movie:814982,,,movie,Candidate,,,814982,,,,,,,false,,1,,,,,,,,,,,,,,,,,,,,,,,,,,,,,,,,false,,,,,0,,,Not enough data yet.
movie:13210,,,movie,Candidate,,,13210,,,,,,,false,,1,,,,,,,,,,,,,,,,,,,,,,,,,,,,,,,,false,,,,,0,,,Not enough data yet.
movie:13256,,,movie,Candidate,,,13256,,,,,,,false,,1,,,,,,,,,,,,,,,,,,,,,,,,,,,,,,,,false,,,,,0,,,Not enough data yet.
movie:16113,,,movie,Candidate,,,16113,,,,,,,false,,1,,,,,,,,,,,,,,,,,,,,,,,,,,,,,,,,false,,,,,0,,,Not enough data yet.
movie:13922,,,movie,Candidate,,,13922,,,,,,,false,,1,,,,,,,,,,,,,,,,,,,,,,,,,,,,,,,,false,,,,,0,,,Not enough data yet.
movie:1654,,,movie,Candidate,,,1654,,,,,,,false,,1,,,,,,,,,,,,,,,,,,,,,,,,,,,,,,,,false,,,,,0,,,Not enough data yet.
movie:190859,,,movie,Candidate,,,190859,,,,,,,false,,1,,,,,,,,,,,,,,,,,,,,,,,,,,,,,,,,false,,,,,0,,,Not enough data yet.
movie:715931,,,movie,Candidate,,,715931,,,,,,,false,,1,,,,,,,,,,,,,,,,,,,,,,,,,,,,,,,,false,,,,,0,,,Not enough data yet.
movie:10590,,,movie,Candidate,,,10590,,,,,,,false,,1,,,,,,,,,,,,,,,,,,,,,,,,,,,,,,,,false,,,,,0,,,Not enough data yet.
movie:882569,,,movie,Candidate,,,882569,,,,,,,false,,1,,,,,,,,,,,,,,,,,,,,,,,,,,,,,,,,false,,,,,0,,,Not enough data yet.
movie:429351,,,movie,Candidate,,,429351,,,,,,,false,,1,,,,,,,,,,,,,,,,,,,,,,,,,,,,,,,,false,,,,,0,,,Not enough data yet.
movie:340945,,,movie,Candidate,,,340945,,,,,,,false,,1,,,,,,,,,,,,,,,,,,,,,,,,,,,,,,,,false,,,,,0,,,Not enough data yet.
movie:49220,,,movie,Candidate,,,49220,,,,,,,false,,1,,,,,,,,,,,,,,,,,,,,,,,,,,,,,,,,false,,,,,0,,,Not enough data yet.
movie:1607874,,,movie,Candidate,,,1607874,,,,,,,false,,1,,,,,,,,,,,,,,,,,,,,,,,,,,,,,,,,false,,,,,0,,,Not enough data yet.
movie:49456,,,movie,Candidate,,,49456,,,,,,,false,,1,,,,,,,,,,,,,,,,,,,,,,,,,,,,,,,,false,,,,,0,,,Not enough data yet.
movie:49471,,,movie,Candidate,,,49471,,,,,,,false,,1,,,,,,,,,,,,,,,,,,,,,,,,,,,,,,,,false,,,,,0,,,Not enough data yet.
movie:49511,,,movie,Candidate,,,49511,,,,,,,false,,1,,,,,,,,,,,,,,,,,,,,,,,,,,,,,,,,false,,,,,0,,,Not enough data yet.
movie:49527,,,movie,Candidate,,,49527,,,,,,,false,,1,,,,,,,,,,,,,,,,,,,,,,,,,,,,,,,,false,,,,,0,,,Not enough data yet.
movie:49542,,,movie,Candidate,,,49542,,,,,,,false,,1,,,,,,,,,,,,,,,,,,,,,,,,,,,,,,,,false,,,,,0,,,Not enough data yet.
movie:1057103,,,movie,Candidate,,,1057103,,,,,,,false,,1,,,,,,,,,,,,,,,,,,,,,,,,,,,,,,,,false,,,,,0,,,Not enough data yet.
movie:1233208,,,movie,Candidate,,,1233208,,,,,,,false,,1,,,,,,,,,,,,,,,,,,,,,,,,,,,,,,,,false,,,,,0,,,Not enough data yet.
movie:1233218,,,movie,Candidate,,,1233218,,,,,,,false,,1,,,,,,,,,,,,,,,,,,,,,,,,,,,,,,,,false,,,,,0,,,Not enough data yet.
movie:49266,,,movie,Candidate,,,49266,,,,,,,false,,1,,,,,,,,,,,,,,,,,,,,,,,,,,,,,,,,false,,,,,0,,,Not enough data yet.
movie:299319,,,movie,Candidate,,,299319,,,,,,,false,,1,,,,,,,,,,,,,,,,,,,,,,,,,,,,,,,,false,,,,,0,,,Not enough data yet.
movie:46984,,,movie,Candidate,,,46984,,,,,,,false,,1,,,,,,,,,,,,,,,,,,,,,,,,,,,,,,,,false,,,,,0,,,Not enough data yet.
movie:47018,,,movie,Candidate,,,47018,,,,,,,false,,1,,,,,,,,,,,,,,,,,,,,,,,,,,,,,,,,false,,,,,0,,,Not enough data yet.
movie:46902,,,movie,Candidate,,,46902,,,,,,,false,,1,,,,,,,,,,,,,,,,,,,,,,,,,,,,,,,,false,,,,,0,,,Not enough data yet.
movie:625,,,movie,Candidate,,,625,,,,,,,false,,1,,,,,,,,,,,,,,,,,,,,,,,,,,,,,,,,false,,,,,0,,,Not enough data yet.
movie:293767,,,movie,Candidate,,,293767,,,,,,,false,,1,,,,,,,,,,,,,,,,,,,,,,,,,,,,,,,,false,,,,,0,,,Not enough data yet.
movie:8988,,,movie,Candidate,,,8988,,,,,,,false,,1,,,,,,,,,,,,,,,,,,,,,,,,,,,,,,,,false,,,,,0,,,Not enough data yet.
movie:6106,,,movie,Candidate,,,6106,,,,,,,false,,1,,,,,,,,,,,,,,,,,,,,,,,,,,,,,,,,false,,,,,0,,,Not enough data yet.
movie:442065,,,movie,Candidate,,,442065,,,,,,,false,,1,,,,,,,,,,,,,,,,,,,,,,,,,,,,,,,,false,,,,,0,,,Not enough data yet.
movie:12503,,,movie,Candidate,,,12503,,,,,,,false,,1,,,,,,,,,,,,,,,,,,,,,,,,,,,,,,,,false,,,,,0,,,Not enough data yet.
movie:39787,,,movie,Candidate,,,39787,,,,,,,false,,1,,,,,,,,,,,,,,,,,,,,,,,,,,,,,,,,false,,,,,0,,,Not enough data yet.
movie:792,,,movie,Candidate,,,792,,,,,,,false,,1,,,,,,,,,,,,,,,,,,,,,,,,,,,,,,,,false,,,,,0,,,Not enough data yet.
movie:28730,,,movie,Candidate,,,28730,,,,,,,false,,1,,,,,,,,,,,,,,,,,,,,,,,,,,,,,,,,false,,,,,0,,,Not enough data yet.
movie:1439930,,,movie,Candidate,,,1439930,,,,,,,false,,1,,,,,,,,,,,,,,,,,,,,,,,,,,,,,,,,false,,,,,0,,,Not enough data yet.
movie:11358,,,movie,Candidate,,,11358,,,,,,,false,,1,,,,,,,,,,,,,,,,,,,,,,,,,,,,,,,,false,,,,,0,,,Not enough data yet.
movie:46217,,,movie,Candidate,,,46217,,,,,,,false,,1,,,,,,,,,,,,,,,,,,,,,,,,,,,,,,,,false,,,,,0,,,Not enough data yet.
movie:14905,,,movie,Candidate,,,14905,,,,,,,false,,1,,,,,,,,,,,,,,,,,,,,,,,,,,,,,,,,false,,,,,0,,,Not enough data yet.
movie:832964,,,movie,Candidate,,,832964,,,,,,,false,,1,,,,,,,,,,,,,,,,,,,,,,,,,,,,,,,,false,,,,,0,,,Not enough data yet.
movie:69183,,,movie,Candidate,,,69183,,,,,,,false,,1,,,,,,,,,,,,,,,,,,,,,,,,,,,,,,,,false,,,,,0,,,Not enough data yet.
movie:510498,,,movie,Candidate,,,510498,,,,,,,false,,1,,,,,,,,,,,,,,,,,,,,,,,,,,,,,,,,false,,,,,0,,,Not enough data yet.
movie:1084607,,,movie,Candidate,,,1084607,,,,,,,false,,1,,,,,,,,,,,,,,,,,,,,,,,,,,,,,,,,false,,,,,0,,,Not enough data yet.
movie:73565,,,movie,Candidate,,,73565,,,,,,,false,,1,,,,,,,,,,,,,,,,,,,,,,,,,,,,,,,,false,,,,,0,,,Not enough data yet.
movie:73967,,,movie,Candidate,,,73967,,,,,,,false,,1,,,,,,,,,,,,,,,,,,,,,,,,,,,,,,,,false,,,,,0,,,Not enough data yet.
movie:325321,,,movie,Candidate,,,325321,,,,,,,false,,1,,,,,,,,,,,,,,,,,,,,,,,,,,,,,,,,false,,,,,0,,,Not enough data yet.
movie:1461491,,,movie,Candidate,,,1461491,,,,,,,false,,1,,,,,,,,,,,,,,,,,,,,,,,,,,,,,,,,false,,,,,0,,,Not enough data yet.
movie:883189,,,movie,Candidate,,,883189,,,,,,,false,,1,,,,,,,,,,,,,,,,,,,,,,,,,,,,,,,,false,,,,,0,,,Not enough data yet.
movie:81471,,,movie,Candidate,,,81471,,,,,,,false,,1,,,,,,,,,,,,,,,,,,,,,,,,,,,,,,,,false,,,,,0,,,Not enough data yet.
movie:699115,,,movie,Candidate,,,699115,,,,,,,false,,1,,,,,,,,,,,,,,,,,,,,,,,,,,,,,,,,false,,,,,0,,,Not enough data yet.
movie:82257,,,movie,Candidate,,,82257,,,,,,,false,,1,,,,,,,,,,,,,,,,,,,,,,,,,,,,,,,,false,,,,,0,,,Not enough data yet.
movie:1260031,,,movie,Candidate,,,1260031,,,,,,,false,,1,,,,,,,,,,,,,,,,,,,,,,,,,,,,,,,,false,,,,,0,,,Not enough data yet.
movie:81867,,,movie,Candidate,,,81867,,,,,,,false,,1,,,,,,,,,,,,,,,,,,,,,,,,,,,,,,,,false,,,,,0,,,Not enough data yet.
movie:82878,,,movie,Candidate,,,82878,,,,,,,false,,1,,,,,,,,,,,,,,,,,,,,,,,,,,,,,,,,false,,,,,0,,,Not enough data yet.
movie:1094605,,,movie,Candidate,,,1094605,,,,,,,false,,1,,,,,,,,,,,,,,,,,,,,,,,,,,,,,,,,false,,,,,0,,,Not enough data yet.
movie:82684,,,movie,Candidate,,,82684,,,,,,,false,,1,,,,,,,,,,,,,,,,,,,,,,,,,,,,,,,,false,,,,,0,,,Not enough data yet.
movie:82693,,,movie,Candidate,,,82693,,,,,,,false,,1,,,,,,,,,,,,,,,,,,,,,,,,,,,,,,,,false,,,,,0,,,Not enough data yet.
movie:82295,,,movie,Candidate,,,82295,,,,,,,false,,1,,,,,,,,,,,,,,,,,,,,,,,,,,,,,,,,false,,,,,0,,,Not enough data yet.
movie:1093883,,,movie,Candidate,,,1093883,,,,,,,false,,1,,,,,,,,,,,,,,,,,,,,,,,,,,,,,,,,false,,,,,0,,,Not enough data yet.
movie:82416,,,movie,Candidate,,,82416,,,,,,,false,,1,,,,,,,,,,,,,,,,,,,,,,,,,,,,,,,,false,,,,,0,,,Not enough data yet.
movie:59440,,,movie,Candidate,,,59440,,,,,,,false,,1,,,,,,,,,,,,,,,,,,,,,,,,,,,,,,,,false,,,,,0,,,Not enough data yet.
movie:391757,,,movie,Candidate,,,391757,,,,,,,false,,1,,,,,,,,,,,,,,,,,,,,,,,,,,,,,,,,false,,,,,0,,,Not enough data yet.
movie:8456,,,movie,Candidate,,,8456,,,,,,,false,,1,,,,,,,,,,,,,,,,,,,,,,,,,,,,,,,,false,,,,,0,,,Not enough data yet.
movie:9563,,,movie,Candidate,,,9563,,,,,,,false,,1,,,,,,,,,,,,,,,,,,,,,,,,,,,,,,,,false,,,,,0,,,Not enough data yet.
movie:70006,,,movie,Candidate,,,70006,,,,,,,false,,1,,,,,,,,,,,,,,,,,,,,,,,,,,,,,,,,false,,,,,0,,,Not enough data yet.
movie:13823,,,movie,Candidate,,,13823,,,,,,,false,,1,,,,,,,,,,,,,,,,,,,,,,,,,,,,,,,,false,,,,,0,,,Not enough data yet.
movie:373546,,,movie,Candidate,,,373546,,,,,,,false,,1,,,,,,,,,,,,,,,,,,,,,,,,,,,,,,,,false,,,,,0,,,Not enough data yet.
movie:33762,,,movie,Candidate,,,33762,,,,,,,false,,1,,,,,,,,,,,,,,,,,,,,,,,,,,,,,,,,false,,,,,0,,,Not enough data yet.
movie:299213,,,movie,Candidate,,,299213,,,,,,,false,,1,,,,,,,,,,,,,,,,,,,,,,,,,,,,,,,,false,,,,,0,,,Not enough data yet.
movie:1607888,,,movie,Candidate,,,1607888,,,,,,,false,,1,,,,,,,,,,,,,,,,,,,,,,,,,,,,,,,,false,,,,,0,,,Not enough data yet.
movie:49503,,,movie,Candidate,,,49503,,,,,,,false,,1,,,,,,,,,,,,,,,,,,,,,,,,,,,,,,,,false,,,,,0,,,Not enough data yet.
movie:853867,,,movie,Candidate,,,853867,,,,,,,false,,1,,,,,,,,,,,,,,,,,,,,,,,,,,,,,,,,false,,,,,0,,,Not enough data yet.
movie:667585,,,movie,Candidate,,,667585,,,,,,,false,,1,,,,,,,,,,,,,,,,,,,,,,,,,,,,,,,,false,,,,,0,,,Not enough data yet.
movie:1057265,,,movie,Candidate,,,1057265,,,,,,,false,,1,,,,,,,,,,,,,,,,,,,,,,,,,,,,,,,,false,,,,,0,,,Not enough data yet.
movie:1429813,,,movie,Candidate,,,1429813,,,,,,,false,,1,,,,,,,,,,,,,,,,,,,,,,,,,,,,,,,,false,,,,,0,,,Not enough data yet.
movie:486917,,,movie,Candidate,,,486917,,,,,,,false,,1,,,,,,,,,,,,,,,,,,,,,,,,,,,,,,,,false,,,,,0,,,Not enough data yet.
movie:46958,,,movie,Candidate,,,46958,,,,,,,false,,1,,,,,,,,,,,,,,,,,,,,,,,,,,,,,,,,false,,,,,0,,,Not enough data yet.
movie:47178,,,movie,Candidate,,,47178,,,,,,,false,,1,,,,,,,,,,,,,,,,,,,,,,,,,,,,,,,,false,,,,,0,,,Not enough data yet.
movie:47115,,,movie,Candidate,,,47115,,,,,,,false,,1,,,,,,,,,,,,,,,,,,,,,,,,,,,,,,,,false,,,,,0,,,Not enough data yet.
movie:1374,,,movie,Candidate,,,1374,,,,,,,false,,1,,,,,,,,,,,,,,,,,,,,,,,,,,,,,,,,false,,,,,0,,,Not enough data yet.
movie:677179,,,movie,Candidate,,,677179,,,,,,,false,,1,,,,,,,,,,,,,,,,,,,,,,,,,,,,,,,,false,,,,,0,,,Not enough data yet.
movie:13074,,,movie,Candidate,,,13074,,,,,,,false,,1,,,,,,,,,,,,,,,,,,,,,,,,,,,,,,,,false,,,,,0,,,Not enough data yet.
movie:10400,,,movie,Candidate,,,10400,,,,,,,false,,1,,,,,,,,,,,,,,,,,,,,,,,,,,,,,,,,false,,,,,0,,,Not enough data yet.
movie:39254,,,movie,Candidate,,,39254,,,,,,,false,,1,,,,,,,,,,,,,,,,,,,,,,,,,,,,,,,,false,,,,,0,,,Not enough data yet.
movie:9815,,,movie,Candidate,,,9815,,,,,,,false,,1,,,,,,,,,,,,,,,,,,,,,,,,,,,,,,,,false,,,,,0,,,Not enough data yet.
movie:1246,,,movie,Candidate,,,1246,,,,,,,false,,1,,,,,,,,,,,,,,,,,,,,,,,,,,,,,,,,false,,,,,0,,,Not enough data yet.
movie:58975,,,movie,Candidate,,,58975,,,,,,,false,,1,,,,,,,,,,,,,,,,,,,,,,,,,,,,,,,,false,,,,,0,,,Not enough data yet.
movie:506680,,,movie,Candidate,,,506680,,,,,,,false,,1,,,,,,,,,,,,,,,,,,,,,,,,,,,,,,,,false,,,,,0,,,Not enough data yet.
movie:18684,,,movie,Candidate,,,18684,,,,,,,false,,1,,,,,,,,,,,,,,,,,,,,,,,,,,,,,,,,false,,,,,0,,,Not enough data yet.
movie:1380682,,,movie,Candidate,,,1380682,,,,,,,false,,1,,,,,,,,,,,,,,,,,,,,,,,,,,,,,,,,false,,,,,0,,,Not enough data yet.
movie:31623,,,movie,Candidate,,,31623,,,,,,,false,,1,,,,,,,,,,,,,,,,,,,,,,,,,,,,,,,,false,,,,,0,,,Not enough data yet.
movie:257747,,,movie,Candidate,,,257747,,,,,,,false,,1,,,,,,,,,,,,,,,,,,,,,,,,,,,,,,,,false,,,,,0,,,Not enough data yet.
movie:16993,,,movie,Candidate,,,16993,,,,,,,false,,1,,,,,,,,,,,,,,,,,,,,,,,,,,,,,,,,false,,,,,0,,,Not enough data yet.
movie:1380,,,movie,Candidate,,,1380,,,,,,,false,,1,,,,,,,,,,,,,,,,,,,,,,,,,,,,,,,,false,,,,,0,,,Not enough data yet.
movie:510467,,,movie,Candidate,,,510467,,,,,,,false,,1,,,,,,,,,,,,,,,,,,,,,,,,,,,,,,,,false,,,,,0,,,Not enough data yet.
movie:1084728,,,movie,Candidate,,,1084728,,,,,,,false,,1,,,,,,,,,,,,,,,,,,,,,,,,,,,,,,,,false,,,,,0,,,Not enough data yet.
movie:1084117,,,movie,Candidate,,,1084117,,,,,,,false,,1,,,,,,,,,,,,,,,,,,,,,,,,,,,,,,,,false,,,,,0,,,Not enough data yet.
movie:318954,,,movie,Candidate,,,318954,,,,,,,false,,1,,,,,,,,,,,,,,,,,,,,,,,,,,,,,,,,false,,,,,0,,,Not enough data yet.
movie:325336,,,movie,Candidate,,,325336,,,,,,,false,,1,,,,,,,,,,,,,,,,,,,,,,,,,,,,,,,,false,,,,,0,,,Not enough data yet.
movie:81861,,,movie,Candidate,,,81861,,,,,,,false,,1,,,,,,,,,,,,,,,,,,,,,,,,,,,,,,,,false,,,,,0,,,Not enough data yet.
movie:325220,,,movie,Candidate,,,325220,,,,,,,false,,1,,,,,,,,,,,,,,,,,,,,,,,,,,,,,,,,false,,,,,0,,,Not enough data yet.
movie:81796,,,movie,Candidate,,,81796,,,,,,,false,,1,,,,,,,,,,,,,,,,,,,,,,,,,,,,,,,,false,,,,,0,,,Not enough data yet.
movie:1094556,,,movie,Candidate,,,1094556,,,,,,,false,,1,,,,,,,,,,,,,,,,,,,,,,,,,,,,,,,,false,,,,,0,,,Not enough data yet.
movie:82650,,,movie,Candidate,,,82650,,,,,,,false,,1,,,,,,,,,,,,,,,,,,,,,,,,,,,,,,,,false,,,,,0,,,Not enough data yet.
movie:82703,,,movie,Candidate,,,82703,,,,,,,false,,1,,,,,,,,,,,,,,,,,,,,,,,,,,,,,,,,false,,,,,0,,,Not enough data yet.
movie:82690,,,movie,Candidate,,,82690,,,,,,,false,,1,,,,,,,,,,,,,,,,,,,,,,,,,,,,,,,,false,,,,,0,,,Not enough data yet.
movie:703771,,,movie,Candidate,,,703771,,,,,,,false,,1,,,,,,,,,,,,,,,,,,,,,,,,,,,,,,,,false,,,,,0,,,Not enough data yet.
